administration,271807093,1,ᚪᛞᛗᛁᚾᛁᛋᛏᚱᚪᛏᛡᚾ,763
circumstances,180461021,1,ᚳᛁᚱᚳᚢᛗᛋᛏᚪᚾᚳᛖᛋ,513
environmental,156700456,1,ᛖᚾᚢᛁᚱᚩᚾᛗᛖᚾᛏᚪᛚ,573
transportation,149006413,1,ᛏᚱᚪᚾᛋᛈᚩᚱᛏᚪᛏᛡᚾ,661
approximately,139644765,1,ᚪᛈᛈᚱᚩᛉᛁᛗᚪᛏᛖᛚᚣ,749
establishment,107587289,1,ᛖᛋᛏᚪᛒᛚᛁᛋᚻᛗᛖᚾᛏ,743
interpretation,96866886,1,ᛁᚾᛏᛖᚱᛈᚱᛖᛏᚪᛏᛡᚾ,669
communications,89435229,1,ᚳᚩᛗᛗᚢᚾᛁᚳᚪᛏᛡᚾᛋ,583
opportunities,86166649,1,ᚩᛈᛈᚩᚱᛏᚢᚾᛁᛏᛁᛖᛋ,443
classification,84941918,1,ᚳᛚᚪᛋᛋᛁᚠᛁᚳᚪᛏᛡᚾ,658
representation,81538599,1,ᚱᛖᛈᚱᛖᛋᛖᚾᛏᚪᛏᛡᚾ,699
constitutional,75148054,1,ᚳᚩᚾᛋᛏᛁᛏᚢᛏᛡᚾᚪᛚ,619
identification,70339608,1,ᛁᛞᛖᚾᛏᛁᚠᛁᚳᚪᛏᛡᚾ,644
significantly,70153547,1,ᛋᛁᚷᚾᛁᚠᛁᚳᚪᚾᛏᛚᚣ,568
implementation,69951187,1,ᛁᛗᛈᛚᛖᛗᛖᚾᛏᚪᛏᛡᚾ,803
manufacturers,69580239,1,ᛗᚪᚾᚢᚠᚪᚳᛏᚢᚱᛖᚱᛋ,516
comprehensive,69406352,1,ᚳᚩᛗᛈᚱᛖᚻᛖᚾᛋᛁᚢᛖ,485
massachusetts,68279476,1,ᛗᚪᛋᛋᚪᚳᚻᚢᛋᛖᛏᛏᛋ,701
psychological,59278349,1,ᛈᛋᚣᚳᚻᚩᛚᚩᚷᛁᚳᚪᛚ,553
investigations,59170917,1,ᛁᚾᚢᛖᛋᛏᛁᚷᚪᛏᛡᚾᛋ,635
considerations,58579079,1,ᚳᚩᚾᛋᛁᛞᛖᚱᚪᛏᛡᚾᛋ,645
administrator,57234528,1,ᚪᛞᛗᛁᚾᛁᛋᛏᚱᚪᛏᚩᚱ,645
discrimination,53838802,1,ᛞᛁᛋᚳᚱᛁᛗᛁᚾᚪᛏᛡᚾ,651
unfortunately,50741242,1,ᚢᚾᚠᚩᚱᛏᚢᚾᚪᛏᛖᛚᚣ,542
concentrations,49474859,1,ᚳᚩᚾᚳᛖᚾᛏᚱᚪᛏᛡᚾᛋ,573
extraordinary,49162229,1,ᛖᛉᛏᚱᚪᚩᚱᛞᛁᚾᚪᚱᚣ,659
effectiveness,48976724,1,ᛖᚠᚠᛖᚳᛏᛁᚢᛖᚾᛖᛋᛋ,513
characterized,48087887,1,ᚳᚻᚪᚱᚪᚳᛏᛖᚱᛁᛋᛖᛞ,631
transformation,47702068,1,ᛏᚱᚪᚾᛋᚠᚩᚱᛗᚪᛏᛡᚾ,632
recommendation,46834027,1,ᚱᛖᚳᚩᛗᛗᛖᚾᛞᚪᛏᛡᚾ,717
possibilities,43909066,1,ᛈᚩᛋᛋᛁᛒᛁᛚᛁᛏᛁᛖᛋ,593
specifications,42077027,1,ᛋᛈᛖᚳᛁᚠᛁᚳᚪᛏᛡᚾᛋ,598
simultaneously,38973523,1,ᛋᛁᛗᚢᛚᛏᚪᚾᛇᚢᛋᛚᚣ,689
organizational,38904987,1,ᚩᚱᚷᚪᚾᛁᛋᚪᛏᛡᚾᚪᛚ,707
rehabilitation,38115910,1,ᚱᛖᚻᚪᛒᛁᛚᛁᛏᚪᛏᛡᚾ,745
technological,37264944,1,ᛏᛖᚳᚻᚾᚩᛚᚩᚷᛁᚳᚪᛚ,509
philosophical,35714082,1,ᛈᚻᛁᛚᚩᛋᚩᛈᚻᛁᚳᚪᛚ,517
comparatively,35225539,1,ᚳᚩᛗᛈᚪᚱᚪᛏᛁᚢᛖᛚᚣ,675
automatically,33911156,1,ᚪᚢᛏᚩᛗᚪᛏᛁᚳᚪᛚᛚᚣ,783
reconstruction,32032904,1,ᚱᛖᚳᚩᚾᛋᛏᚱᚢᚳᛏᛡᚾ,461
qualifications,31434218,1,ᚳᚹᚪᛚᛁᚠᛁᚳᚪᛏᛡᚾᛋ,624
entertainment,29013547,1,ᛖᚾᛏᛖᚱᛏᚪᛁᚾᛗᛖᚾᛏ,675
developmental,28103719,1,ᛞᛖᚢᛖᛚᚩᛈᛗᛖᚾᛏᚪᛚ,745
independently,26420194,1,ᛁᚾᛞᛖᛈᛖᚾᛞᛖᚾᛏᛚᚣ,775
architectural,24912260,1,ᚪᚱᚳᚻᛁᛏᛖᚳᛏᚢᚱᚪᛚ,557
supplementary,24112818,1,ᛋᚢᛈᛈᛚᛖᛗᛖᚾᛏᚪᚱᚣ,719
encouragement,22829468,1,ᛖᚾᚳᚩᚢᚱᚪᚷᛖᛗᛖᚾᛏ,537
differentiation,22041529,1,ᛞᛁᚠᚠᛖᚱᛖᚾᛏᛡᛏᛡᚾ,659
sophisticated,20894105,1,ᛋᚩᛈᚻᛁᛋᛏᛁᚳᚪᛏᛖᛞ,625
ecclesiastical,19096362,1,ᛖᚳᚳᛚᛖᛋᛡᛋᛏᛁᚳᚪᛚ,719
investigators,18469110,1,ᛁᚾᚢᛖᛋᛏᛁᚷᚪᛏᚩᚱᛋ,517
neighbourhood,18325148,1,ᚾᛖᛁᚷᚻᛒᚩᚢᚱᚻᚩᚩᛞ,375
determinations,17518995,1,ᛞᛖᛏᛖᚱᛗᛁᚾᚪᛏᛡᚾᛋ,769
advertisement,17510960,1,ᚪᛞᚢᛖᚱᛏᛁᛋᛖᛗᛖᚾᛏ,703
perpendicular,16442661,1,ᛈᛖᚱᛈᛖᚾᛞᛁᚳᚢᛚᚪᚱ,577
indispensable,16440102,1,ᛁᚾᛞᛁᛋᛈᛖᚾᛋᚪᛒᛚᛖ,723
archaeological,16321670,1,ᚪᚱᚳᚻᚫᚩᛚᚩᚷᛁᚳᚪᛚ,563
correspondent,16084325,1,ᚳᚩᚱᚱᛖᛋᛈᚩᚾᛞᛖᚾᛏ,485
reimbursement,15698753,1,ᚱᛖᛁᛗᛒᚢᚱᛋᛖᛗᛖᚾᛏ,601
predominantly,15388959,1,ᛈᚱᛖᛞᚩᛗᛁᚾᚪᚾᛏᛚᚣ,709
undergraduate,14576093,1,ᚢᚾᛞᛖᚱᚷᚱᚪᛞᚢᚪᛏᛖ,639
manifestations,14448291,1,ᛗᚪᚾᛁᚠᛖᛋᛏᚪᛏᛡᚾᛋ,754
demonstrations,14031935,1,ᛞᛖᛗᚩᚾᛋᛏᚱᚪᛏᛡᚾᛋ,731
reinforcement,13744597,1,ᚱᛖᛁᚾᚠᚩᚱᚳᛖᛗᛖᚾᛏ,464
disadvantages,13739220,1,ᛞᛁᛋᚪᛞᚢᚪᚾᛏᚪᚷᛖᛋ,781
complementary,12967864,1,ᚳᚩᛗᛈᛚᛖᛗᛖᚾᛏᚪᚱᚣ,711
disbursements,12776691,1,ᛞᛁᛋᛒᚢᚱᛋᛖᛗᛖᚾᛏᛋ,647
applicability,12774997,1,ᚪᛈᛈᛚᛁᚳᚪᛒᛁᛚᛁᛏᚣ,755
insignificant,12426471,1,ᛁᚾᛋᛁᚷᚾᛁᚠᛁᚳᚪᚾᛏ,452
uncomfortable,12201006,1,ᚢᚾᚳᚩᛗᚠᚩᚱᛏᚪᛒᛚᛖ,500
statistically,12148217,1,ᛋᛏᚪᛏᛁᛋᛏᛁᚳᚪᛚᛚᚣ,801
alternatively,12110054,1,ᚪᛚᛏᛖᚱᚾᚪᛏᛁᚢᛖᛚᚣ,769
differentiated,11860559,1,ᛞᛁᚠᚠᛖᚱᛖᚾᛏᛡᛏᛖᛞ,679
fundamentally,11827985,1,ᚠᚢᚾᛞᚪᛗᛖᚾᛏᚪᛚᛚᚣ,792
contradictory,11628946,1,ᚳᚩᚾᛏᚱᚪᛞᛁᚳᛏᚩᚱᚣ,529
meteorological,11628898,1,ᛗᛖᛏᛇᚱᚩᛚᚩᚷᛁᚳᚪᛚ,567
enlightenment,11291597,1,ᛖᚾᛚᛁᚷᚻᛏᛖᚾᛗᛖᚾᛏ,621
probabilities,11259074,1,ᛈᚱᚩᛒᚪᛒᛁᛚᛁᛏᛁᛖᛋ,625
cardiovascular,11213380,1,ᚳᚪᚱᛞᛡᚢᚪᛋᚳᚢᛚᚪᚱ,667
configurations,11053246,1,ᚳᚩᚾᚠᛁᚷᚢᚱᚪᛏᛡᚾᛋ,458
interpersonal,10883989,1,ᛁᚾᛏᛖᚱᛈᛖᚱᛋᚩᚾᚪᛚ,577
semiconductor,10865989,1,ᛋᛖᛗᛁᚳᚩᚾᛞᚢᚳᛏᚩᚱ,453
collaborative,10662087,1,ᚳᚩᛚᛚᚪᛒᚩᚱᚪᛏᛁᚢᛖ,599
abnormalities,10560224,1,ᚪᛒᚾᚩᚱᛗᚪᛚᛁᛏᛁᛖᛋ,687
unprecedented,10557489,1,ᚢᚾᛈᚱᛖᚳᛖᛞᛖᚾᛏᛖᛞ,633
multiplication,10478401,1,ᛗᚢᛚᛏᛁᛈᛚᛁᚳᚪᛏᛡᚾ,689
czechoslovakia,10441287,1,ᚳᛋᛖᚳᚻᚩᛋᛚᚩᚢᚪᚳᛡ,529
progressively,10150705,1,ᛈᚱᚩᚷᚱᛖᛋᛋᛁᚢᛖᛚᚣ,539
inconvenience,9945310,1,ᛁᚾᚳᚩᚾᚢᛖᚾᛁᛖᚾᚳᛖ,415
accommodations,9769246,1,ᚪᚳᚳᚩᛗᛗᚩᛞᚪᛏᛡᚾᛋ,713
psychologists,9714136,1,ᛈᛋᚣᚳᚻᚩᛚᚩᚷᛁᛋᛏᛋ,535
morphological,9655540,1,ᛗᚩᚱᛈᚻᚩᛚᚩᚷᛁᚳᚪᛚ,473
vulnerability,9174608,1,ᚢᚢᛚᚾᛖᚱᚪᛒᛁᛚᛁᛏᚣ,641
intellectuals,9083338,1,ᛁᚾᛏᛖᛚᛚᛖᚳᛏᚢᚪᛚᛋ,697
personalities,9030859,1,ᛈᛖᚱᛋᚩᚾᚪᛚᛁᛏᛁᛖᛋ,621
embarrassment,8992451,1,ᛖᛗᛒᚪᚱᚱᚪᛋᛋᛗᛖᚾᛏ,747
chronological,8894195,1,ᚳᚻᚱᚩᚾᚩᛚᚩᚷᛁᚳᚪᛚ,401
uncertainties,8730477,1,ᚢᚾᚳᛖᚱᛏᚪᛁᚾᛏᛁᛖᛋ,549
methodological,8712266,1,ᛗᛖᚦᚩᛞᚩᛚᚩᚷᛁᚳᚪᛚ,557
disadvantaged,8636696,1,ᛞᛁᛋᚪᛞᚢᚪᚾᛏᚪᚷᛖᛞ,817
impossibility,8466404,1,ᛁᛗᛈᚩᛋᛋᛁᛒᛁᛚᛁᛏᚣ,647
circumference,8462347,1,ᚳᛁᚱᚳᚢᛗᚠᛖᚱᛖᚾᚳᛖ,398
generalization,8422193,1,ᚷᛖᚾᛖᚱᚪᛚᛁᛋᚪᛏᛡᚾ,737
contradictions,8418767,1,ᚳᚩᚾᛏᚱᚪᛞᛁᚳᛏᛡᚾᛋ,597
predetermined,8394389,1,ᛈᚱᛖᛞᛖᛏᛖᚱᛗᛁᚾᛖᛞ,701
entrepreneurs,8371283,1,ᛖᚾᛏᚱᛖᛈᚱᛖᚾᛖᚢᚱᛋ,517
neighborhoods,8367403,1,ᚾᛖᛁᚷᚻᛒᚩᚱᚻᚩᚩᛞᛋ,425
jurisprudence,8218632,1,ᛂᚢᚱᛁᛋᛈᚱᚢᛞᛖᚾᚳᛖ,457
individuality,8188191,1,ᛁᚾᛞᛁᚢᛁᛞᚢᚪᛚᛁᛏᚣ,669
horticultural,8133744,1,ᚻᚩᚱᛏᛁᚳᚢᛚᛏᚢᚱᚪᛚ,463
conservatives,7968368,1,ᚳᚩᚾᛋᛖᚱᚢᚪᛏᛁᚢᛖᛋ,493
unquestionably,7788504,1,ᚢᚾᚳᚹᛖᛋᛏᛡᚾᚪᛒᛚᚣ,713
profitability,7537647,1,ᛈᚱᚩᚠᛁᛏᚪᛒᛁᛚᛁᛏᚣ,608
accessibility,7507730,1,ᚪᚳᚳᛖᛋᛋᛁᛒᛁᛚᛁᛏᚣ,685
questionnaires,7471206,1,ᚳᚹᛖᛋᛏᛡᚾᚾᚪᛁᚱᛖᛋ,635
characterised,7350870,1,ᚳᚻᚪᚱᚪᚳᛏᛖᚱᛁᛋᛖᛞ,631
compatibility,7335794,1,ᚳᚩᛗᛈᚪᛏᛁᛒᛁᛚᛁᛏᚣ,679
metallurgical,7250282,1,ᛗᛖᛏᚪᛚᛚᚢᚱᚷᛁᚳᚪᛚ,685
controversies,7205886,1,ᚳᚩᚾᛏᚱᚩᚢᛖᚱᛋᛁᛖᛋ,411
intracellular,6994435,1,ᛁᚾᛏᚱᚪᚳᛖᛚᛚᚢᛚᚪᚱ,637
impracticable,6908805,1,ᛁᛗᛈᚱᚪᚳᛏᛁᚳᚪᛒᛚᛖ,667
retrospective,6897399,1,ᚱᛖᛏᚱᚩᛋᛈᛖᚳᛏᛁᚢᛖ,491
postoperative,6744627,1,ᛈᚩᛋᛏᚩᛈᛖᚱᚪᛏᛁᚢᛖ,547
grandchildren,6653770,1,ᚷᚱᚪᚾᛞᚳᚻᛁᛚᛞᚱᛖᚾ,579
jurisdictional,6639998,1,ᛂᚢᚱᛁᛋᛞᛁᚳᛏᛡᚾᚪᛚ,633
redistribution,6639182,1,ᚱᛖᛞᛁᛋᛏᚱᛁᛒᚢᛏᛡᚾ,611
investigative,6625073,1,ᛁᚾᚢᛖᛋᛏᛁᚷᚪᛏᛁᚢᛖ,547
announcements,6598684,1,ᚪᚾᚾᚩᚢᚾᚳᛖᛗᛖᚾᛏᛋ,553
disintegration,6546098,1,ᛞᛁᛋᛁᚾᛏᛖᚷᚱᚪᛏᛡᚾ,679
reconstructed,6513707,1,ᚱᛖᚳᚩᚾᛋᛏᚱᚢᚳᛏᛖᛞ,481
naturalization,6502854,1,ᚾᚪᛏᚢᚱᚪᛚᛁᛋᚪᛏᛡᚾ,745
insufficiency,6496405,1,ᛁᚾᛋᚢᚠᚠᛁᚳᛁᛖᚾᚳᚣ,407
correspondingly,6474553,1,ᚳᚩᚱᚱᛖᛋᛈᚩᚾᛞᛝᛚᚣ,585
reinstatement,6271149,1,ᚱᛖᛁᚾᛋᛏᚪᛏᛖᛗᛖᚾᛏ,699
carbohydrates,6267971,1,ᚳᚪᚱᛒᚩᚻᚣᛞᚱᚪᛏᛖᛋ,691
quartermaster,6252489,1,ᚳᚹᚪᚱᛏᛖᚱᛗᚪᛋᛏᛖᚱ,635
electrostatic,6198907,1,ᛖᛚᛖᚳᛏᚱᚩᛋᛏᚪᛏᛁᚳ,609
discrepancies,6192989,1,ᛞᛁᛋᚳᚱᛖᛈᚪᚾᚳᛁᛖᛋ,597
preponderance,6155238,1,ᛈᚱᛖᛈᚩᚾᛞᛖᚱᚪᚾᚳᛖ,573
industrialized,6142895,1,ᛁᚾᛞᚢᛋᛏᚱᛡᛚᛁᛋᛖᛞ,695
polymerization,6114812,1,ᛈᚩᛚᚣᛗᛖᚱᛁᛋᚪᛏᛡᚾ,751
stratification,6088978,1,ᛋᛏᚱᚪᛏᛁᚠᛁᚳᚪᛏᛡᚾ,648
inconsistency,5993413,1,ᛁᚾᚳᚩᚾᛋᛁᛋᛏᛖᚾᚳᚣ,517
individualism,5946936,1,ᛁᚾᛞᛁᚢᛁᛞᚢᚪᛚᛁᛋᛗ,631
reasonableness,5926226,1,ᚱᛠᛋᚩᚾᚪᛒᛚᛖᚾᛖᛋᛋ,709
misunderstood,5924436,1,ᛗᛁᛋᚢᚾᛞᛖᚱᛋᛏᚩᚩᛞ,569
northumberland,5923897,1,ᚾᚩᚱᚦᚢᛗᛒᛖᚱᛚᚪᚾᛞ,553
liberalization,5850944,1,ᛚᛁᛒᛖᚱᚪᛚᛁᛋᚪᛏᛡᚾ,789
simplification,5834697,1,ᛋᛁᛗᛈᛚᛁᚠᛁᚳᚪᛏᛡᚾ,640
characterizes,5802701,1,ᚳᚻᚪᚱᚪᚳᛏᛖᚱᛁᛋᛖᛋ,595
unpredictable,5653962,1,ᚢᚾᛈᚱᛖᛞᛁᚳᛏᚪᛒᛚᛖ,643
capitalization,5648828,1,ᚳᚪᛈᛁᛏᚪᛚᛁᛋᚪᛏᛡᚾ,789
bibliographies,5590845,1,ᛒᛁᛒᛚᛡᚷᚱᚪᛈᚻᛁᛖᛋ,675
aforementioned,5589494,1,ᚪᚠᚩᚱᛖᛗᛖᚾᛏᛡᚾᛖᛞ,702
extracellular,5569562,1,ᛖᛉᛏᚱᚪᚳᛖᛚᛚᚢᛚᚪᚱ,691
congratulations,5539584,1,ᚳᚩᛝᚱᚪᛏᚢᛚᚪᛏᛡᚾᛋ,687
distinguishable,5526570,1,ᛞᛁᛋᛏᛝᚢᛁᛋᚻᚪᛒᛚᛖ,719
stratigraphic,5525522,1,ᛋᛏᚱᚪᛏᛁᚷᚱᚪᛈᚻᛁᚳ,545
heterogeneity,5495085,1,ᚻᛖᛏᛖᚱᚩᚷᛖᚾᛖᛁᛏᚣ,607
unnecessarily,5470729,1,ᚢᚾᚾᛖᚳᛖᛋᛋᚪᚱᛁᛚᚣ,629
redevelopment,5388101,1,ᚱᛖᛞᛖᚢᛖᛚᚩᛈᛗᛖᚾᛏ,653
fortifications,5326694,1,ᚠᚩᚱᛏᛁᚠᛁᚳᚪᛏᛡᚾᛋ,501
communicative,5230964,1,ᚳᚩᛗᛗᚢᚾᛁᚳᚪᛏᛁᚢᛖ,495
geographically,5209567,1,ᚷᛇᚷᚱᚪᛈᚻᛁᚳᚪᛚᛚᚣ,639
displacements,5200119,1,ᛞᛁᛋᛈᛚᚪᚳᛖᛗᛖᚾᛏᛋ,745
instinctively,5186960,1,ᛁᚾᛋᛏᛁᚾᚳᛏᛁᚢᛖᛚᚣ,581
disinterested,5184816,1,ᛞᛁᛋᛁᚾᛏᛖᚱᛖᛋᛏᛖᛞ,705
inexperienced,5166330,1,ᛁᚾᛖᛉᛈᛖᚱᛁᛖᚾᚳᛖᛞ,591
accompaniment,5148810,1,ᚪᚳᚳᚩᛗᛈᚪᚾᛁᛗᛖᚾᛏ,627
homosexuality,5135901,1,ᚻᚩᛗᚩᛋᛖᛉᚢᚪᛚᛁᛏᚣ,641
conspicuously,5095306,1,ᚳᚩᚾᛋᛈᛁᚳᚢᚩᚢᛋᛚᚣ,431
acquaintances,5083547,1,ᚪᚳᚳᚹᚪᛁᚾᛏᚪᚾᚳᛖᛋ,617
approximations,5074464,1,ᚪᛈᛈᚱᚩᛉᛁᛗᚪᛏᛡᚾᛋ,695
uninterrupted,5043357,1,ᚢᚾᛁᚾᛏᛖᚱᚱᚢᛈᛏᛖᛞ,501
photographers,4992169,1,ᛈᚻᚩᛏᚩᚷᚱᚪᛈᚻᛖᚱᛋ,461
hydrochloride,4934688,1,ᚻᚣᛞᚱᚩᚳᚻᛚᚩᚱᛁᛞᛖ,547
reminiscences,4929452,1,ᚱᛖᛗᛁᚾᛁᛋᚳᛖᚾᚳᛖᛋ,535
longitudinally,4863495,1,ᛚᚩᛝᛁᛏᚢᛞᛁᚾᚪᛚᛚᚣ,747
admissibility,4757525,1,ᚪᛞᛗᛁᛋᛋᛁᛒᛁᛚᛁᛏᚣ,783
professionally,4737655,1,ᛈᚱᚩᚠᛖᛋᛋᛡᚾᚪᛚᛚᚣ,718
irresponsible,4714341,1,ᛁᚱᚱᛖᛋᛈᚩᚾᛋᛁᛒᛚᛖ,537
multicultural,4654754,1,ᛗᚢᛚᛏᛁᚳᚢᛚᛏᚢᚱᚪᛚ,569
indeterminate,4642071,1,ᛁᚾᛞᛖᛏᛖᚱᛗᛁᚾᚪᛏᛖ,707
photosynthesis,4633807,1,ᛈᚻᚩᛏᚩᛋᚣᚾᚦᛖᛋᛁᛋ,533
intelligently,4587706,1,ᛁᚾᛏᛖᛚᛚᛁᚷᛖᚾᛏᛚᚣ,711
thermodynamics,4580982,1,ᚦᛖᚱᛗᚩᛞᚣᚾᚪᛗᛁᚳᛋ,647
sophistication,4545865,1,ᛋᚩᛈᚻᛁᛋᛏᛁᚳᚪᛏᛡᚾ,605
carboniferous,4509801,1,ᚳᚪᚱᛒᚩᚾᛁᚠᛖᚱᚩᚢᛋ,392
participatory,4464684,1,ᛈᚪᚱᛏᛁᚳᛁᛈᚪᛏᚩᚱᚣ,605
inadvertently,4359398,1,ᛁᚾᚪᛞᚢᛖᚱᛏᛖᚾᛏᛚᚣ,717
qualitatively,4329956,1,ᚳᚹᚪᛚᛁᛏᚪᛏᛁᚢᛖᛚᚣ,725
protestantism,4325661,1,ᛈᚱᚩᛏᛖᛋᛏᚪᚾᛏᛁᛋᛗ,639
policyholders,4236656,1,ᛈᚩᛚᛁᚳᚣᚻᚩᛚᛞᛖᚱᛋ,593
subcontractor,4227018,1,ᛋᚢᛒᚳᚩᚾᛏᚱᚪᚳᛏᚩᚱ,423
deterministic,4172138,1,ᛞᛖᛏᛖᚱᛗᛁᚾᛁᛋᛏᛁᚳ,611
decentralized,4127839,1,ᛞᛖᚳᛖᚾᛏᚱᚪᛚᛁᛋᛖᛞ,745
topographical,4084305,1,ᛏᚩᛈᚩᚷᚱᚪᛈᚻᛁᚳᚪᛚ,521
prerequisites,4055772,1,ᛈᚱᛖᚱᛖᚳᚹᛁᛋᛁᛏᛖᛋ,525
circumstantial,4050216,1,ᚳᛁᚱᚳᚢᛗᛋᛏᚪᚾᛏᛡᛚ,619
probabilistic,4021138,1,ᛈᚱᚩᛒᚪᛒᛁᛚᛁᛋᛏᛁᚳ,571
discontinuous,4020894,1,ᛞᛁᛋᚳᚩᚾᛏᛁᚾᚢᚩᚢᛋ,407
circumscribed,4000218,1,ᚳᛁᚱᚳᚢᛗᛋᚳᚱᛁᛒᛖᛞ,467
discontinuity,3929416,1,ᛞᛁᛋᚳᚩᚾᛏᛁᚾᚢᛁᛏᚣ,537
granddaughter,3908072,1,ᚷᚱᚪᚾᛞᛞᚪᚢᚷᚻᛏᛖᚱ,609
anthropologist,3902395,1,ᚪᚾᚦᚱᚩᛈᚩᛚᚩᚷᛁᛋᛏ,439
superannuation,3889044,1,ᛋᚢᛈᛖᚱᚪᚾᚾᚢᚪᛏᛡᚾ,627
comparability,3868694,1,ᚳᚩᛗᛈᚪᚱᚪᛒᛁᛚᛁᛏᚣ,697
interchangeable,3852547,1,ᛁᚾᛏᛖᚱᚳᚻᚪᛝᛠᛒᛚᛖ,719
spectroscopic,3800880,1,ᛋᛈᛖᚳᛏᚱᚩᛋᚳᚩᛈᛁᚳ,413
inconceivable,3774443,1,ᛁᚾᚳᚩᚾᚳᛖᛁᚢᚪᛒᛚᛖ,521
intrinsically,3758513,1,ᛁᚾᛏᚱᛁᚾᛋᛁᚳᚪᛚᛚᚣ,633
centralization,3740510,1,ᚳᛖᚾᛏᚱᚪᛚᛁᛋᚪᛏᛡᚾ,725
disagreements,3720288,1,ᛞᛁᛋᚪᚷᚱᛖᛖᛗᛖᚾᛏᛋ,711
mineralization,3711613,1,ᛗᛁᚾᛖᚱᚪᛚᛁᛋᚪᛏᛡᚾ,755
discriminated,3595851,1,ᛞᛁᛋᚳᚱᛁᛗᛁᚾᚪᛏᛖᛞ,671
conversational,3585674,1,ᚳᚩᚾᚢᛖᚱᛋᚪᛏᛡᚾᚪᛚ,645
contraceptive,3551904,1,ᚳᚩᚾᛏᚱᚪᚳᛖᛈᛏᛁᚢᛖ,499
phenomenology,3546797,1,ᛈᚻᛖᚾᚩᛗᛖᚾᚩᛚᚩᚷᚣ,543
paradoxically,3544527,1,ᛈᚪᚱᚪᛞᚩᛉᛁᚳᚪᛚᛚᚣ,781
mathematically,3516210,1,ᛗᚪᚦᛖᛗᚪᛏᛁᚳᚪᛚᛚᚣ,857
intermediaries,3514023,1,ᛁᚾᛏᛖᚱᛗᛖᛞᛡᚱᛁᛖᛋ,693
metamorphosis,3501324,1,ᛗᛖᛏᚪᛗᚩᚱᛈᚻᚩᛋᛁᛋ,593
complimentary,3492808,1,ᚳᚩᛗᛈᛚᛁᛗᛖᚾᛏᚪᚱᚣ,675
appurtenances,3487319,1,ᚪᛈᛈᚢᚱᛏᛖᚾᚪᚾᚳᛖᛋ,611
invertebrates,3483518,1,ᛁᚾᚢᛖᚱᛏᛖᛒᚱᚪᛏᛖᛋ,615
quantification,3466284,1,ᚳᚹᚪᚾᛏᛁᚠᛁᚳᚪᛏᛡᚾ,586
potentialities,3460952,1,ᛈᚩᛏᛖᚾᛏᛡᛚᛁᛏᛁᛖᛋ,685
acceptability,3437372,1,ᚪᚳᚳᛖᛈᛏᚪᛒᛁᛚᛁᛏᚣ,747
historiography,3399454,1,ᚻᛁᛋᛏᚩᚱᛡᚷᚱᚪᛈᚻᚣ,585
phytoplankton,3398828,1,ᛈᚻᚣᛏᚩᛈᛚᚪᚾᚳᛏᚩᚾ,585
strategically,3345471,1,ᛋᛏᚱᚪᛏᛖᚷᛁᚳᚪᛚᛚᚣ,753
involuntarily,3290205,1,ᛁᚾᚢᚩᛚᚢᚾᛏᚪᚱᛁᛚᚣ,549
collaborators,3223748,1,ᚳᚩᛚᛚᚪᛒᚩᚱᚪᛏᚩᚱᛋ,569
hallucinations,3177050,1,ᚻᚪᛚᛚᚢᚳᛁᚾᚪᛏᛡᚾᛋ,687
schizophrenic,3122992,1,ᛋᚳᚻᛁᛋᚩᛈᚻᚱᛖᚾᛁᚳ,397
archaeologists,3109367,1,ᚪᚱᚳᚻᚫᚩᛚᚩᚷᛁᛋᛏᛋ,545
inexhaustible,3075168,1,ᛁᚾᛖᛉᚻᚪᚢᛋᛏᛁᛒᛚᛖ,641
underestimate,3067734,1,ᚢᚾᛞᛖᚱᛖᛋᛏᛁᛗᚪᛏᛖ,703
microcomputer,3029389,1,ᛗᛁᚳᚱᚩᚳᚩᛗᛈᚢᛏᛖᚱ,407
transatlantic,3028317,1,ᛏᚱᚪᚾᛋᚪᛏᛚᚪᚾᛏᛁᚳ,707
denominational,3024583,1,ᛞᛖᚾᚩᛗᛁᚾᚪᛏᛡᚾᚪᛚ,785
interlocutory,3023909,1,ᛁᚾᛏᛖᚱᛚᚩᚳᚢᛏᚩᚱᚣ,473
neutralization,3021125,1,ᚾᛖᚢᛏᚱᚪᛚᛁᛋᚪᛏᛡᚾ,715
unconventional,2991577,1,ᚢᚾᚳᚩᚾᚢᛖᚾᛏᛡᚾᚪᛚ,545
streptococcus,2941143,1,ᛋᛏᚱᛖᛈᛏᚩᚳᚩᚳᚳᚢᛋ,401
staffordshire,2938302,1,ᛋᛏᚪᚠᚠᚩᚱᛞᛋᚻᛁᚱᛖ,505
unequivocally,2929131,1,ᚢᚾᛖᚳᚹᛁᚢᚩᚳᚪᛚᛚᚣ,531
conventionally,2920931,1,ᚳᚩᚾᚢᛖᚾᛏᛡᚾᚪᛚᛚᚣ,689
architectures,2908261,1,ᚪᚱᚳᚻᛁᛏᛖᚳᛏᚢᚱᛖᛋ,507
immunological,2908063,1,ᛁᛗᛗᚢᚾᚩᛚᚩᚷᛁᚳᚪᛚ,523
solidification,2907006,1,ᛋᚩᛚᛁᛞᛁᚠᛁᚳᚪᛏᛡᚾ,622
rationalization,2906838,1,ᚱᚪᛏᛡᚾᚪᛚᛁᛋᚪᛏᛡᚾ,849
typographical,2904099,1,ᛏᚣᛈᚩᚷᚱᚪᛈᚻᛁᚳᚪᛚ,617
affectionately,2894226,1,ᚪᚠᚠᛖᚳᛏᛡᚾᚪᛏᛖᛚᚣ,775
cerebrospinal,2886757,1,ᚳᛖᚱᛖᛒᚱᚩᛋᛈᛁᚾᚪᛚ,563
transcendence,2870459,1,ᛏᚱᚪᚾᛋᚳᛖᚾᛞᛖᚾᚳᛖ,623
internationale,2867069,1,ᛁᚾᛏᛖᚱᚾᚪᛏᛡᚾᚪᛚᛖ,755
refrigerators,2847569,1,ᚱᛖᚠᚱᛁᚷᛖᚱᚪᛏᚩᚱᛋ,444
incapacitated,2833025,1,ᛁᚾᚳᚪᛈᚪᚳᛁᛏᚪᛏᛖᛞ,725
justifications,2830398,1,ᛂᚢᛋᛏᛁᚠᛁᚳᚪᛏᛡᚾᛋ,574
affirmatively,2812796,1,ᚪᚠᚠᛁᚱᛗᚪᛏᛁᚢᛖᛚᚣ,647
acetylcholine,2788000,1,ᚪᚳᛖᛏᚣᛚᚳᚻᚩᛚᛁᚾᛖ,655
photosynthetic,2765819,1,ᛈᚻᚩᛏᚩᛋᚣᚾᚦᛖᛏᛁᚳ,499
industrialists,2763703,1,ᛁᚾᛞᚢᛋᛏᚱᛡᛚᛁᛋᛏᛋ,651
endocrinology,2730427,1,ᛖᚾᛞᚩᚳᚱᛁᚾᚩᛚᚩᚷᚣ,483
reconstituted,2727944,1,ᚱᛖᚳᚩᚾᛋᛏᛁᛏᚢᛏᛖᛞ,547
intravenously,2720886,1,ᛁᚾᛏᚱᚪᚢᛖᚾᚩᚢᛋᛚᚣ,565
neuromuscular,2636896,1,ᚾᛖᚢᚱᚩᛗᚢᛋᚳᚢᛚᚪᚱ,441
categorization,2623736,1,ᚳᚪᛏᛖᚷᚩᚱᛁᛋᚪᛏᛡᚾ,647
indefatigable,2623296,1,ᛁᚾᛞᛖᚠᚪᛏᛁᚷᚪᛒᛚᛖ,720
advantageously,2564648,1,ᚪᛞᚢᚪᚾᛏᚪᚷᛇᚢᛋᛚᚣ,761
consecutively,2562430,1,ᚳᚩᚾᛋᛖᚳᚢᛏᛁᚢᛖᛚᚣ,521
inflorescence,2561762,1,ᛁᚾᚠᛚᚩᚱᛖᛋᚳᛖᚾᚳᛖ,462
sensibilities,2556233,1,ᛋᛖᚾᛋᛁᛒᛁᛚᛁᛏᛁᛖᛋ,639
predisposition,2535784,1,ᛈᚱᛖᛞᛁᛋᛈᚩᛋᛁᛏᛡᚾ,623
infinitesimal,2506917,1,ᛁᚾᚠᛁᚾᛁᛏᛖᛋᛁᛗᚪᛚ,604
nationalization,2500167,1,ᚾᚪᛏᛡᚾᚪᛚᛁᛋᚪᛏᛡᚾ,867
mismanagement,2495594,1,ᛗᛁᛋᛗᚪᚾᚪᚷᛖᛗᛖᚾᛏ,759
energetically,2491204,1,ᛖᚾᛖᚱᚷᛖᛏᛁᚳᚪᛚᛚᚣ,707
commemorative,2488560,1,ᚳᚩᛗᛗᛖᛗᚩᚱᚪᛏᛁᚢᛖ,575
intercultural,2487495,1,ᛁᚾᛏᛖᚱᚳᚢᛚᛏᚢᚱᚪᛚ,529
subcommittees,2443991,1,ᛋᚢᛒᚳᚩᛗᛗᛁᛏᛏᛖᛖᛋ,615
recapitulation,2438898,1,ᚱᛖᚳᚪᛈᛁᛏᚢᛚᚪᛏᛡᚾ,689
microscopical,2437830,1,ᛗᛁᚳᚱᚩᛋᚳᚩᛈᛁᚳᚪᛚ,463
centrifugation,2416494,1,ᚳᛖᚾᛏᚱᛁᚠᚢᚷᚪᛏᛡᚾ,524
contemplative,2406346,1,ᚳᚩᚾᛏᛖᛗᛈᛚᚪᛏᛁᚢᛖ,619
photochemical,2394906,1,ᛈᚻᚩᛏᚩᚳᚻᛖᛗᛁᚳᚪᛚ,527
demonstrative,2388683,1,ᛞᛖᛗᚩᚾᛋᛏᚱᚪᛏᛁᚢᛖ,643
professorship,2374014,1,ᛈᚱᚩᚠᛖᛋᛋᚩᚱᛋᚻᛁᛈ,404
proportionally,2370541,1,ᛈᚱᚩᛈᚩᚱᛏᛡᚾᚪᛚᛚᚣ,663
unquestionable,2341067,1,ᚢᚾᚳᚹᛖᛋᛏᛡᚾᚪᛒᛚᛖ,677
misconceptions,2307736,1,ᛗᛁᛋᚳᚩᚾᚳᛖᛈᛏᛡᚾᛋ,575
petrochemical,2304651,1,ᛈᛖᛏᚱᚩᚳᚻᛖᛗᛁᚳᚪᛚ,575
distinctively,2277097,1,ᛞᛁᛋᛏᛁᚾᚳᛏᛁᚢᛖᛚᚣ,641
tetrachloride,2263682,1,ᛏᛖᛏᚱᚪᚳᚻᛚᚩᚱᛁᛞᛖ,607
encroachments,2247139,1,ᛖᚾᚳᚱᚩᚪᚳᚻᛗᛖᚾᛏᛋ,539
intelligentsia,2246426,1,ᛁᚾᛏᛖᛚᛚᛁᚷᛖᚾᛏᛋᛡ,695
constellations,2229102,1,ᚳᚩᚾᛋᛏᛖᛚᛚᚪᛏᛡᚾᛋ,719
particularity,2220807,1,ᛈᚪᚱᛏᛁᚳᚢᛚᚪᚱᛁᛏᚣ,631
demonstrators,2191533,1,ᛞᛖᛗᚩᚾᛋᛏᚱᚪᛏᚩᚱᛋ,613
entomological,2183129,1,ᛖᚾᛏᚩᛗᚩᛚᚩᚷᛁᚳᚪᛚ,551
sensitiveness,2159039,1,ᛋᛖᚾᛋᛁᛏᛁᚢᛖᚾᛖᛋᛋ,595
technologists,2151666,1,ᛏᛖᚳᚻᚾᚩᛚᚩᚷᛁᛋᛏᛋ,491
disintegrated,2135853,1,ᛞᛁᛋᛁᚾᛏᛖᚷᚱᚪᛏᛖᛞ,699
inconspicuous,2132723,1,ᛁᚾᚳᚩᚾᛋᛈᛁᚳᚢᚩᚢᛋ,315
postmodernism,2126082,1,ᛈᚩᛋᛏᛗᚩᛞᛖᚱᚾᛁᛋᛗ,591
craftsmanship,2109374,1,ᚳᚱᚪᚠᛏᛋᛗᚪᚾᛋᚻᛁᛈ,582
categorically,2100113,1,ᚳᚪᛏᛖᚷᚩᚱᛁᚳᚪᛚᛚᚣ,661
undistributed,2094917,1,ᚢᚾᛞᛁᛋᛏᚱᛁᛒᚢᛏᛖᛞ,585
unaccompanied,2094678,1,ᚢᚾᚪᚳᚳᚩᛗᛈᚪᚾᛁᛖᛞ,589
conformational,2093686,1,ᚳᚩᚾᚠᚩᚱᛗᚪᛏᛡᚾᚪᛚ,602
immobilization,2084683,1,ᛁᛗᛗᚩᛒᛁᛚᛁᛋᚪᛏᛡᚾ,721
preferentially,2082569,1,ᛈᚱᛖᚠᛖᚱᛖᚾᛏᛡᛚᛚᚣ,712
uncomplicated,2080732,1,ᚢᚾᚳᚩᛗᛈᛚᛁᚳᚪᛏᛖᛞ,595
sensitivities,2070570,1,ᛋᛖᚾᛋᛁᛏᛁᚢᛁᛏᛁᛖᛋ,567
mineralogical,2067489,1,ᛗᛁᚾᛖᚱᚪᛚᚩᚷᛁᚳᚪᛚ,617
opportunistic,2060639,1,ᚩᛈᛈᚩᚱᛏᚢᚾᛁᛋᛏᛁᚳ,389
transgressions,2050964,1,ᛏᚱᚪᚾᛋᚷᚱᛖᛋᛋᛡᚾᛋ,639
revitalization,2045063,1,ᚱᛖᚢᛁᛏᚪᛚᛁᛋᚪᛏᛡᚾ,717
pronouncement,2042904,1,ᛈᚱᚩᚾᚩᚢᚾᚳᛖᛗᛖᚾᛏ,435
interferences,2033603,1,ᛁᚾᛏᛖᚱᚠᛖᚱᛖᚾᚳᛖᛋ,506
preliminaries,2016618,1,ᛈᚱᛖᛚᛁᛗᛁᚾᚪᚱᛁᛖᛋ,615
schematically,2006364,1,ᛋᚳᚻᛖᛗᚪᛏᛁᚳᚪᛚᛚᚣ,773
digestibility,2005019,1,ᛞᛁᚷᛖᛋᛏᛁᛒᛁᛚᛁᛏᚣ,705
indescribable,2003324,1,ᛁᚾᛞᛖᛋᚳᚱᛁᛒᚪᛒᛚᛖ,683
wholeheartedly,2002433,1,ᚹᚻᚩᛚᛖᚻᛠᚱᛏᛖᛞᛚᚣ,723
forgetfulness,2001248,1,ᚠᚩᚱᚷᛖᛏᚠᚢᛚᚾᛖᛋᛋ,443
rehabilitated,1997957,1,ᚱᛖᚻᚪᛒᛁᛚᛁᛏᚪᛏᛖᛞ,765
polypropylene,1993215,1,ᛈᚩᛚᚣᛈᚱᚩᛈᚣᛚᛖᚾᛖ,669
preservatives,1992426,1,ᛈᚱᛖᛋᛖᚱᚢᚪᛏᛁᚢᛖᛋ,565
liberalisation,1982112,1,ᛚᛁᛒᛖᚱᚪᛚᛁᛋᚪᛏᛡᚾ,789
troubleshooting,1959754,1,ᛏᚱᚩᚢᛒᛚᛖᛋᚻᚩᚩᛏᛝ,509
ferromagnetic,1951715,1,ᚠᛖᚱᚱᚩᛗᚪᚷᚾᛖᛏᛁᚳ,482
instabilities,1938238,1,ᛁᚾᛋᛏᚪᛒᛁᛚᛁᛏᛁᛖᛋ,675
distributional,1925644,1,ᛞᛁᛋᛏᚱᛁᛒᚢᛏᛡᚾᚪᛚ,703
uncomfortably,1925280,1,ᚢᚾᚳᚩᛗᚠᚩᚱᛏᚪᛒᛚᚣ,536
reconstitution,1919135,1,ᚱᛖᚳᚩᚾᛋᛏᛁᛏᚢᛏᛡᚾ,527
indifferently,1913994,1,ᛁᚾᛞᛁᚠᚠᛖᚱᛖᚾᛏᛚᚣ,593
imperceptible,1908849,1,ᛁᛗᛈᛖᚱᚳᛖᛈᛏᛁᛒᛚᛖ,637
prefabricated,1907054,1,ᛈᚱᛖᚠᚪᛒᚱᛁᚳᚪᛏᛖᛞ,648
metamorphosed,1898097,1,ᛗᛖᛏᚪᛗᚩᚱᛈᚻᚩᛋᛖᛞ,665
statesmanship,1891937,1,ᛋᛏᚪᛏᛖᛋᛗᚪᚾᛋᚻᛁᛈ,735
interchangeably,1890961,1,ᛁᚾᛏᛖᚱᚳᚻᚪᛝᛠᛒᛚᚣ,755
convalescence,1874552,1,ᚳᚩᚾᚢᚪᛚᛖᛋᚳᛖᚾᚳᛖ,531
handkerchiefs,1870866,1,ᚻᚪᚾᛞᚳᛖᚱᚳᚻᛁᛖᚠᛋ,518
prostaglandin,1870412,1,ᛈᚱᚩᛋᛏᚪᚷᛚᚪᚾᛞᛁᚾ,635
symmetrically,1864464,1,ᛋᚣᛗᛗᛖᛏᚱᛁᚳᚪᛚᛚᚣ,825
intramuscular,1862755,1,ᛁᚾᛏᚱᚪᛗᚢᛋᚳᚢᛚᚪᚱ,551
determinative,1854063,1,ᛞᛖᛏᛖᚱᛗᛁᚾᚪᛏᛁᚢᛖ,681
stenographers,1848966,1,ᛋᛏᛖᚾᚩᚷᚱᚪᛈᚻᛖᚱᛋ,537
externalities,1846974,1,ᛖᛉᛏᛖᚱᚾᚪᛚᛁᛏᛁᛖᛋ,691
unanticipated,1844824,1,ᚢᚾᚪᚾᛏᛁᚳᛁᛈᚪᛏᛖᛞ,647
unaccountable,1835788,1,ᚢᚾᚪᚳᚳᚩᚢᚾᛏᚪᛒᛚᛖ,551
sanctification,1835189,1,ᛋᚪᚾᚳᛏᛁᚠᛁᚳᚪᛏᛡᚾ,620
contralateral,1829838,1,ᚳᚩᚾᛏᚱᚪᛚᚪᛏᛖᚱᚪᛚ,693
overestimated,1823695,1,ᚩᚢᛖᚱᛖᛋᛏᛁᛗᚪᛏᛖᛞ,681
inevitability,1817990,1,ᛁᚾᛖᚢᛁᛏᚪᛒᛁᛚᛁᛏᚣ,675
certifications,1816794,1,ᚳᛖᚱᛏᛁᚠᛁᚳᚪᛏᛡᚾᛋ,572
electromotive,1810519,1,ᛖᛚᛖᚳᛏᚱᚩᛗᚩᛏᛁᚢᛖ,535
republicanism,1793910,1,ᚱᛖᛈᚢᛒᛚᛁᚳᚪᚾᛁᛋᛗ,583
depolarization,1782936,1,ᛞᛖᛈᚩᛚᚪᚱᛁᛋᚪᛏᛡᚾ,763
cooperatively,1777323,1,ᚳᚩᚩᛈᛖᚱᚪᛏᛁᚢᛖᛚᚣ,581
unambiguously,1765717,1,ᚢᚾᚪᛗᛒᛁᚷᚢᚩᚢᛋᛚᚣ,551
hereditaments,1755966,1,ᚻᛖᚱᛖᛞᛁᛏᚪᛗᛖᚾᛏᛋ,723
hyperactivity,1752299,1,ᚻᚣᛈᛖᚱᚪᚳᛏᛁᚢᛁᛏᚣ,643
dependability,1742225,1,ᛞᛖᛈᛖᚾᛞᚪᛒᛁᛚᛁᛏᚣ,839
psychosomatic,1731707,1,ᛈᛋᚣᚳᚻᚩᛋᚩᛗᚪᛏᛁᚳ,573
catheterization,1731449,1,ᚳᚪᚦᛖᛏᛖᚱᛁᛋᚪᛏᛡᚾ,695
hundredweight,1728137,1,ᚻᚢᚾᛞᚱᛖᛞᚹᛖᛁᚷᚻᛏ,527
differentiates,1719793,1,ᛞᛁᚠᚠᛖᚱᛖᚾᛏᛡᛏᛖᛋ,643
argumentative,1714452,1,ᚪᚱᚷᚢᛗᛖᚾᛏᚪᛏᛁᚢᛖ,611
replenishment,1707781,1,ᚱᛖᛈᛚᛖᚾᛁᛋᚻᛗᛖᚾᛏ,623
manufactories,1698567,1,ᛗᚪᚾᚢᚠᚪᚳᛏᚩᚱᛁᛖᛋ,540
hypothyroidism,1695810,1,ᚻᚣᛈᚩᚦᚣᚱᚩᛁᛞᛁᛋᛗ,577
ascertainment,1694942,1,ᚪᛋᚳᛖᚱᛏᚪᛁᚾᛗᛖᚾᛏ,683
infallibility,1670983,1,ᛁᚾᚠᚪᛚᛚᛁᛒᛁᛚᛁᛏᚣ,694
pharmacologic,1670422,1,ᛈᚻᚪᚱᛗᚪᚳᚩᛚᚩᚷᛁᚳ,503
experimenters,1663072,1,ᛖᛉᛈᛖᚱᛁᛗᛖᚾᛏᛖᚱᛋ,623
unidirectional,1661337,1,ᚢᚾᛁᛞᛁᚱᛖᚳᛏᛡᚾᚪᛚ,639
differentially,1660038,1,ᛞᛁᚠᚠᛖᚱᛖᚾᛏᛡᛚᛚᚣ,713
stoichiometric,1649987,1,ᛋᛏᚩᛁᚳᚻᛡᛗᛖᛏᚱᛁᚳ,545
confrontations,1644136,1,ᚳᚩᚾᚠᚱᚩᚾᛏᚪᛏᛡᚾᛋ,502
wolverhampton,1641971,1,ᚹᚩᛚᚢᛖᚱᚻᚪᛗᛈᛏᚩᚾ,509
agriculturist,1631288,1,ᚪᚷᚱᛁᚳᚢᛚᛏᚢᚱᛁᛋᛏ,461
monochromatic,1622298,1,ᛗᚩᚾᚩᚳᚻᚱᚩᛗᚪᛏᛁᚳ,439
retroactively,1610327,1,ᚱᛖᛏᚱᚩᚪᚳᛏᛁᚢᛖᛚᚣ,601
unforgettable,1597332,1,ᚢᚾᚠᚩᚱᚷᛖᛏᛏᚪᛒᛚᛖ,552
intercellular,1594995,1,ᛁᚾᛏᛖᚱᚳᛖᛚᛚᚢᛚᚪᚱ,607
utilitarianism,1579422,1,ᚢᛏᛁᛚᛁᛏᚪᚱᛡᚾᛁᛋᛗ,655
churchwardens,1573893,1,ᚳᚻᚢᚱᚳᚻᚹᚪᚱᛞᛖᚾᛋ,451
encephalopathy,1570459,1,ᛖᚾᚳᛖᛈᚻᚪᛚᚩᛈᚪᚦᚣ,667
deconstruction,1570292,1,ᛞᛖᚳᚩᚾᛋᛏᚱᚢᚳᛏᛡᚾ,539
nationalisation,1569932,1,ᚾᚪᛏᛡᚾᚪᛚᛁᛋᚪᛏᛡᚾ,867
observatories,1564947,1,ᚩᛒᛋᛖᚱᚢᚪᛏᚩᚱᛁᛖᛋ,527
phenylalanine,1563420,1,ᛈᚻᛖᚾᚣᛚᚪᛚᚪᚾᛁᚾᛖ,761
hematopoietic,1554456,1,ᚻᛖᛗᚪᛏᚩᛈᚩᛁᛖᛏᛁᚳ,575
magnificently,1552004,1,ᛗᚪᚷᚾᛁᚠᛁᚳᛖᚾᛏᛚᚣ,622
hydrocephalus,1551582,1,ᚻᚣᛞᚱᚩᚳᛖᛈᚻᚪᛚᚢᛋ,605
cartilaginous,1540567,1,ᚳᚪᚱᛏᛁᛚᚪᚷᛁᚾᚩᚢᛋ,521
misunderstand,1539836,1,ᛗᛁᛋᚢᚾᛞᛖᚱᛋᛏᚪᚾᛞ,681
fossiliferous,1538672,1,ᚠᚩᛋᛋᛁᛚᛁᚠᛖᚱᚩᚢᛋ,393
constructional,1536373,1,ᚳᚩᚾᛋᛏᚱᚢᚳᛏᛡᚾᚪᛚ,553
philanthropist,1534320,1,ᛈᚻᛁᛚᚪᚾᚦᚱᚩᛈᛁᛋᛏ,505
reprehensible,1522538,1,ᚱᛖᛈᚱᛖᚻᛖᚾᛋᛁᛒᛚᛖ,603
competitively,1478260,1,ᚳᚩᛗᛈᛖᛏᛁᛏᛁᚢᛖᛚᚣ,627
revolutionized,1475110,1,ᚱᛖᚢᚩᛚᚢᛏᛡᚾᛁᛋᛖᛞ,599
subcutaneously,1474938,1,ᛋᚢᛒᚳᚢᛏᚪᚾᛇᚢᛋᛚᚣ,591
remonstrances,1473815,1,ᚱᛖᛗᚩᚾᛋᛏᚱᚪᚾᚳᛖᛋ,567
industrialised,1469494,1,ᛁᚾᛞᚢᛋᛏᚱᛡᛚᛁᛋᛖᛞ,695
nontraditional,1468272,1,ᚾᚩᚾᛏᚱᚪᛞᛁᛏᛡᚾᚪᛚ,717
reestablished,1459955,1,ᚱᛖᛖᛋᛏᚪᛒᛚᛁᛋᚻᛖᛞ,751
sociopolitical,1451700,1,ᛋᚩᚳᛡᛈᚩᛚᛁᛏᛁᚳᚪᛚ,607
disinfectants,1450644,1,ᛞᛁᛋᛁᚾᚠᛖᚳᛏᚪᚾᛏᛋ,612
indoctrination,1442489,1,ᛁᚾᛞᚩᚳᛏᚱᛁᚾᚪᛏᛡᚾ,591
toxicological,1437570,1,ᛏᚩᛉᛁᚳᚩᛚᚩᚷᛁᚳᚪᛚ,475
hydrodynamics,1430749,1,ᚻᚣᛞᚱᚩᛞᚣᚾᚪᛗᛁᚳᛋ,719
detoxification,1418501,1,ᛞᛖᛏᚩᛉᛁᚠᛁᚳᚪᛏᛡᚾ,638
interrelations,1418475,1,ᛁᚾᛏᛖᚱᚱᛖᛚᚪᛏᛡᚾᛋ,693
problematical,1417684,1,ᛈᚱᚩᛒᛚᛖᛗᚪᛏᛁᚳᚪᛚ,703
imperceptibly,1413357,1,ᛁᛗᛈᛖᚱᚳᛖᛈᛏᛁᛒᛚᚣ,673
sarcastically,1400842,1,ᛋᚪᚱᚳᚪᛋᛏᛁᚳᚪᛚᛚᚣ,773
nonresidential,1393532,1,ᚾᚩᚾᚱᛖᛋᛁᛞᛖᚾᛏᛡᛚ,651
powerlessness,1389536,1,ᛈᚩᚹᛖᚱᛚᛖᛋᛋᚾᛖᛋᛋ,595
hemispherical,1389186,1,ᚻᛖᛗᛁᛋᛈᚻᛖᚱᛁᚳᚪᛚ,603
ascertainable,1388102,1,ᚪᛋᚳᛖᚱᛏᚪᛁᚾᚪᛒᛚᛖ,755
supercritical,1382053,1,ᛋᚢᛈᛖᚱᚳᚱᛁᛏᛁᚳᚪᛚ,505
collaborations,1381590,1,ᚳᚩᛚᛚᚪᛒᚩᚱᚪᛏᛡᚾᛋ,687
parallelogram,1371901,1,ᛈᚪᚱᚪᛚᛚᛖᛚᚩᚷᚱᚪᛗ,737
rapprochement,1369052,1,ᚱᚪᛈᛈᚱᚩᚳᚻᛖᛗᛖᚾᛏ,541
dimensionality,1359056,1,ᛞᛁᛗᛖᚾᛋᛡᚾᚪᛚᛁᛏᚣ,839
anticoagulant,1358734,1,ᚪᚾᛏᛁᚳᚩᚪᚷᚢᛚᚪᚾᛏ,611
triglycerides,1352995,1,ᛏᚱᛁᚷᛚᚣᚳᛖᚱᛁᛞᛖᛋ,625
predestination,1349604,1,ᛈᚱᛖᛞᛖᛋᛏᛁᚾᚪᛏᛡᚾ,741
stratospheric,1348610,1,ᛋᛏᚱᚪᛏᚩᛋᛈᚻᛖᚱᛁᚳ,527
interrogatory,1345668,1,ᛁᚾᛏᛖᚱᚱᚩᚷᚪᛏᚩᚱᚣ,509
unconscionable,1344988,1,ᚢᚾᚳᚩᚾᛋᚳᛡᚾᚪᛒᛚᛖ,581
transmittance,1342119,1,ᛏᚱᚪᚾᛋᛗᛁᛏᛏᚪᚾᚳᛖ,675
overproduction,1325032,1,ᚩᚢᛖᚱᛈᚱᚩᛞᚢᚳᛏᛡᚾ,449
glycoproteins,1322692,1,ᚷᛚᚣᚳᚩᛈᚱᚩᛏᛖᛁᚾᛋ,513
interrogative,1315065,1,ᛁᚾᛏᛖᚱᚱᚩᚷᚪᛏᛁᚢᛖ,489
mycobacterium,1305573,1,ᛗᚣᚳᚩᛒᚪᚳᛏᛖᚱᛁᚢᛗ,607
intentionality,1303122,1,ᛁᚾᛏᛖᚾᛏᛡᚾᚪᛚᛁᛏᚣ,773
trigonometric,1302851,1,ᛏᚱᛁᚷᚩᚾᚩᛗᛖᛏᚱᛁᚳ,413
pasteurization,1294383,1,ᛈᚪᛋᛏᛖᚢᚱᛁᛋᚪᛏᛡᚾ,709
astrophysical,1292427,1,ᚪᛋᛏᚱᚩᛈᚻᚣᛋᛁᚳᚪᛚ,663
metamorphoses,1282361,1,ᛗᛖᛏᚪᛗᚩᚱᛈᚻᚩᛋᛖᛋ,629
witwatersrand,1267345,1,ᚹᛁᛏᚹᚪᛏᛖᚱᛋᚱᚪᚾᛞ,641
secularization,1263303,1,ᛋᛖᚳᚢᛚᚪᚱᛁᛋᚪᛏᛡᚾ,693
spectrometers,1263171,1,ᛋᛈᛖᚳᛏᚱᚩᛗᛖᛏᛖᚱᛋ,581
reorganizations,1250664,1,ᚱᛇᚱᚷᚪᚾᛁᛋᚪᛏᛡᚾᛋ,635
presupposition,1249690,1,ᛈᚱᛖᛋᚢᛈᛈᚩᛋᛁᛏᛡᚾ,549
documentaries,1243746,1,ᛞᚩᚳᚢᛗᛖᚾᛏᚪᚱᛁᛖᛋ,597
introspective,1243394,1,ᛁᚾᛏᚱᚩᛋᛈᛖᚳᛏᛁᚢᛖ,473
knickerbocker,1240082,1,ᚳᚾᛁᚳᚳᛖᚱᛒᚩᚳᚳᛖᚱ,349
phenobarbital,1234492,1,ᛈᚻᛖᚾᚩᛒᚪᚱᛒᛁᛏᚪᛚ,659
countersigned,1232440,1,ᚳᚩᚢᚾᛏᛖᚱᛋᛁᚷᚾᛖᛞ,475
disrespectful,1231233,1,ᛞᛁᛋᚱᛖᛋᛈᛖᚳᛏᚠᚢᛚ,564
misinformation,1225629,1,ᛗᛁᛋᛁᚾᚠᚩᚱᛗᚪᛏᛡᚾ,598
intelligencer,1225503,1,ᛁᚾᛏᛖᛚᛚᛁᚷᛖᚾᚳᛖᚱ,567
nonparametric,1218788,1,ᚾᚩᚾᛈᚪᚱᚪᛗᛖᛏᚱᛁᚳ,565
assertiveness,1217729,1,ᚪᛋᛋᛖᚱᛏᛁᚢᛖᚾᛖᛋᛋ,643
arbitrariness,1213163,1,ᚪᚱᛒᛁᛏᚱᚪᚱᛁᚾᛖᛋᛋ,611
unconstrained,1208431,1,ᚢᚾᚳᚩᚾᛋᛏᚱᚪᛁᚾᛖᛞ,517
transcriptions,1204568,1,ᛏᚱᚪᚾᛋᚳᚱᛁᛈᛏᛡᚾᛋ,595
schoolmasters,1200104,1,ᛋᚳᚻᚩᚩᛚᛗᚪᛋᛏᛖᚱᛋ,587
irrepressible,1198494,1,ᛁᚱᚱᛖᛈᚱᛖᛋᛋᛁᛒᛚᛖ,579
supernumerary,1195464,1,ᛋᚢᛈᛖᚱᚾᚢᛗᛖᚱᚪᚱᚣ,569
staphylococci,1194582,1,ᛋᛏᚪᛈᚻᚣᛚᚩᚳᚩᚳᚳᛁ,535
differentiable,1189730,1,ᛞᛁᚠᚠᛖᚱᛖᚾᛏᛡᛒᛚᛖ,665
investigatory,1184818,1,ᛁᚾᚢᛖᛋᛏᛁᚷᚪᛏᚩᚱᚣ,567
dissimilarity,1184476,1,ᛞᛁᛋᛋᛁᛗᛁᛚᚪᚱᛁᛏᚣ,733
impermissible,1178462,1,ᛁᛗᛈᛖᚱᛗᛁᛋᛋᛁᛒᛚᛖ,663
posttraumatic,1178291,1,ᛈᚩᛋᛏᛏᚱᚪᚢᛗᚪᛏᛁᚳ,603
nonconformist,1177021,1,ᚾᚩᚾᚳᚩᚾᚠᚩᚱᛗᛁᛋᛏ,348
kindergartens,1173280,1,ᚳᛁᚾᛞᛖᚱᚷᚪᚱᛏᛖᚾᛋ,573
interconnecting,1170738,1,ᛁᚾᛏᛖᚱᚳᚩᚾᚾᛖᚳᛏᛝ,493
streptococcal,1170204,1,ᛋᛏᚱᛖᛈᛏᚩᚳᚩᚳᚳᚪᛚ,515
insensitivity,1168155,1,ᛁᚾᛋᛖᚾᛋᛁᛏᛁᚢᛁᛏᚣ,579
histochemical,1167464,1,ᚻᛁᛋᛏᚩᚳᚻᛖᛗᛁᚳᚪᛚ,561
consolidations,1166215,1,ᚳᚩᚾᛋᚩᛚᛁᛞᚪᛏᛡᚾᛋ,647
paternalistic,1166186,1,ᛈᚪᛏᛖᚱᚾᚪᛚᛁᛋᛏᛁᚳ,663
individualist,1153185,1,ᛁᚾᛞᛁᚢᛁᛞᚢᚪᛚᛁᛋᛏ,619
contractility,1151930,1,ᚳᚩᚾᛏᚱᚪᚳᛏᛁᛚᛁᛏᚣ,585
homogenization,1147911,1,ᚻᚩᛗᚩᚷᛖᚾᛁᛋᚪᛏᛡᚾ,597
disorientation,1144343,1,ᛞᛁᛋᚩᚱᛁᛖᚾᛏᚪᛏᛡᚾ,669
dismemberment,1141050,1,ᛞᛁᛋᛗᛖᛗᛒᛖᚱᛗᛖᚾᛏ,747
unprofessional,1138918,1,ᚢᚾᛈᚱᚩᚠᛖᛋᛋᛡᚾᚪᛚ,574
structuralism,1127414,1,ᛋᛏᚱᚢᚳᛏᚢᚱᚪᛚᛁᛋᛗ,537
generalisation,1121869,1,ᚷᛖᚾᛖᚱᚪᛚᛁᛋᚪᛏᛡᚾ,737
acetaminophen,1118610,1,ᚪᚳᛖᛏᚪᛗᛁᚾᚩᛈᚻᛖᚾ,633
catecholamine,1115902,1,ᚳᚪᛏᛖᚳᚻᚩᛚᚪᛗᛁᚾᛖ,647
polymorphisms,1112876,1,ᛈᚩᛚᚣᛗᚩᚱᛈᚻᛁᛋᛗᛋ,589
psychodynamic,1112180,1,ᛈᛋᚣᚳᚻᚩᛞᚣᚾᚪᛗᛁᚳ,675
prospectively,1109770,1,ᛈᚱᚩᛋᛈᛖᚳᛏᛁᚢᛖᛚᚣ,573
structuralist,1109405,1,ᛋᛏᚱᚢᚳᛏᚢᚱᚪᛚᛁᛋᛏ,525
inexpressible,1108851,1,ᛁᚾᛖᛉᛈᚱᛖᛋᛋᛁᛒᛚᛖ,633
unsustainable,1107614,1,ᚢᚾᛋᚢᛋᛏᚪᛁᚾᚪᛒᛚᛖ,655
quadrilateral,1107365,1,ᚳᚹᚪᛞᚱᛁᛚᚪᛏᛖᚱᚪᛚ,737
conceptualize,1106694,1,ᚳᚩᚾᚳᛖᛈᛏᚢᚪᛚᛁᛋᛖ,555
unappropriated,1106651,1,ᚢᚾᚪᛈᛈᚱᚩᛈᚱᛡᛏᛖᛞ,609
copartnership,1096035,1,ᚳᚩᛈᚪᚱᛏᚾᛖᚱᛋᚻᛁᛈ,487
connectedness,1092794,1,ᚳᚩᚾᚾᛖᚳᛏᛖᛞᚾᛖᛋᛋ,575
confidentially,1091630,1,ᚳᚩᚾᚠᛁᛞᛖᚾᛏᛡᛚᛚᚣ,682
noradrenaline,1090268,1,ᚾᚩᚱᚪᛞᚱᛖᚾᚪᛚᛁᚾᛖ,637
indeterminacy,1088869,1,ᛁᚾᛞᛖᛏᛖᚱᛗᛁᚾᚪᚳᚣ,697
morphogenesis,1084231,1,ᛗᚩᚱᛈᚻᚩᚷᛖᚾᛖᛋᛁᛋ,479
interspecific,1082251,1,ᛁᚾᛏᛖᚱᛋᛈᛖᚳᛁᚠᛁᚳ,450
licentiousness,1080126,1,ᛚᛁᚳᛖᚾᛏᛡᚢᛋᚾᛖᛋᛋ,637
embellishment,1075363,1,ᛖᛗᛒᛖᛚᛚᛁᛋᚻᛗᛖᚾᛏ,745
decolonization,1072810,1,ᛞᛖᚳᚩᛚᚩᚾᛁᛋᚪᛏᛡᚾ,661
temperamental,1068988,1,ᛏᛖᛗᛈᛖᚱᚪᛗᛖᚾᛏᚪᛚ,811
undisciplined,1068921,1,ᚢᚾᛞᛁᛋᚳᛁᛈᛚᛁᚾᛖᛞ,581
pyrophosphate,1068181,1,ᛈᚣᚱᚩᛈᚻᚩᛋᛈᚻᚪᛏᛖ,579
multitudinous,1066600,1,ᛗᚢᛚᛏᛁᛏᚢᛞᛁᚾᚩᚢᛋ,511
rationalisation,1065741,1,ᚱᚪᛏᛡᚾᚪᛚᛁᛋᚪᛏᛡᚾ,849
disparagement,1061592,1,ᛞᛁᛋᛈᚪᚱᚪᚷᛖᛗᛖᚾᛏ,731
magnetosphere,1061442,1,ᛗᚪᚷᚾᛖᛏᚩᛋᛈᚻᛖᚱᛖ,611
exclusiveness,1056736,1,ᛖᛉᚳᛚᚢᛋᛁᚢᛖᚾᛖᛋᛋ,559
discriminates,1052259,1,ᛞᛁᛋᚳᚱᛁᛗᛁᚾᚪᛏᛖᛋ,635
reapportionment,1045618,1,ᚱᛠᛈᛈᚩᚱᛏᛡᚾᛗᛖᚾᛏ,645
microorganism,1040093,1,ᛗᛁᚳᚱᚩᚩᚱᚷᚪᚾᛁᛋᛗ,449
intelligences,1036992,1,ᛁᚾᛏᛖᛚᛚᛁᚷᛖᚾᚳᛖᛋ,609
chrysanthemums,1028610,1,ᚳᚻᚱᚣᛋᚪᚾᚦᛖᛗᚢᛗᛋ,599
concomitantly,1027445,1,ᚳᚩᚾᚳᚩᛗᛁᛏᚪᚾᛏᛚᚣ,591
predominately,1026205,1,ᛈᚱᛖᛞᚩᛗᛁᚾᚪᛏᛖᛚᚣ,747
incontestable,1021761,1,ᛁᚾᚳᚩᚾᛏᛖᛋᛏᚪᛒᛚᛖ,645
hydraulically,1020243,1,ᚻᚣᛞᚱᚪᚢᛚᛁᚳᚪᛚᛚᚣ,789
revolutionists,1018426,1,ᚱᛖᚢᚩᛚᚢᛏᛡᚾᛁᛋᛏᛋ,555
anachronistic,1017115,1,ᚪᚾᚪᚳᚻᚱᚩᚾᛁᛋᛏᛁᚳ,493
insensibility,1012796,1,ᛁᚾᛋᛖᚾᛋᛁᛒᛁᛚᛁᛏᚣ,651
hieroglyphics,1010139,1,ᚻᛁᛖᚱᚩᚷᛚᚣᛈᚻᛁᚳᛋ,495
anniversaries,1008389,1,ᚪᚾᚾᛁᚢᛖᚱᛋᚪᚱᛁᛖᛋ,579
survivability,1002874,1,ᛋᚢᚱᚢᛁᚢᚪᛒᛁᛚᛁᛏᚣ,559
existentialism,1002175,1,ᛖᛉᛁᛋᛏᛖᚾᛏᛡᛚᛁᛋᛗ,747
preconceptions,1001935,1,ᛈᚱᛖᚳᚩᚾᚳᛖᛈᛏᛡᚾᛋ,541
idiosyncrasies,1000333,1,ᛁᛞᛡᛋᚣᚾᚳᚱᚪᛋᛁᛖᛋ,737
quintessential,997839,1,ᚳᚹᛁᚾᛏᛖᛋᛋᛖᚾᛏᛡᛚ,659
participative,997106,1,ᛈᚪᚱᛏᛁᚳᛁᛈᚪᛏᛁᚢᛖ,585
deductibility,993464,1,ᛞᛖᛞᚢᚳᛏᛁᛒᛁᛚᛁᛏᚣ,709
demobilization,986416,1,ᛞᛖᛗᚩᛒᛁᛚᛁᛋᚪᛏᛡᚾ,775
liechtenstein,986312,1,ᛚᛁᛖᚳᚻᛏᛖᚾᛋᛏᛖᛁᚾ,601
characterises,980219,1,ᚳᚻᚪᚱᚪᚳᛏᛖᚱᛁᛋᛖᛋ,595
reversibility,977120,1,ᚱᛖᚢᛖᚱᛋᛁᛒᛁᛚᛁᛏᚣ,601
counterattack,975670,1,ᚳᚩᚢᚾᛏᛖᚱᚪᛏᛏᚪᚳᚳ,527
electromagnet,974724,1,ᛖᛚᛖᚳᛏᚱᚩᛗᚪᚷᚾᛖᛏ,637
redistributed,970663,1,ᚱᛖᛞᛁᛋᛏᚱᛁᛒᚢᛏᛖᛞ,631
inventiveness,970433,1,ᛁᚾᚢᛖᚾᛏᛁᚢᛖᚾᛖᛋᛋ,521
corroborative,969561,1,ᚳᚩᚱᚱᚩᛒᚩᚱᚪᛏᛁᚢᛖ,385
undermentioned,960657,1,ᚢᚾᛞᛖᚱᛗᛖᚾᛏᛡᚾᛖᛞ,717
granulomatous,958274,1,ᚷᚱᚪᚾᚢᛚᚩᛗᚪᛏᚩᚢᛋ,527
nitroglycerin,952899,1,ᚾᛁᛏᚱᚩᚷᛚᚣᚳᛖᚱᛁᚾ,481
interrogations,948269,1,ᛁᚾᛏᛖᚱᚱᚩᚷᚪᛏᛡᚾᛋ,577
superintended,945510,1,ᛋᚢᛈᛖᚱᛁᚾᛏᛖᚾᛞᛖᛞ,637
entomologists,942494,1,ᛖᚾᛏᚩᛗᚩᛚᚩᚷᛁᛋᛏᛋ,533
incorruptible,939464,1,ᛁᚾᚳᚩᚱᚱᚢᛈᛏᛁᛒᛚᛖ,439
disinclination,938605,1,ᛞᛁᛋᛁᚾᚳᛚᛁᚾᚪᛏᛡᚾ,671
assassinations,936594,1,ᚪᛋᛋᚪᛋᛋᛁᚾᚪᛏᛡᚾᛋ,811
maladjustment,936022,1,ᛗᚪᛚᚪᛞᛂᚢᛋᛏᛗᛖᚾᛏ,805
commercialized,929802,1,ᚳᚩᛗᛗᛖᚱᚳᛡᛚᛁᛋᛖᛞ,673
communicators,927284,1,ᚳᚩᛗᛗᚢᚾᛁᚳᚪᛏᚩᚱᛋ,465
dictatorships,926210,1,ᛞᛁᚳᛏᚪᛏᚩᚱᛋᚻᛁᛈᛋ,569
nonconformity,923519,1,ᚾᚩᚾᚳᚩᚾᚠᚩᚱᛗᛁᛏᚣ,398
disaggregated,923079,1,ᛞᛁᛋᚪᚷᚷᚱᛖᚷᚪᛏᛖᛞ,711
macroeconomics,916768,1,ᛗᚪᚳᚱᛟᚳᚩᚾᚩᛗᛁᚳᛋ,499
disapprobation,915513,1,ᛞᛁᛋᚪᛈᛈᚱᚩᛒᚪᛏᛡᚾ,727
unpleasantness,914012,1,ᚢᚾᛈᛚᛠᛋᚪᚾᛏᚾᛖᛋᛋ,697
tablespoonful,913294,1,ᛏᚪᛒᛚᛖᛋᛈᚩᚩᚾᚠᚢᛚ,574
transmissible,913046,1,ᛏᚱᚪᚾᛋᛗᛁᛋᛋᛁᛒᛚᛖ,689
regularization,912007,1,ᚱᛖᚷᚢᛚᚪᚱᛁᛋᚪᛏᛡᚾ,655
cryptographic,909967,1,ᚳᚱᚣᛈᛏᚩᚷᚱᚪᛈᚻᛁᚳ,471
grammatically,908777,1,ᚷᚱᚪᛗᛗᚪᛏᛁᚳᚪᛚᛚᚣ,813
circumspection,908581,1,ᚳᛁᚱᚳᚢᛗᛋᛈᛖᚳᛏᛡᚾ,513
accoutrements,907403,1,ᚪᚳᚳᚩᚢᛏᚱᛖᛗᛖᚾᛏᛋ,549
demoralization,906101,1,ᛞᛖᛗᚩᚱᚪᛚᛁᛋᚪᛏᛡᚾ,791
counterweight,905808,1,ᚳᚩᚢᚾᛏᛖᚱᚹᛖᛁᚷᚻᛏ,405
subconsciously,905785,1,ᛋᚢᛒᚳᚩᚾᛋᚳᛡᚢᛋᛚᚣ,571
propagandists,904494,1,ᛈᚱᚩᛈᚪᚷᚪᚾᛞᛁᛋᛏᛋ,629
thoughtfulness,903925,1,ᚦᚩᚢᚷᚻᛏᚠᚢᛚᚾᛖᛋᛋ,394
transgressive,897817,1,ᛏᚱᚪᚾᛋᚷᚱᛖᛋᛋᛁᚢᛖ,551
improbability,896363,1,ᛁᛗᛈᚱᚩᛒᚪᛒᛁᛚᛁᛏᚣ,679
monotonically,895977,1,ᛗᚩᚾᚩᛏᚩᚾᛁᚳᚪᛚᛚᚣ,599
volatilization,895008,1,ᚢᚩᛚᚪᛏᛁᛚᛁᛋᚪᛏᛡᚾ,719
specificities,893977,1,ᛋᛈᛖᚳᛁᚠᛁᚳᛁᛏᛁᛖᛋ,494
accelerometer,893964,1,ᚪᚳᚳᛖᛚᛖᚱᚩᛗᛖᛏᛖᚱ,623
interlocutors,887909,1,ᛁᚾᛏᛖᚱᛚᚩᚳᚢᛏᚩᚱᛋ,423
decentralised,887728,1,ᛞᛖᚳᛖᚾᛏᚱᚪᛚᛁᛋᛖᛞ,745
acrylonitrile,885359,1,ᚪᚳᚱᚣᛚᚩᚾᛁᛏᚱᛁᛚᛖ,605
distributable,884185,1,ᛞᛁᛋᛏᚱᛁᛒᚢᛏᚪᛒᛚᛖ,695
presumptively,883322,1,ᛈᚱᛖᛋᚢᛗᛈᛏᛁᚢᛖᛚᚣ,627
egalitarianism,881129,1,ᛖᚷᚪᛚᛁᛏᚪᚱᛡᚾᛁᛋᛗ,743
incrementally,880282,1,ᛁᚾᚳᚱᛖᛗᛖᚾᛏᚪᛚᛚᚣ,723
inconsiderate,876860,1,ᛁᚾᚳᚩᚾᛋᛁᛞᛖᚱᚪᛏᛖ,583
unrepresented,875573,1,ᚢᚾᚱᛖᛈᚱᛖᛋᛖᚾᛏᛖᛞ,595
delinquencies,873373,1,ᛞᛖᛚᛁᚾᚳᚹᛖᚾᚳᛁᛖᛋ,581
gynecological,867529,1,ᚷᚣᚾᛖᚳᚩᛚᚩᚷᛁᚳᚪᛚ,547
spectacularly,866712,1,ᛋᛈᛖᚳᛏᚪᚳᚢᛚᚪᚱᛚᚣ,705
imaginatively,866550,1,ᛁᛗᚪᚷᛁᚾᚪᛏᛁᚢᛖᛚᚣ,709
employability,860196,1,ᛖᛗᛈᛚᚩᚣᚪᛒᛁᛚᛁᛏᚣ,819
subpopulations,858236,1,ᛋᚢᛒᛈᚩᛈᚢᛚᚪᛏᛡᚾᛋ,631
genitourinary,851614,1,ᚷᛖᚾᛁᛏᚩᚢᚱᛁᚾᚪᚱᚣ,495
counterclaims,851312,1,ᚳᚩᚢᚾᛏᛖᚱᚳᛚᚪᛁᛗᛋ,527
tranquilizers,850600,1,ᛏᚱᚪᚾᚳᚹᛁᛚᛁᛋᛖᚱᛋ,547
scholasticism,850181,1,ᛋᚳᚻᚩᛚᚪᛋᛏᛁᚳᛁᛋᛗ,577
insupportable,845533,1,ᛁᚾᛋᚢᛈᛈᚩᚱᛏᚪᛒᛚᛖ,577
generalissimo,843878,1,ᚷᛖᚾᛖᚱᚪᛚᛁᛋᛋᛁᛗᚩ,607
uncompensated,839874,1,ᚢᚾᚳᚩᛗᛈᛖᚾᛋᚪᛏᛖᛞ,627
substantively,839611,1,ᛋᚢᛒᛋᛏᚪᚾᛏᛁᚢᛖᛚᚣ,691
disfigurement,839146,1,ᛞᛁᛋᚠᛁᚷᚢᚱᛖᛗᛖᚾᛏ,530
parliamentarian,838888,1,ᛈᚪᚱᛚᛡᛗᛖᚾᛏᚪᚱᛡᚾ,801
uncollectible,834289,1,ᚢᚾᚳᚩᛚᛚᛖᚳᛏᛁᛒᛚᛖ,569
extravagantly,834276,1,ᛖᛉᛏᚱᚪᚢᚪᚷᚪᚾᛏᛚᚣ,759
incredulously,834146,1,ᛁᚾᚳᚱᛖᛞᚢᛚᚩᚢᛋᛚᚣ,555
spectrometric,832038,1,ᛋᛈᛖᚳᛏᚱᚩᛗᛖᛏᚱᛁᚳ,505
transshipment,830025,1,ᛏᚱᚪᚾᛋᛋᚻᛁᛈᛗᛖᚾᛏ,625
hypertrophied,826102,1,ᚻᚣᛈᛖᚱᛏᚱᚩᛈᚻᛁᛖᛞ,577
neuroblastoma,824875,1,ᚾᛖᚢᚱᚩᛒᛚᚪᛋᛏᚩᛗᚪ,635
transmigration,824145,1,ᛏᚱᚪᚾᛋᛗᛁᚷᚱᚪᛏᛡᚾ,671
foreknowledge,821084,1,ᚠᚩᚱᛖᚳᚾᚩᚹᛚᛖᛞᚷᛖ,468
unconquerable,820637,1,ᚢᚾᚳᚩᚾᚳᚹᛖᚱᚪᛒᛚᛖ,489
metalliferous,817567,1,ᛗᛖᛏᚪᛚᛚᛁᚠᛖᚱᚩᚢᛋ,614
saponification,817459,1,ᛋᚪᛈᚩᚾᛁᚠᛁᚳᚪᛏᛡᚾ,598
impressionable,816659,1,ᛁᛗᛈᚱᛖᛋᛋᛡᚾᚪᛒᛚᛖ,763
pneumoconiosis,813782,1,ᛈᚾᛖᚢᛗᚩᚳᚩᚾᛡᛋᛁᛋ,513
commonalities,812539,1,ᚳᚩᛗᛗᚩᚾᚪᛚᛁᛏᛁᛖᛋ,609
traditionalist,811396,1,ᛏᚱᚪᛞᛁᛏᛡᚾᚪᛚᛁᛋᛏ,795
centralisation,811061,1,ᚳᛖᚾᛏᚱᚪᛚᛁᛋᚪᛏᛡᚾ,725
misstatements,809372,1,ᛗᛁᛋᛋᛏᚪᛏᛖᛗᛖᚾᛏᛋ,769
psychoanalyst,809005,1,ᛈᛋᚣᚳᚻᚩᚪᚾᚪᛚᚣᛋᛏ,753
seismological,808109,1,ᛋᛖᛁᛋᛗᚩᛚᚩᚷᛁᚳᚪᛚ,593
hermeneutical,805550,1,ᚻᛖᚱᛗᛖᚾᛖᚢᛏᛁᚳᚪᛚ,611
multicellular,804552,1,ᛗᚢᛚᛏᛁᚳᛖᛚᛚᚢᛚᚪᚱ,647
misapplication,804250,1,ᛗᛁᛋᚪᛈᛈᛚᛁᚳᚪᛏᛡᚾ,747
expressionless,803310,1,ᛖᛉᛈᚱᛖᛋᛋᛡᚾᛚᛖᛋᛋ,723
marketability,796894,1,ᛗᚪᚱᚳᛖᛏᚪᛒᛁᛚᛁᛏᚣ,773
embryogenesis,787378,1,ᛖᛗᛒᚱᚣᚩᚷᛖᚾᛖᛋᛁᛋ,637
inhomogeneity,783952,1,ᛁᚾᚻᚩᛗᚩᚷᛖᚾᛖᛁᛏᚣ,541
congratulatory,780863,1,ᚳᚩᛝᚱᚪᛏᚢᛚᚪᛏᚩᚱᚣ,619
reintroduction,780499,1,ᚱᛖᛁᚾᛏᚱᚩᛞᚢᚳᛏᛡᚾ,515
algebraically,778860,1,ᚪᛚᚷᛖᛒᚱᚪᛁᚳᚪᛚᛚᚣ,813
enforceability,778634,1,ᛖᚾᚠᚩᚱᚳᛠᛒᛁᛚᛁᛏᚣ,596
inflexibility,777656,1,ᛁᚾᚠᛚᛖᛉᛁᛒᛁᛚᛁᛏᚣ,638
reformatories,772636,1,ᚱᛖᚠᚩᚱᛗᚪᛏᚩᚱᛁᛖᛋ,494
unadulterated,772311,1,ᚢᚾᚪᛞᚢᛚᛏᛖᚱᚪᛏᛖᛞ,743
unwarrantable,771926,1,ᚢᚾᚹᚪᚱᚱᚪᚾᛏᚪᛒᛚᛖ,653
charlottetown,771346,1,ᚳᚻᚪᚱᛚᚩᛏᛏᛖᛏᚩᚹᚾ,523
lactobacillus,768463,1,ᛚᚪᚳᛏᚩᛒᚪᚳᛁᛚᛚᚢᛋ,653
anthropometric,768153,1,ᚪᚾᚦᚱᚩᛈᚩᛗᛖᛏᚱᛁᚳ,451
effervescence,764064,1,ᛖᚠᚠᛖᚱᚢᛖᛋᚳᛖᚾᚳᛖ,461
polymerisation,762068,1,ᛈᚩᛚᚣᛗᛖᚱᛁᛋᚪᛏᛡᚾ,751
serviceability,759315,1,ᛋᛖᚱᚢᛁᚳᛠᛒᛁᛚᛁᛏᚣ,645
overpopulation,756574,1,ᚩᚢᛖᚱᛈᚩᛈᚢᛚᚪᛏᛡᚾ,549
otolaryngology,754954,1,ᚩᛏᚩᛚᚪᚱᚣᛝᚩᛚᚩᚷᚣ,643
transportable,754586,1,ᛏᚱᚪᚾᛋᛈᚩᚱᛏᚪᛒᛚᛖ,667
participations,753193,1,ᛈᚪᚱᛏᛁᚳᛁᛈᚪᛏᛡᚾᛋ,673
irretrievably,750814,1,ᛁᚱᚱᛖᛏᚱᛁᛖᚢᚪᛒᛚᚣ,625
chattahoochee,744422,1,ᚳᚻᚪᛏᛏᚪᚻᚩᚩᚳᚻᛖᛖ,555
interactivity,744241,1,ᛁᚾᛏᛖᚱᚪᚳᛏᛁᚢᛁᛏᚣ,593
superannuated,742719,1,ᛋᚢᛈᛖᚱᚪᚾᚾᚢᚪᛏᛖᛞ,647
uncoordinated,741329,1,ᚢᚾᚳᚩᚩᚱᛞᛁᚾᚪᛏᛖᛞ,531
specializations,740988,1,ᛋᛈᛖᚳᛡᛚᛁᛋᚪᛏᛡᚾᛋ,785
territoriality,740646,1,ᛏᛖᚱᚱᛁᛏᚩᚱᛡᛚᛁᛏᚣ,629
hermaphrodite,734808,1,ᚻᛖᚱᛗᚪᛈᚻᚱᚩᛞᛁᛏᛖ,599
radiotelephone,733446,1,ᚱᚪᛞᛡᛏᛖᛚᛖᛈᚻᚩᚾᛖ,739
intracerebral,733117,1,ᛁᚾᛏᚱᚪᚳᛖᚱᛖᛒᚱᚪᛚ,627
syntactically,732605,1,ᛋᚣᚾᛏᚪᚳᛏᛁᚳᚪᛚᛚᚣ,803
extravagances,732483,1,ᛖᛉᛏᚱᚪᚢᚪᚷᚪᚾᚳᛖᛋ,657
fantastically,732133,1,ᚠᚪᚾᛏᚪᛋᛏᛁᚳᚪᛚᛚᚣ,786
bacteriologist,731790,1,ᛒᚪᚳᛏᛖᚱᛡᛚᚩᚷᛁᛋᛏ,655
rhododendrons,729564,1,ᚱᚻᚩᛞᚩᛞᛖᚾᛞᚱᚩᚾᛋ,511
penitentiaries,728841,1,ᛈᛖᚾᛁᛏᛖᚾᛏᛡᚱᛁᛖᛋ,653
dishonourable,727514,1,ᛞᛁᛋᚻᚩᚾᚩᚢᚱᚪᛒᛚᛖ,551
conservatoire,726656,1,ᚳᚩᚾᛋᛖᚱᚢᚪᛏᚩᛁᚱᛖ,455
overstatement,726239,1,ᚩᚢᛖᚱᛋᛏᚪᛏᛖᛗᛖᚾᛏ,649
conspiratorial,725019,1,ᚳᚩᚾᛋᛈᛁᚱᚪᛏᚩᚱᛡᛚ,541
incorporations,724478,1,ᛁᚾᚳᚩᚱᛈᚩᚱᚪᛏᛡᚾᛋ,497
ornithological,720643,1,ᚩᚱᚾᛁᚦᚩᛚᚩᚷᛁᚳᚪᛚ,401
contractually,718164,1,ᚳᚩᚾᛏᚱᚪᚳᛏᚢᚪᛚᛚᚣ,637
clarifications,717547,1,ᚳᛚᚪᚱᛁᚠᛁᚳᚪᛏᛡᚾᛋ,616
ineligibility,715650,1,ᛁᚾᛖᛚᛁᚷᛁᛒᛁᛚᛁᛏᚣ,637
conditionality,714863,1,ᚳᚩᚾᛞᛁᛏᛡᚾᚪᛚᛁᛏᚣ,727
cinematograph,714858,1,ᚳᛁᚾᛖᛗᚪᛏᚩᚷᚱᚪᛈᚻ,565
polycarbonate,714718,1,ᛈᚩᛚᚣᚳᚪᚱᛒᚩᚾᚪᛏᛖ,667
interpolations,714264,1,ᛁᚾᛏᛖᚱᛈᚩᛚᚪᛏᛡᚾᛋ,665
unsymmetrical,713979,1,ᚢᚾᛋᚣᛗᛗᛖᛏᚱᛁᚳᚪᛚ,681
cholecystitis,712990,1,ᚳᚻᚩᛚᛖᚳᚣᛋᛏᛁᛏᛁᛋ,585
refurbishment,712962,1,ᚱᛖᚠᚢᚱᛒᛁᛋᚻᛗᛖᚾᛏ,488
undistinguished,712183,1,ᚢᚾᛞᛁᛋᛏᛝᚢᛁᛋᚻᛖᛞ,609
uncooperative,707599,1,ᚢᚾᚳᚩᚩᛈᛖᚱᚪᛏᛁᚢᛖ,437
discriminator,707471,1,ᛞᛁᛋᚳᚱᛁᛗᛁᚾᚪᛏᚩᚱ,533
disincentives,706389,1,ᛞᛁᛋᛁᚾᚳᛖᚾᛏᛁᚢᛖᛋ,555
sleeplessness,704730,1,ᛋᛚᛖᛖᛈᛚᛖᛋᛋᚾᛖᛋᛋ,751
irretrievable,702915,1,ᛁᚱᚱᛖᛏᚱᛁᛖᚢᚪᛒᛚᛖ,589
decompositions,702570,1,ᛞᛖᚳᚩᛗᛈᚩᛋᛁᛏᛡᚾᛋ,629
misrepresenting,700006,1,ᛗᛁᛋᚱᛖᛈᚱᛖᛋᛖᚾᛏᛝ,641
discreditable,695198,1,ᛞᛁᛋᚳᚱᛖᛞᛁᛏᚪᛒᛚᛖ,741
reinterpreted,694956,1,ᚱᛖᛁᚾᛏᛖᚱᛈᚱᛖᛏᛖᛞ,611
chromatograms,692667,1,ᚳᚻᚱᚩᛗᚪᛏᚩᚷᚱᚪᛗᛋ,537
intransigence,690791,1,ᛁᚾᛏᚱᚪᚾᛋᛁᚷᛖᚾᚳᛖ,533
circumstanced,689776,1,ᚳᛁᚱᚳᚢᛗᛋᛏᚪᚾᚳᛖᛞ,549
polarographic,685622,1,ᛈᚩᛚᚪᚱᚩᚷᚱᚪᛈᚻᛁᚳ,473
protectorates,683539,1,ᛈᚱᚩᛏᛖᚳᛏᚩᚱᚪᛏᛖᛋ,553
toxoplasmosis,682065,1,ᛏᚩᛉᚩᛈᛚᚪᛋᛗᚩᛋᛁᛋ,601
miscalculation,678078,1,ᛗᛁᛋᚳᚪᛚᚳᚢᛚᚪᛏᛡᚾ,719
unimaginative,672572,1,ᚢᚾᛁᛗᚪᚷᛁᚾᚪᛏᛁᚢᛖ,565
hypothetically,671025,1,ᚻᚣᛈᚩᚦᛖᛏᛁᚳᚪᛚᛚᚣ,697
thermochemical,669680,1,ᚦᛖᚱᛗᚩᚳᚻᛖᛗᛁᚳᚪᛚ,549
prohibitively,669664,1,ᛈᚱᚩᚻᛁᛒᛁᛏᛁᚢᛖᛚᚣ,543
stylistically,667500,1,ᛋᛏᚣᛚᛁᛋᛏᛁᚳᚪᛚᛚᚣ,821
existentialist,665041,1,ᛖᛉᛁᛋᛏᛖᚾᛏᛡᛚᛁᛋᛏ,735
protuberances,663180,1,ᛈᚱᚩᛏᚢᛒᛖᚱᚪᚾᚳᛖᛋ,521
attentiveness,661242,1,ᚪᛏᛏᛖᚾᛏᛁᚢᛖᚾᛖᛋᛋ,673
ornithologists,659193,1,ᚩᚱᚾᛁᚦᚩᛚᚩᚷᛁᛋᛏᛋ,383
pentobarbital,655404,1,ᛈᛖᚾᛏᚩᛒᚪᚱᛒᛁᛏᚪᛚ,695
pragmatically,652214,1,ᛈᚱᚪᚷᛗᚪᛏᛁᚳᚪᛚᛚᚣ,785
traditionalism,648856,1,ᛏᚱᚪᛞᛁᛏᛡᚾᚪᛚᛁᛋᛗ,807
gratifications,647662,1,ᚷᚱᚪᛏᛁᚠᛁᚳᚪᛏᛡᚾᛋ,606
ostentatiously,645092,1,ᚩᛋᛏᛖᚾᛏᚪᛏᛡᚢᛋᛚᚣ,769
inclusiveness,645010,1,ᛁᚾᚳᛚᚢᛋᛁᚢᛖᚾᛖᛋᛋ,505
disaggregation,644912,1,ᛞᛁᛋᚪᚷᚷᚱᛖᚷᚪᛏᛡᚾ,691
unselfishness,643240,1,ᚢᚾᛋᛖᛚᚠᛁᛋᚻᚾᛖᛋᛋ,536
metallurgists,635843,1,ᛗᛖᛏᚪᛚᛚᚢᚱᚷᛁᛋᛏᛋ,667
postmodernist,635503,1,ᛈᚩᛋᛏᛗᚩᛞᛖᚱᚾᛁᛋᛏ,579
disappearances,633555,1,ᛞᛁᛋᚪᛈᛈᛠᚱᚪᚾᚳᛖᛋ,735
unaccountably,629949,1,ᚢᚾᚪᚳᚳᚩᚢᚾᛏᚪᛒᛚᚣ,587
prostatectomy,628883,1,ᛈᚱᚩᛋᛏᚪᛏᛖᚳᛏᚩᛗᚣ,649
underemployed,628817,1,ᚢᚾᛞᛖᚱᛖᛗᛈᛚᚩᚣᛖᛞ,719
pervasiveness,628758,1,ᛈᛖᚱᚢᚪᛋᛁᚢᛖᚾᛖᛋᛋ,577
meteorologists,628356,1,ᛗᛖᛏᛇᚱᚩᛚᚩᚷᛁᛋᛏᛋ,549
precipitously,627826,1,ᛈᚱᛖᚳᛁᛈᛁᛏᚩᚢᛋᛚᚣ,537
capitalisation,627444,1,ᚳᚪᛈᛁᛏᚪᛚᛁᛋᚪᛏᛡᚾ,789
photoreceptor,626178,1,ᛈᚻᚩᛏᚩᚱᛖᚳᛖᛈᛏᚩᚱ,417
evangelicalism,623490,1,ᛖᚢᚪᛝᛖᛚᛁᚳᚪᛚᛁᛋᛗ,755
primogeniture,621100,1,ᛈᚱᛁᛗᚩᚷᛖᚾᛁᛏᚢᚱᛖ,447
progressivism,620823,1,ᛈᚱᚩᚷᚱᛖᛋᛋᛁᚢᛁᛋᛗ,451
synchronously,619678,1,ᛋᚣᚾᚳᚻᚱᚩᚾᚩᚢᛋᛚᚣ,507
suppositories,615406,1,ᛋᚢᛈᛈᚩᛋᛁᛏᚩᚱᛁᛖᛋ,461
impressionists,614041,1,ᛁᛗᛈᚱᛖᛋᛋᛡᚾᛁᛋᛏᛋ,661
microanalysis,612259,1,ᛗᛁᚳᚱᚩᚪᚾᚪᛚᚣᛋᛁᛋ,669
nonproductive,611737,1,ᚾᚩᚾᛈᚱᚩᛞᚢᚳᛏᛁᚢᛖ,391
pathologically,609764,1,ᛈᚪᚦᚩᛚᚩᚷᛁᚳᚪᛚᛚᚣ,639
transparently,608552,1,ᛏᚱᚪᚾᛋᛈᚪᚱᛖᚾᛏᛚᚣ,731
recriminations,605778,1,ᚱᛖᚳᚱᛁᛗᛁᚾᚪᛏᛡᚾᛋ,609
unintelligent,605724,1,ᚢᚾᛁᚾᛏᛖᛚᛚᛁᚷᛖᚾᛏ,567
sociolinguistics,605640,1,ᛋᚩᚳᛡᛚᛝᚢᛁᛋᛏᛁᚳᛋ,575
sensationalism,605031,1,ᛋᛖᚾᛋᚪᛏᛡᚾᚪᛚᛁᛋᛗ,819
chiropractors,602486,1,ᚳᚻᛁᚱᚩᛈᚱᚪᚳᛏᚩᚱᛋ,379
temporalities,599554,1,ᛏᛖᛗᛈᚩᚱᚪᛚᛁᛏᛁᛖᛋ,669
nonrecognition,597722,1,ᚾᚩᚾᚱᛖᚳᚩᚷᚾᛁᛏᛡᚾ,435
defensiveness,593923,1,ᛞᛖᚠᛖᚾᛋᛁᚢᛖᚾᛖᛋᛋ,610
popularization,592932,1,ᛈᚩᛈᚢᛚᚪᚱᛁᛋᚪᛏᛡᚾ,653
spatiotemporal,592459,1,ᛋᛈᚪᛏᛡᛏᛖᛗᛈᚩᚱᚪᛚ,787
unobtrusively,591556,1,ᚢᚾᚩᛒᛏᚱᚢᛋᛁᚢᛖᛚᚣ,503
heterotrophic,590584,1,ᚻᛖᛏᛖᚱᚩᛏᚱᚩᛈᚻᛁᚳ,421
interpretable,590095,1,ᛁᚾᛏᛖᚱᛈᚱᛖᛏᚪᛒᛚᛖ,675
retransmission,588916,1,ᚱᛖᛏᚱᚪᚾᛋᛗᛁᛋᛋᛡᚾ,671
legislatively,587660,1,ᛚᛖᚷᛁᛋᛚᚪᛏᛁᚢᛖᛚᚣ,747
sharecroppers,584667,1,ᛋᚻᚪᚱᛖᚳᚱᚩᛈᛈᛖᚱᛋ,499
roentgenograms,584167,1,ᚱᛟᚾᛏᚷᛖᚾᚩᚷᚱᚪᛗᛋ,551
clandestinely,583983,1,ᚳᛚᚪᚾᛞᛖᛋᛏᛁᚾᛖᛚᚣ,783
thermoplastics,580757,1,ᚦᛖᚱᛗᚩᛈᛚᚪᛋᛏᛁᚳᛋ,583
preternatural,578023,1,ᛈᚱᛖᛏᛖᚱᚾᚪᛏᚢᚱᚪᛚ,627
masculinities,577133,1,ᛗᚪᛋᚳᚢᛚᛁᚾᛁᛏᛁᛖᛋ,611
gastrocnemius,576995,1,ᚷᚪᛋᛏᚱᚩᚳᚾᛖᛗᛁᚢᛋ,511
extracorporeal,574796,1,ᛖᛉᛏᚱᚪᚳᚩᚱᛈᚩᚱᛠᛚ,555
nondisclosure,573509,1,ᚾᚩᚾᛞᛁᛋᚳᛚᚩᛋᚢᚱᛖ,465
militarization,573315,1,ᛗᛁᛚᛁᛏᚪᚱᛁᛋᚪᛏᛡᚾ,749
heterozygotes,570438,1,ᚻᛖᛏᛖᚱᚩᛋᚣᚷᚩᛏᛖᛋ,593
sportsmanship,568390,1,ᛋᛈᚩᚱᛏᛋᛗᚪᚾᛋᚻᛁᛈ,573
uninhabitable,565975,1,ᚢᚾᛁᚾᚻᚪᛒᛁᛏᚪᛒᛚᛖ,661
corticotropin,565527,1,ᚳᚩᚱᛏᛁᚳᚩᛏᚱᚩᛈᛁᚾ,321
directionality,564051,1,ᛞᛁᚱᛖᚳᛏᛡᚾᚪᛚᛁᛏᚣ,769
interactively,563519,1,ᛁᚾᛏᛖᚱᚪᚳᛏᛁᚢᛖᛚᚣ,643
intraspecific,561729,1,ᛁᚾᛏᚱᚪᛋᛈᛖᚳᛁᚠᛁᚳ,480
concentrators,560360,1,ᚳᚩᚾᚳᛖᚾᛏᚱᚪᛏᚩᚱᛋ,455
sharpshooters,557352,1,ᛋᚻᚪᚱᛈᛋᚻᚩᚩᛏᛖᚱᛋ,507
supercomputer,553391,1,ᛋᚢᛈᛖᚱᚳᚩᛗᛈᚢᛏᛖᚱ,451
promiscuously,551254,1,ᛈᚱᚩᛗᛁᛋᚳᚢᚩᚢᛋᛚᚣ,471
secretaryship,549314,1,ᛋᛖᚳᚱᛖᛏᚪᚱᚣᛋᚻᛁᛈ,631
disfranchised,546772,1,ᛞᛁᛋᚠᚱᚪᚾᚳᚻᛁᛋᛖᛞ,588
entrenchments,546318,1,ᛖᚾᛏᚱᛖᚾᚳᚻᛗᛖᚾᛏᛋ,577
underestimating,546208,1,ᚢᚾᛞᛖᚱᛖᛋᛏᛁᛗᚪᛏᛝ,715
multifactorial,545554,1,ᛗᚢᛚᛏᛁᚠᚪᚳᛏᚩᚱᛡᛚ,606
extemporaneous,543509,1,ᛖᛉᛏᛖᛗᛈᚩᚱᚪᚾᛇᚢᛋ,595
translocations,543459,1,ᛏᚱᚪᚾᛋᛚᚩᚳᚪᛏᛡᚾᛋ,687
antisubmarine,542735,1,ᚪᚾᛏᛁᛋᚢᛒᛗᚪᚱᛁᚾᛖ,639
superficiality,540785,1,ᛋᚢᛈᛖᚱᚠᛁᚳᛡᛚᛁᛏᚣ,596
gynecologists,540393,1,ᚷᚣᚾᛖᚳᚩᛚᚩᚷᛁᛋᛏᛋ,529
disciplinarian,539937,1,ᛞᛁᛋᚳᛁᛈᛚᛁᚾᚪᚱᛡᚾ,637
anticommunist,539375,1,ᚪᚾᛏᛁᚳᚩᛗᛗᚢᚾᛁᛋᛏ,553
nondeductible,532483,1,ᚾᚩᚾᛞᛖᛞᚢᚳᛏᛁᛒᛚᛖ,617
ontologically,531860,1,ᚩᚾᛏᚩᛚᚩᚷᛁᚳᚪᛚᛚᚣ,589
extrapolations,531470,1,ᛖᛉᛏᚱᚪᛈᚩᛚᚪᛏᛡᚾᛋ,749
businesspeople,529200,1,ᛒᚢᛋᛁᚾᛖᛋᛋᛈᛇᛈᛚᛖ,617
neuropathology,527430,1,ᚾᛖᚢᚱᚩᛈᚪᚦᚩᛚᚩᚷᚣ,469
monopolization,527185,1,ᛗᚩᚾᚩᛈᚩᛚᛁᛋᚪᛏᛡᚾ,613
schoolteachers,527018,1,ᛋᚳᚻᚩᚩᛚᛏᛠᚳᚻᛖᚱᛋ,511
recognizances,526706,1,ᚱᛖᚳᚩᚷᚾᛁᛋᚪᚾᚳᛖᛋ,487
overestimation,526620,1,ᚩᚢᛖᚱᛖᛋᛏᛁᛗᚪᛏᛡᚾ,661
minicomputers,526127,1,ᛗᛁᚾᛁᚳᚩᛗᛈᚢᛏᛖᚱᛋ,489
thromboplastin,525743,1,ᚦᚱᚩᛗᛒᚩᛈᛚᚪᛋᛏᛁᚾ,547
indispensible,524835,1,ᛁᚾᛞᛁᛋᛈᛖᚾᛋᛁᛒᛚᛖ,657
counterfeited,522730,1,ᚳᚩᚢᚾᛏᛖᚱᚠᛖᛁᛏᛖᛞ,504
significations,522630,1,ᛋᛁᚷᚾᛁᚠᛁᚳᚪᛏᛡᚾᛋ,552
proprioceptive,522087,1,ᛈᚱᚩᛈᚱᛡᚳᛖᛈᛏᛁᚢᛖ,505
hallucinatory,518025,1,ᚻᚪᛚᛚᚢᚳᛁᚾᚪᛏᚩᚱᚣ,619
archbishopric,517974,1,ᚪᚱᚳᚻᛒᛁᛋᚻᚩᛈᚱᛁᚳ,417
unclassifiable,516507,1,ᚢᚾᚳᛚᚪᛋᛋᛁᚠᛡᛒᛚᛖ,662
transgressors,516413,1,ᛏᚱᚪᚾᛋᚷᚱᛖᛋᛋᚩᚱᛋ,521
reproachfully,514717,1,ᚱᛖᛈᚱᚩᚪᚳᚻᚠᚢᛚᛚᚣ,526
interconnects,514660,1,ᛁᚾᛏᛖᚱᚳᚩᚾᚾᛖᚳᛏᛋ,467
preliminarily,513648,1,ᛈᚱᛖᛚᛁᛗᛁᚾᚪᚱᛁᛚᚣ,671
precipitately,513549,1,ᛈᚱᛖᚳᛁᛈᛁᛏᚪᛏᛖᛚᚣ,697
imperturbable,513485,1,ᛁᛗᛈᛖᚱᛏᚢᚱᛒᚪᛒᛚᛖ,655
inexpensively,513328,1,ᛁᚾᛖᛉᛈᛖᚾᛋᛁᚢᛖᛚᚣ,643
intrenchments,512957,1,ᛁᚾᛏᚱᛖᚾᚳᚻᛗᛖᚾᛏᛋ,541
improvisations,512882,1,ᛁᛗᛈᚱᚩᚢᛁᛋᚪᛏᛡᚾᛋ,595
hematological,511935,1,ᚻᛖᛗᚪᛏᚩᛚᚩᚷᛁᚳᚪᛚ,635
thyrotoxicosis,508811,1,ᚦᚣᚱᚩᛏᚩᛉᛁᚳᚩᛋᛁᛋ,427
providentially,505443,1,ᛈᚱᚩᚢᛁᛞᛖᚾᛏᛡᛚᛚᚣ,695
unidentifiable,502832,1,ᚢᚾᛁᛞᛖᚾᛏᛁᚠᛡᛒᛚᛖ,648
reverberations,502098,1,ᚱᛖᚢᛖᚱᛒᛖᚱᚪᛏᛡᚾᛋ,643
mischievously,500267,1,ᛗᛁᛋᚳᚻᛁᛖᚢᚩᚢᛋᛚᚣ,531
insectivorous,496951,1,ᛁᚾᛋᛖᚳᛏᛁᚢᚩᚱᚩᚢᛋ,367
inexpressibly,496950,1,ᛁᚾᛖᛉᛈᚱᛖᛋᛋᛁᛒᛚᚣ,669
transcultural,494143,1,ᛏᚱᚪᚾᛋᚳᚢᛚᛏᚢᚱᚪᛚ,581
disinvestment,493235,1,ᛞᛁᛋᛁᚾᚢᛖᛋᛏᛗᛖᚾᛏ,641
naturalisation,492607,1,ᚾᚪᛏᚢᚱᚪᛚᛁᛋᚪᛏᛡᚾ,745
eccentrically,492319,1,ᛖᚳᚳᛖᚾᛏᚱᛁᚳᚪᛚᛚᚣ,649
statesmanlike,492128,1,ᛋᛏᚪᛏᛖᛋᛗᚪᚾᛚᛁᚳᛖ,769
indispensably,492031,1,ᛁᚾᛞᛁᛋᛈᛖᚾᛋᚪᛒᛚᚣ,759
countermeasure,492008,1,ᚳᚩᚢᚾᛏᛖᚱᛗᛠᛋᚢᚱᛖ,503
metabolically,491897,1,ᛗᛖᛏᚪᛒᚩᛚᛁᚳᚪᛚᛚᚣ,825
adrenalectomy,491464,1,ᚪᛞᚱᛖᚾᚪᛚᛖᚳᛏᚩᛗᚣ,783
disintegrates,490433,1,ᛞᛁᛋᛁᚾᛏᛖᚷᚱᚪᛏᛖᛋ,663
gentrification,488210,1,ᚷᛖᚾᛏᚱᛁᚠᛁᚳᚪᛏᛡᚾ,552
particularism,486888,1,ᛈᚪᚱᛏᛁᚳᚢᛚᚪᚱᛁᛋᛗ,593
embryological,486693,1,ᛖᛗᛒᚱᚣᚩᛚᚩᚷᛁᚳᚪᛚ,631
unfaithfulness,486678,1,ᚢᚾᚠᚪᛁᚦᚠᚢᛚᚾᛖᛋᛋ,447
substructures,486550,1,ᛋᚢᛒᛋᛏᚱᚢᚳᛏᚢᚱᛖᛋ,449
appreciatively,483183,1,ᚪᛈᛈᚱᛖᚳᛡᛏᛁᚢᛖᛚᚣ,717
nonstructural,481904,1,ᚾᚩᚾᛋᛏᚱᚢᚳᛏᚢᚱᚪᛚ,447
protectionists,481642,1,ᛈᚱᚩᛏᛖᚳᛏᛡᚾᛁᛋᛏᛋ,591
efflorescence,481286,1,ᛖᚠᚠᛚᚩᚱᛖᛋᚳᛖᚾᚳᛖ,471
subcontracted,480599,1,ᛋᚢᛒᚳᚩᚾᛏᚱᚪᚳᛏᛖᛞ,561
superordinate,478523,1,ᛋᚢᛈᛖᚱᚩᚱᛞᛁᚾᚪᛏᛖ,567
uncircumcised,477775,1,ᚢᚾᚳᛁᚱᚳᚢᛗᚳᛁᛋᛖᛞ,427
westernization,477658,1,ᚹᛖᛋᛏᛖᚱᚾᛁᛋᚪᛏᛡᚾ,681
categorisation,476846,1,ᚳᚪᛏᛖᚷᚩᚱᛁᛋᚪᛏᛡᚾ,647
blandishments,474453,1,ᛒᛚᚪᚾᛞᛁᛋᚻᛗᛖᚾᛏᛋ,735
mohammedanism,472771,1,ᛗᚩᚻᚪᛗᛗᛖᛞᚪᚾᛁᛋᛗ,777
gynaecological,471949,1,ᚷᚣᚾᚫᚳᚩᛚᚩᚷᛁᚳᚪᛚ,581
psychophysics,471265,1,ᛈᛋᚣᚳᚻᚩᛈᚻᚣᛋᛁᚳᛋ,561
unenlightened,470699,1,ᚢᚾᛖᚾᛚᛁᚷᚻᛏᛖᚾᛖᛞ,583
magnifications,470416,1,ᛗᚪᚷᚾᛁᚠᛁᚳᚪᛏᛡᚾᛋ,636
kaleidoscopic,470180,1,ᚳᚪᛚᛖᛁᛞᚩᛋᚳᚩᛈᛁᚳ,537
spiritualists,468685,1,ᛋᛈᛁᚱᛁᛏᚢᚪᛚᛁᛋᛏᛋ,597
gonadotropins,465179,1,ᚷᚩᚾᚪᛞᚩᛏᚱᚩᛈᛁᚾᛋ,479
pontchartrain,464615,1,ᛈᚩᚾᛏᚳᚻᚪᚱᛏᚱᚪᛁᚾ,509
incapacitation,464000,1,ᛁᚾᚳᚪᛈᚪᚳᛁᛏᚪᛏᛡᚾ,705
officeholders,463135,1,ᚩᚠᚠᛁᚳᛖᚻᚩᛚᛞᛖᚱᛋ,445
congressionally,462444,1,ᚳᚩᛝᚱᛖᛋᛋᛡᚾᚪᛚᛚᚣ,765
indoctrinated,460577,1,ᛁᚾᛞᚩᚳᛏᚱᛁᚾᚪᛏᛖᛞ,611
radicalization,458942,1,ᚱᚪᛞᛁᚳᚪᛚᛁᛋᚪᛏᛡᚾ,787
confraternity,455155,1,ᚳᚩᚾᚠᚱᚪᛏᛖᚱᚾᛁᛏᚣ,518
unproblematic,454841,1,ᚢᚾᛈᚱᚩᛒᛚᛖᛗᚪᛏᛁᚳ,565
incombustible,454710,1,ᛁᚾᚳᚩᛗᛒᚢᛋᛏᛁᛒᛚᛖ,559
hallucinogens,449680,1,ᚻᚪᛚᛚᚢᚳᛁᚾᚩᚷᛖᚾᛋ,515
wholesomeness,449626,1,ᚹᚻᚩᛚᛖᛋᚩᛗᛖᚾᛖᛋᛋ,589
kidderminster,449067,1,ᚳᛁᛞᛞᛖᚱᛗᛁᚾᛋᛏᛖᚱ,621
picturesquely,448331,1,ᛈᛁᚳᛏᚢᚱᛖᛋᚳᚹᛖᛚᚣ,555
neutralisation,448152,1,ᚾᛖᚢᛏᚱᚪᛚᛁᛋᚪᛏᛡᚾ,715
undergarments,447798,1,ᚢᚾᛞᛖᚱᚷᚪᚱᛗᛖᚾᛏᛋ,603
sociologically,447651,1,ᛋᚩᚳᛡᛚᚩᚷᛁᚳᚪᛚᛚᚣ,667
eventualities,446595,1,ᛖᚢᛖᚾᛏᚢᚪᛚᛁᛏᛁᛖᛋ,639
antihistamine,446070,1,ᚪᚾᛏᛁᚻᛁᛋᛏᚪᛗᛁᚾᛖ,677
miniaturization,445748,1,ᛗᛁᚾᛡᛏᚢᚱᛁᛋᚪᛏᛡᚾ,687
erythropoiesis,445133,1,ᛖᚱᚣᚦᚱᚩᛈᚩᛁᛖᛋᛁᛋ,489
orthophosphate,444487,1,ᚩᚱᚦᚩᛈᚻᚩᛋᛈᚻᚪᛏᛖ,445
troublemakers,443408,1,ᛏᚱᚩᚢᛒᛚᛖᛗᚪᚳᛖᚱᛋ,593
potentiometers,441883,1,ᛈᚩᛏᛖᚾᛏᛡᛗᛖᛏᛖᚱᛋ,699
ophthalmoscope,439170,1,ᚩᛈᚻᚦᚪᛚᛗᚩᛋᚳᚩᛈᛖ,509
chlamydomonas,438718,1,ᚳᚻᛚᚪᛗᚣᛞᚩᛗᚩᚾᚪᛋ,733
astronautical,438056,1,ᚪᛋᛏᚱᚩᚾᚪᚢᛏᛁᚳᚪᛚ,629
catalytically,436847,1,ᚳᚪᛏᚪᛚᚣᛏᛁᚳᚪᛚᛚᚣ,891
actinomycetes,436838,1,ᚪᚳᛏᛁᚾᚩᛗᚣᚳᛖᛏᛖᛋ,669
extensibility,436124,1,ᛖᛉᛏᛖᚾᛋᛁᛒᛁᛚᛁᛏᚣ,711
superscription,435634,1,ᛋᚢᛈᛖᚱᛋᚳᚱᛁᛈᛏᛡᚾ,523
structureless,435586,1,ᛋᛏᚱᚢᚳᛏᚢᚱᛖᛚᛖᛋᛋ,525
familiarization,435212,1,ᚠᚪᛗᛁᛚᛡᚱᛁᛋᚪᛏᛡᚾ,768
monstrosities,434224,1,ᛗᚩᚾᛋᛏᚱᚩᛋᛁᛏᛁᛖᛋ,531
postindustrial,433415,1,ᛈᚩᛋᛏᛁᚾᛞᚢᛋᛏᚱᛡᛚ,617
agglomerations,433348,1,ᚪᚷᚷᛚᚩᛗᛖᚱᚪᛏᛡᚾᛋ,705
sulfanilamide,432789,1,ᛋᚢᛚᚠᚪᚾᛁᛚᚪᛗᛁᛞᛖ,716
undernutrition,432134,1,ᚢᚾᛞᛖᚱᚾᚢᛏᚱᛁᛏᛡᚾ,527
sovereignties,432098,1,ᛋᚩᚢᛖᚱᛖᛁᚷᚾᛏᛁᛖᛋ,495
visualizations,431585,1,ᚢᛁᛋᚢᚪᛚᛁᛋᚪᛏᛡᚾᛋ,689
excommunicate,430940,1,ᛖᛉᚳᚩᛗᛗᚢᚾᛁᚳᚪᛏᛖ,575
monosyllables,430587,1,ᛗᚩᚾᚩᛋᚣᛚᛚᚪᛒᛚᛖᛋ,767
unsuitability,430461,1,ᚢᚾᛋᚢᛁᛏᚪᛒᛁᛚᛁᛏᚣ,633
impersonality,430445,1,ᛁᛗᛈᛖᚱᛋᚩᚾᚪᛚᛁᛏᚣ,675
inefficiently,430143,1,ᛁᚾᛖᚠᚠᛁᚳᛁᛖᚾᛏᛚᚣ,537
metaphysicians,429792,1,ᛗᛖᛏᚪᛈᚻᚣᛋᛁᚳᛡᚾᛋ,749
irrecoverable,429261,1,ᛁᚱᚱᛖᚳᚩᚢᛖᚱᚪᛒᛚᛖ,519
recapitulated,428657,1,ᚱᛖᚳᚪᛈᛁᛏᚢᛚᚪᛏᛖᛞ,709
generalizable,428395,1,ᚷᛖᚾᛖᚱᚪᛚᛁᛋᚪᛒᛚᛖ,743
concessionaire,426301,1,ᚳᚩᚾᚳᛖᛋᛋᛡᚾᚪᛁᚱᛖ,577
disappointingly,426150,1,ᛞᛁᛋᚪᛈᛈᚩᛁᚾᛏᛝᛚᚣ,737
ethnographical,425787,1,ᛖᚦᚾᚩᚷᚱᚪᛈᚻᛁᚳᚪᛚ,513
unsubstituted,425533,1,ᚢᚾᛋᚢᛒᛋᛏᛁᛏᚢᛏᛖᛞ,569
actinomycosis,425231,1,ᚪᚳᛏᛁᚾᚩᛗᚣᚳᚩᛋᛁᛋ,567
proprietaries,424986,1,ᛈᚱᚩᛈᚱᛁᛖᛏᚪᚱᛁᛖᛋ,531
occupationally,423315,1,ᚩᚳᚳᚢᛈᚪᛏᛡᚾᚪᛚᛚᚣ,717
leptospirosis,422315,1,ᛚᛖᛈᛏᚩᛋᛈᛁᚱᚩᛋᛁᛋ,531
retrogressive,422226,1,ᚱᛖᛏᚱᚩᚷᚱᛖᛋᛋᛁᚢᛖ,457
accommodative,420291,1,ᚪᚳᚳᚩᛗᛗᚩᛞᚪᛏᛁᚢᛖ,625