such,a,1,1,365113066,1
have,a,1,1,357500631,1
from,a,1,1,349684657,1
into,a,1,1,232581744,1
like,a,1,1,187231945,1
when,i,1,1,169365216,1
only,a,1,1,137909391,1
make,a,1,1,133159023,1
when,a,1,1,122165625,1
been,a,1,1,119830469,1
made,a,1,1,107117106,1
what,i,1,1,106212664,1
over,a,1,1,91400695,1
having,a,1,1,82445623,1
upon,a,1,1,68624893,1
also,a,1,1,67884507,1
take,a,1,1,67648984,1
making,a,1,1,50704983,1
just,a,1,1,50624829,1
were,a,1,1,50308387,1
what,a,1,1,47352488,1
give,a,1,1,46761301,1
find,a,1,1,46517163,1
took,a,1,1,45073689,1
form,a,1,1,44596541,1
half,a,1,1,38745868,1
during,a,1,1,38412073,1
time,i,1,1,35514859,1
think,i,1,1,35493032,1
even,a,1,1,35362917,1
part,i,1,1,34778586,1
well,i,1,1,29105679,1
gave,a,1,1,28334046,1
once,a,1,1,27013249,1
whom,i,1,1,25263735,1
show,a,1,1,23534258,1
said,i,1,1,21998308,1
taking,a,1,1,21678025,1
time,a,1,1,21474712,1
play,a,1,1,20644402,1
many,a,1,1,19561227,1
means,a,1,1,17932515,1
giving,a,1,1,17613043,1
need,a,1,1,17505891,1
there,a,1,1,16957358,1
know,i,1,1,16840669,1
down,a,1,1,16812630,1
least,a,1,1,16484641,1
john,a,1,1,15718442,1
have,i,1,1,15570288,1
held,a,1,1,14710881,1
here,i,1,1,14631521,1
keep,a,1,1,13865367,1
leaving,a,1,1,13833967,1
sent,a,1,1,13341100,1
along,a,1,1,12615515,1
like,i,1,1,12337167,1
felt,a,1,1,12164182,1
heard,a,1,1,12099780,1
used,a,1,1,11877259,1
will,i,1,1,11769051,1
seen,a,1,1,11546807,1
hold,a,1,1,11345396,1
here,a,1,1,11100017,1
said,a,1,1,11095173,1
case,a,1,1,11042192,1
send,a,1,1,10915134,1
file,a,1,1,10604397,1
want,a,1,1,10435470,1
left,a,1,1,10030423,1
wearing,a,1,1,9869762,1
reach,a,1,1,9289430,1
call,a,1,1,9114407,1
plus,a,1,1,9090648,1
part,a,1,1,8979641,1
uses,a,1,1,8960482,1
draw,a,1,1,8794098,1
great,a,1,1,8601289,1
sure,i,1,1,8401113,1
there,i,1,1,8326575,1
years,a,1,1,8076197,1
years,i,1,1,7957651,1
much,a,1,1,7858023,1
fact,a,1,1,7821436,1
adding,a,1,1,7331670,1
came,a,1,1,7275168,1
wish,i,1,1,7265231,1
work,a,1,1,7246323,1
case,i,1,1,7242388,1
paid,a,1,1,7232996,1
know,a,1,1,7161616,1
hand,a,1,1,7153732,1
onto,a,1,1,6997828,1
fact,i,1,1,6964901,1
more,a,1,1,6828685,1
wore,a,1,1,6726738,1
open,a,1,1,6680320,1
feel,a,1,1,6656253,1
back,a,1,1,6630525,1
leave,a,1,1,6590481,1
book,i,1,1,6559156,1
done,a,1,1,6416004,1
till,i,1,1,6414177,1
days,a,1,1,6280621,1
type,i,1,1,6230095,1
knew,i,1,1,5754945,1
once,i,1,1,5734429,1
other,a,1,1,5729380,1
pass,a,1,1,5709913,1
type,a,1,1,5655365,1
more,i,1,1,5586961,1
among,a,1,1,5578223,1
think,a,1,1,5563437,1
kept,a,1,1,5455139,1
gain,a,1,1,5273711,1
lost,a,1,1,5251602,1
wait,a,1,1,5237346,1
life,i,1,1,5229865,1
life,a,1,1,5217172,1
good,a,1,1,5188239,1
face,a,1,1,5114998,1
meet,a,1,1,4864650,1
less,a,1,1,4744209,1
seek,a,1,1,4737168,1
worth,a,1,1,4695755,1
drew,a,1,1,4637317,1
much,i,1,1,4637203,1
forth,a,1,1,4503025,1
bearing,a,1,1,4440306,1
cast,a,1,1,4420934,1
least,i,1,1,4342473,1
says,i,1,1,4338157,1
whom,a,1,1,4267346,1
reading,a,1,1,4266940,1
gets,a,1,1,4249589,1
work,i,1,1,4160503,1
only,i,1,1,4147601,1
seeing,a,1,1,4027647,1
were,i,1,1,3961898,1
name,a,1,1,3870336,1
tell,a,1,1,3867612,1
hope,i,1,1,3849659,1
away,a,1,1,3838507,1
bears,a,1,1,3809875,1
come,a,1,1,3788412,1
save,a,1,1,3765444,1
sign,a,1,1,3749136,1
told,a,1,1,3708757,1
mind,a,1,1,3680444,1
also,i,1,1,3671806,1
days,i,1,1,3637530,1
plan,a,1,1,3612681,1
filing,a,1,1,3593841,1
fill,a,1,1,3581804,1
says,a,1,1,3561841,1
line,a,1,1,3509046,1
book,a,1,1,3404851,1
high,a,1,1,3400952,1
last,i,1,1,3400893,1
home,a,1,1,3372130,1
live,a,1,1,3324392,1
meant,a,1,1,3295045,1
hand,i,1,1,3254865,1
lord,i,1,1,3249380,1
note,a,1,1,3247470,1
room,a,1,1,3244422,1
last,a,1,1,3215972,1
paying,a,1,1,3212015,1
mark,a,1,1,3103576,1
turn,a,1,1,3047337,1
home,i,1,1,3036460,1
must,i,1,1,3008667,1
city,a,1,1,2982986,1
side,a,1,1,2979937,1
view,a,1,1,2948725,1
will,a,1,1,2916923,1
past,a,1,1,2914939,1
well,a,1,1,2895071,1
mind,i,1,1,2877352,1
seem,a,1,1,2852686,1
john,i,1,1,2852043,1
adds,a,1,1,2838563,1
paul,a,1,1,2834498,1
pose,a,1,1,2833189,1
buying,a,1,1,2785065,1
died,a,1,1,2784984,1
learn,a,1,1,2741916,1
throw,a,1,1,2722029,1
from,i,1,1,2717686,1
mary,a,1,1,2699253,1
sees,a,1,1,2666450,1
bringing,a,1,1,2651512,1
else,i,1,1,2642760,1
knew,a,1,1,2635325,1
threw,a,1,1,2561520,1
these,i,1,1,2543416,1
facing,a,1,1,2515404,1
best,i,1,1,2495459,1
miss,a,1,1,2484694,1
join,a,1,1,2482582,1
move,a,1,1,2443836,1
help,a,1,1,2441654,1
till,a,1,1,2437711,1
test,a,1,1,2432043,1
bore,a,1,1,2429412,1
back,i,1,1,2429301,1
nothing,i,1,1,2413560,1
sell,a,1,1,2397860,1
lose,a,1,1,2366573,1
wears,a,1,1,2351727,1
body,a,1,1,2306083,1
love,a,1,1,2300519,1
kill,a,1,1,2289951,1
hire,a,1,1,2252185,1
ever,a,1,1,2240166,1
speak,a,1,1,2238008,1
cost,a,1,1,2209319,1
laid,a,1,1,2198304,1
land,a,1,1,2193989,1
room,i,1,1,2188536,1
runs,a,1,1,2180476,1
look,i,1,1,2172790,1
brings,a,1,1,2168230,1
rent,a,1,1,2156793,1
name,i,1,1,2152883,1
smith,a,1,1,2148408,1
leading,a,1,1,2128092,1
week,i,1,1,2116665,1
look,a,1,1,2109973,1
those,i,1,1,2106899,1
york,a,1,1,2077859,1
glad,i,1,1,2075824,1
saying,i,1,1,2050202,1
owns,a,1,1,2044404,1
ever,i,1,1,2035291,1
lies,a,1,1,2034802,1
even,i,1,1,2011248,1
feel,i,1,1,2009037,1
love,i,1,1,1989968,1
truth,i,1,1,1986270,1
hearing,a,1,1,1979006,1
hour,a,1,1,1970908,1
data,a,1,1,1969076,1
down,i,1,1,1964115,1
living,a,1,1,1962772,1
base,a,1,1,1955336,1
pick,a,1,1,1952555,1
puts,a,1,1,1945988,1
word,i,1,1,1939832,1
saying,a,1,1,1926074,1
eyes,a,1,1,1916555,1
cent,a,1,1,1873106,1
went,a,1,1,1850760,1
over,i,1,1,1845274,1
felt,i,1,1,1840879,1
sets,a,1,1,1830469,1
wife,a,1,1,1826036,1
these,a,1,1,1819185,1
form,i,1,1,1791492,1
away,i,1,1,1784021,1
care,a,1,1,1782051,1
rule,a,1,1,1773896,1
tons,a,1,1,1768810,1
feet,a,1,1,1748333,1
heart,i,1,1,1728183,1
earning,a,1,1,1725138,1
born,a,1,1,1722062,1
soon,i,1,1,1716661,1
good,i,1,1,1692197,1
pays,a,1,1,1688334,1
sold,a,1,1,1688098,1
shot,a,1,1,1678287,1
okay,i,1,1,1662272,1
stop,a,1,1,1661506,1
bank,a,1,1,1656542,1
come,i,1,1,1656534,1
gone,a,1,1,1650231,1
done,i,1,1,1639588,1
bill,i,1,1,1621811,1
asking,a,1,1,1616629,1
fire,a,1,1,1614174,1
levy,a,1,1,1609414,1
other,i,1,1,1584397,1
girl,i,1,1,1581334,1
date,a,1,1,1556251,1
week,a,1,1,1549424,1
bill,a,1,1,1546504,1
meaning,a,1,1,1544787,1
break,a,1,1,1544227,1
july,i,1,1,1534472,1
means,i,1,1,1533898,1
view,i,1,1,1533862,1
rate,a,1,1,1524852,1
true,i,1,1,1521253,1
theory,a,1,1,1517344,1
road,a,1,1,1512431,1
town,a,1,1,1510208,1
note,i,1,1,1504144,1
heart,a,1,1,1497110,1
treat,a,1,1,1483072,1
best,a,1,1,1481056,1
hall,a,1,1,1480957,1
month,a,1,1,1470402,1
teach,a,1,1,1462165,1
page,a,1,1,1450211,1
losing,a,1,1,1443339,1
mass,a,1,1,1439123,1
eyes,i,1,1,1406697,1
india,a,1,1,1391732,1
post,a,1,1,1388079,1
moving,a,1,1,1375938,1
fund,a,1,1,1356442,1
riding,a,1,1,1355175,1
lest,i,1,1,1345660,1
lack,a,1,1,1342573,1
door,a,1,1,1340827,1
drop,a,1,1,1336707,1
length,a,1,1,1324215,1
next,i,1,1,1317009,1
fell,a,1,1,1304167,1
late,a,1,1,1298716,1
amid,a,1,1,1298217,1
wall,a,1,1,1294835,1
third,a,1,1,1281199,1
prof,a,1,1,1272188,1
areas,a,1,1,1270156,1
ways,a,1,1,1268370,1
some,a,1,1,1263669,1
same,a,1,1,1258542,1
laying,a,1,1,1254209,1
hour,i,1,1,1253823,1
lend,a,1,1,1252954,1
term,a,1,1,1251420,1
grab,a,1,1,1250677,1
city,i,1,1,1244068,1
list,a,1,1,1241943,1
unit,a,1,1,1239968,1
word,a,1,1,1237848,1
door,i,1,1,1226760,1
union,a,1,1,1221065,1
fixing,a,1,1,1217818,1
clear,a,1,1,1207422,1
hell,i,1,1,1204208,1
page,i,1,1,1194750,1
rose,a,1,1,1181015,1
line,i,1,1,1176021,1
west,a,1,1,1175717,1
side,i,1,1,1171301,1
hill,a,1,1,1155209,1
face,i,1,1,1150194,1
most,a,1,1,1140707,1
made,i,1,1,1134266,1
stay,a,1,1,1127478,1
next,a,1,1,1124467,1
ones,i,1,1,1122132,1
wide,a,1,1,1112956,1
soon,a,1,1,1105715,1
angle,a,1,1,1103964,1
fine,a,1,1,1101402,1
fred,a,1,1,1100851,1
else,a,1,1,1100671,1
york,i,1,1,1097902,1
risk,a,1,1,1091642,1
walk,a,1,1,1087489,1
ride,a,1,1,1083184,1
june,i,1,1,1075509,1
grow,a,1,1,1065048,1
talk,a,1,1,1063028,1
left,i,1,1,1062048,1
owning,a,1,1,1054897,1
tree,a,1,1,1052731,1
site,a,1,1,1048030,1
past,i,1,1,1047083,1
rule,i,1,1,1046129,1
true,a,1,1,1037635,1
month,i,1,1,1034278,1
such,i,1,1,1030621,1
rate,i,1,1,1026829,1
rest,a,1,1,1020166,1
unto,a,1,1,1017829,1
fall,a,1,1,1017468,1
code,a,1,1,1017329,1
health,a,1,1,1015222,1
mine,i,1,1,1011600,1
pull,a,1,1,1011170,1
acid,a,1,1,1007774,1
truth,a,1,1,1005511,1
tube,a,1,1,1004527,1
sure,a,1,1,992383,1
same,i,1,1,989605,1
need,i,1,1,986210,1
shed,a,1,1,984705,1
lift,a,1,1,980956,1
help,i,1,1,971344,1
hair,a,1,1,963536,1
park,a,1,1,957985,1
find,i,1,1,950264,1
town,i,1,1,946598,1
land,i,1,1,945079,1
plan,i,1,1,934892,1
young,a,1,1,931753,1
size,a,1,1,931208,1
june,a,1,1,928368,1
wrong,i,1,1,913542,1
date,i,1,1,910094,1
mark,i,1,1,909083,1
body,i,1,1,907673,1
mail,a,1,1,902949,1
been,i,1,1,902233,1
some,i,1,1,899065,1
lady,i,1,1,898016,1
deny,a,1,1,890853,1
carl,a,1,1,890084,1
gone,i,1,1,885007,1
feed,a,1,1,877107,1
spring,a,1,1,873122,1
girl,a,1,1,867964,1
kind,i,1,1,866455,1
buys,a,1,1,861304,1
south,a,1,1,861076,1
must,a,1,1,859367,1
item,i,1,1,852442,1
wife,i,1,1,850653,1
came,i,1,1,846402,1
ways,i,1,1,844264,1
arms,a,1,1,838155,1
july,a,1,1,836391,1
owes,a,1,1,831139,1
smith,i,1,1,829304,1
free,a,1,1,829205,1
hiring,a,1,1,823190,1
firm,a,1,1,822533,1
spot,a,1,1,822078,1
firing,a,1,1,819736,1
wood,a,1,1,819056,1
road,i,1,1,817865,1
saving,a,1,1,817792,1
rock,a,1,1,810104,1
lord,a,1,1,807737,1
leads,a,1,1,806301,1
swear,i,1,1,803672,1
steal,a,1,1,798781,1
cite,a,1,1,798111,1
zone,a,1,1,796512,1
mine,a,1,1,795017,1
early,a,1,1,791858,1
step,i,1,1,788266,1
trial,a,1,1,787140,1
ship,a,1,1,784447,1
care,i,1,1,778182,1
lake,a,1,1,775861,1
step,a,1,1,775492,1
item,a,1,1,768985,1
suit,a,1,1,768015,1
waving,a,1,1,766286,1
jack,a,1,1,765217,1
faith,i,1,1,760018,1
cook,a,1,1,760016,1
sale,a,1,1,754053,1
mich,a,1,1,753987,1
length,i,1,1,749164,1
casing,a,1,1,741441,1
hard,i,1,1,740447,1
rest,i,1,1,738068,1
hope,a,1,1,736611,1
load,a,1,1,733900,1
mouth,a,1,1,729165,1
club,a,1,1,724245,1
dream,i,1,1,722230,1
army,a,1,1,719959,1
peace,a,1,1,718374,1
list,i,1,1,718066,1
mary,i,1,1,716790,1
asks,a,1,1,710918,1
soul,i,1,1,709093,1
range,a,1,1,701765,1
blew,a,1,1,699688,1
film,a,1,1,690369,1
pipe,a,1,1,688139,1
noun,a,1,1,686206,1
text,a,1,1,683957,1
food,a,1,1,682318,1
dream,a,1,1,676772,1
soul,a,1,1,674796,1
paul,i,1,1,673822,1
meals,a,1,1,672513,1
grew,a,1,1,666775,1
north,a,1,1,666642,1
kind,a,1,1,665363,1
sake,i,1,1,660491,1
vote,a,1,1,656202,1
reads,a,1,1,653224,1
pain,i,1,1,649609,1
port,a,1,1,649524,1
cell,a,1,1,647973,1
owed,a,1,1,647967,1
feet,i,1,1,646930,1
laws,a,1,1,644339,1
baby,i,1,1,641737,1
push,a,1,1,640566,1
late,i,1,1,637271,1
heating,a,1,1,636624,1
news,i,1,1,635711,1
citing,a,1,1,635473,1
meant,i,1,1,628917,1
pack,a,1,1,628697,1
lent,a,1,1,628513,1
unit,i,1,1,621332,1
fair,a,1,1,618847,1
faith,a,1,1,616688,1
hide,a,1,1,616675,1
corp,a,1,1,611664,1
young,i,1,1,610381,1
shop,a,1,1,609941,1
died,i,1,1,607630,1
copy,a,1,1,605289,1
hard,a,1,1,604960,1
farm,a,1,1,603384,1
game,a,1,1,603042,1
foot,a,1,1,602952,1
lady,a,1,1,602405,1
peace,i,1,1,599447,1
term,i,1,1,599140,1
soil,a,1,1,595663,1
leave,i,1,1,595314,1
host,a,1,1,594489,1
roll,a,1,1,587918,1
clear,i,1,1,586811,1
just,i,1,1,586508,1
poor,a,1,1,585268,1
plot,a,1,1,584874,1
race,a,1,1,583090,1
hears,a,1,1,581866,1
miss,i,1,1,580919,1
fish,a,1,1,580219,1
call,i,1,1,578264,1
birth,a,1,1,575297,1
wish,a,1,1,575147,1
many,i,1,1,572747,1
spring,i,1,1,570996,1
hurt,a,1,1,569644,1
milk,a,1,1,568953,1
acts,i,1,1,568509,1
told,i,1,1,566008,1
ends,a,1,1,564491,1
skin,a,1,1,564251,1
heavy,a,1,1,557031,1
mill,a,1,1,557004,1
pour,a,1,1,556223,1
youth,a,1,1,555482,1
tied,a,1,1,546157,1
heads,a,1,1,545362,1
rode,a,1,1,545014,1
cars,a,1,1,544520,1
duty,i,1,1,543979,1
show,i,1,1,543101,1
plus,i,1,1,542938,1
talk,i,1,1,541012,1
wage,a,1,1,540108,1
news,a,1,1,537286,1
cure,a,1,1,532915,1
data,i,1,1,532495,1
task,a,1,1,531541,1
flying,a,1,1,530280,1
fine,i,1,1,529871,1
speak,i,1,1,529550,1
along,i,1,1,528502,1
less,i,1,1,524925,1
trying,a,1,1,524545,1
great,i,1,1,523529,1
ratio,a,1,1,521621,1
rome,a,1,1,521223,1
self,a,1,1,521150,1
food,i,1,1,520624,1
worn,a,1,1,519397,1
pain,a,1,1,514479,1
neck,a,1,1,514269,1
boys,i,1,1,513248,1
camp,a,1,1,511849,1
live,i,1,1,510987,1
hall,i,1,1,509949,1
dealt,a,1,1,508134,1
heard,i,1,1,507108,1
reading,i,1,1,507076,1
tank,a,1,1,506742,1
theory,i,1,1,504550,1
deep,a,1,1,503553,1
want,i,1,1,503142,1
bars,a,1,1,503135,1
obey,a,1,1,503118,1
health,i,1,1,503091,1
rich,a,1,1,501612,1
dare,i,1,1,498618,1
alas,i,1,1,498614,1
game,i,1,1,498183,1
ward,a,1,1,497661,1
naming,a,1,1,495078,1
iron,a,1,1,494410,1
axis,a,1,1,493709,1
fall,i,1,1,493567,1
gold,a,1,1,493431,1
ending,a,1,1,493070,1
fire,i,1,1,492682,1
burn,a,1,1,490956,1
zone,i,1,1,488996,1
test,i,1,1,485992,1
wind,a,1,1,483200,1
edge,a,1,1,482188,1
band,a,1,1,480531,1
hoping,i,1,1,480123,1
wait,i,1,1,479150,1
full,a,1,1,478916,1
ball,a,1,1,476520,1
task,i,1,1,475855,1
gary,a,1,1,475506,1
luke,i,1,1,475097,1
blow,a,1,1,471764,1
loss,a,1,1,471601,1
most,i,1,1,470821,1
lest,a,1,1,468498,1
india,i,1,1,466812,1
card,a,1,1,462755,1
bell,a,1,1,460758,1
hill,i,1,1,460690,1
play,i,1,1,460203,1
cuts,a,1,1,458874,1
vary,a,1,1,457525,1
lease,a,1,1,456875,1
beating,a,1,1,455435,1
ideas,i,1,1,453656,1
shri,a,1,1,451823,1
three,a,1,1,451248,1
duty,a,1,1,450111,1
bond,a,1,1,449324,1
free,i,1,1,447571,1
trip,i,1,1,447568,1
boat,a,1,1,446796,1
boys,a,1,1,443392,1
third,i,1,1,442723,1
jack,i,1,1,439970,1
youth,i,1,1,439449,1
coal,a,1,1,438262,1
mile,a,1,1,437175,1
west,i,1,1,436701,1
text,i,1,1,436596,1
nine,a,1,1,434200,1
bird,a,1,1,434180,1
gate,a,1,1,432654,1
mass,i,1,1,430567,1
tree,i,1,1,430503,1
desk,a,1,1,430136,1
julia,a,1,1,429043,1
high,i,1,1,428015,1
hole,a,1,1,427909,1
wave,a,1,1,427016,1
hangs,a,1,1,426053,1
drag,a,1,1,425370,1
arms,i,1,1,424789,1
pump,a,1,1,424550,1
ross,a,1,1,424328,1
arts,a,1,1,423954,1
hugh,a,1,1,422993,1
areas,i,1,1,422178,1
nothing,a,1,1,422114,1
breath,i,1,1,420835,1
fool,i,1,1,419092,1
vast,a,1,1,418994,1
coat,a,1,1,418000,1
flow,a,1,1,417416,1
sink,a,1,1,417294,1
wire,a,1,1,415169,1
eaten,a,1,1,413513,1
meaning,i,1,1,412587,1
take,i,1,1,411397,1
main,a,1,1,409324,1
dark,i,1,1,405259,1
into,i,1,1,404889,1
ready,a,1,1,403877,1
node,i,1,1,402849,1
legs,a,1,1,401548,1
beach,a,1,1,399967,1
army,i,1,1,399116,1
mode,i,1,1,399049,1
star,a,1,1,398400,1
eric,a,1,1,397881,1
cock,a,1,1,394868,1
band,i,1,1,394391,1
used,i,1,1,393399,1
lays,a,1,1,393137,1
lips,a,1,1,390227,1
seen,i,1,1,387743,1
fearing,a,1,1,386942,1
shit,i,1,1,385252,1
site,i,1,1,384549,1
hits,a,1,1,383447,1
link,a,1,1,383217,1
ahead,a,1,1,382847,1
vols,i,1,1,382167,1
bank,i,1,1,381323,1
union,i,1,1,380994,1
fast,i,1,1,380226,1
wash,a,1,1,380076,1
span,a,1,1,375922,1
ideas,a,1,1,375010,1
rise,a,1,1,374026,1
make,i,1,1,373342,1
wall,i,1,1,372874,1
trial,i,1,1,372856,1
their,a,1,1,372468,1
bred,a,1,1,371989,1
ages,a,1,1,371929,1
tool,a,1,1,371530,1
wins,a,1,1,371076,1
urge,a,1,1,367444,1
urging,a,1,1,366738,1
camp,i,1,1,366104,1
teeth,a,1,1,363991,1
dark,a,1,1,363925,1
inch,a,1,1,363054,1
bind,a,1,1,362659,1
jury,a,1,1,362238,1
wood,i,1,1,360963,1
tell,i,1,1,360191,1
media,a,1,1,360156,1
nose,a,1,1,358888,1
ones,a,1,1,358652,1
wine,a,1,1,357693,1
mode,a,1,1,356390,1
cash,a,1,1,355488,1
guys,i,1,1,355219,1
rice,a,1,1,354273,1
baby,a,1,1,354271,1
laws,i,1,1,353630,1
ruin,a,1,1,353260,1
gift,a,1,1,353125,1
slid,a,1,1,352716,1
open,i,1,1,352621,1
acts,a,1,1,351000,1
slip,a,1,1,350578,1
pool,a,1,1,349794,1
upon,i,1,1,349050,1
gray,a,1,1,348323,1
mouth,i,1,1,348209,1
lost,i,1,1,347835,1
ship,i,1,1,346860,1
jane,a,1,1,344430,1
salt,i,1,1,344120,1
went,i,1,1,343041,1
mixing,a,1,1,342842,1
turn,i,1,1,342617,1
move,i,1,1,341611,1
hunt,a,1,1,340414,1
none,i,1,1,340329,1
cold,i,1,1,339559,1
lane,a,1,1,337982,1
yard,a,1,1,337856,1
eggs,a,1,1,337660,1
south,i,1,1,336972,1
hero,a,1,1,335948,1
ready,i,1,1,335212,1
salt,a,1,1,335188,1
post,i,1,1,334880,1
hearing,i,1,1,334462,1
goal,a,1,1,333796,1
tears,i,1,1,333646,1
sort,a,1,1,332762,1
moon,a,1,1,330512,1
rome,i,1,1,330430,1
clean,a,1,1,330215,1
loan,a,1,1,329923,1
weave,a,1,1,329144,1
edit,a,1,1,328736,1
spot,i,1,1,327757,1
stay,i,1,1,327258,1
coin,a,1,1,325128,1
coming,a,1,1,325107,1
core,a,1,1,324940,1
debt,a,1,1,324464,1
trip,a,1,1,324329,1
seeing,i,1,1,323786,1
born,i,1,1,321959,1
maps,a,1,1,320474,1
kiss,a,1,1,320386,1
bread,a,1,1,317384,1
four,a,1,1,316494,1
fast,a,1,1,316208,1
sand,a,1,1,315394,1
heading,a,1,1,313528,1
blue,a,1,1,313477,1
karl,a,1,1,311917,1
rock,i,1,1,310906,1
keith,a,1,1,309987,1
north,i,1,1,308133,1
node,a,1,1,307288,1
fuel,a,1,1,307149,1
user,a,1,1,306703,1
coming,i,1,1,305124,1
fair,i,1,1,303370,1
chap,i,1,1,301644,1
fits,a,1,1,301066,1
stop,i,1,1,300142,1
pure,a,1,1,299999,1
gene,a,1,1,299555,1
khan,a,1,1,298980,1
sons,a,1,1,298955,1
wise,a,1,1,297215,1
sick,i,1,1,296873,1
rain,a,1,1,296278,1
drum,a,1,1,296213,1
sits,a,1,1,295325,1
cold,a,1,1,294260,1
weaving,a,1,1,294134,1
acting,a,1,1,291844,1
role,a,1,1,291504,1
ford,a,1,1,291378,1
roof,a,1,1,290877,1
skip,a,1,1,290626,1
cloth,a,1,1,290021,1
ocean,a,1,1,289965,1
their,i,1,1,289801,1
anti,a,1,1,288978,1
hair,i,1,1,288882,1
boat,i,1,1,287762,1
vain,i,1,1,287727,1
club,i,1,1,287337,1
give,i,1,1,284557,1
vote,i,1,1,284447,1
half,i,1,1,284364,1
wars,i,1,1,284236,1
breath,a,1,1,284128,1
living,i,1,1,283415,1
stem,a,1,1,282975,1
walk,i,1,1,282130,1
flew,a,1,1,280447,1
poor,i,1,1,280170,1
depth,a,1,1,279743,1
dies,a,1,1,279018,1
three,i,1,1,278604,1
park,i,1,1,277845,1
navy,a,1,1,277528,1
ahead,i,1,1,277400,1
race,i,1,1,277350,1
five,a,1,1,277228,1
belt,a,1,1,276917,1
those,a,1,1,274393,1
forth,i,1,1,274080,1
tone,a,1,1,273753,1
lamp,a,1,1,273242,1
jose,a,1,1,273206,1
rose,i,1,1,272760,1
jews,a,1,1,272434,1
spin,a,1,1,271927,1
jobs,a,1,1,271576,1
pair,a,1,1,271251,1
kids,i,1,1,269413,1
shop,i,1,1,269349,1
sort,i,1,1,269059,1
code,i,1,1,268539,1
firm,i,1,1,267376,1
swinging,a,1,1,266878,1
self,i,1,1,265847,1
shoes,a,1,1,265455,1
early,i,1,1,265441,1
farm,i,1,1,265169,1
cost,i,1,1,264961,1
size,i,1,1,264129,1
fish,i,1,1,264085,1
hast,a,1,1,263052,1
hiding,a,1,1,261377,1
noon,i,1,1,260412,1
dale,a,1,1,260169,1
dating,a,1,1,259119,1
fold,a,1,1,258613,1
stir,a,1,1,258540,1
tier,i,1,1,256401,1
harm,a,1,1,255948,1
bend,a,1,1,255895,1
luck,i,1,1,255723,1
papa,i,1,1,255495,1
clay,a,1,1,255026,1
warm,a,1,1,254047,1
root,a,1,1,253857,1
pope,a,1,1,253056,1
pass,i,1,1,253030,1
aids,a,1,1,252948,1
axis,i,1,1,252902,1
seed,a,1,1,252892,1
thread,a,1,1,252861,1
noting,a,1,1,252465,1
string,a,1,1,252104,1
your,i,1,1,252081,1
evil,a,1,1,252015,1
diary,i,1,1,251993,1
disk,a,1,1,251758,1
loss,i,1,1,251737,1
mama,i,1,1,251425,1
maria,a,1,1,251187,1
snow,a,1,1,250825,1
wine,i,1,1,248468,1
lucy,a,1,1,248067,1
wrap,a,1,1,247002,1
toss,a,1,1,246935,1
alan,a,1,1,246636,1
hate,a,1,1,246270,1
your,a,1,1,245324,1
range,i,1,1,243878,1
beds,a,1,1,243640,1
mail,i,1,1,243466,1
hanging,a,1,1,243239,1
card,i,1,1,243091,1
gold,i,1,1,242987,1
crop,a,1,1,242404,1
poems,i,1,1,242336,1
viii,a,1,1,242127,1
wolf,a,1,1,241965,1
hook,a,1,1,241642,1
tape,a,1,1,241342,1
gift,i,1,1,240844,1
flat,a,1,1,240098,1
deed,a,1,1,240036,1
wrong,a,1,1,239585,1
tale,a,1,1,238885,1
shew,a,1,1,238587,1
dogs,a,1,1,237836,1
tore,a,1,1,237703,1
cell,i,1,1,237345,1
damn,i,1,1,237285,1
mask,a,1,1,236967,1
lock,a,1,1,236815,1
bush,a,1,1,236775,1
korea,a,1,1,236608,1
bone,a,1,1,236043,1
pole,a,1,1,235460,1
film,i,1,1,235181,1
rating,a,1,1,234429,1
diet,a,1,1,233774,1
sunk,a,1,1,233266,1
kids,a,1,1,232584,1
cool,a,1,1,232464,1
shoes,i,1,1,231695,1
heads,i,1,1,231432,1
wealth,a,1,1,231298,1
beck,a,1,1,229833,1
radio,a,1,1,229609,1
fred,i,1,1,229488,1
coil,a,1,1,228718,1
trap,a,1,1,228632,1
rare,a,1,1,228581,1
neil,a,1,1,228570,1
ward,i,1,1,228180,1
bird,i,1,1,228095,1
poly,a,1,1,227760,1
tail,a,1,1,227752,1
theme,a,1,1,227567,1
angry,i,1,1,227421,1
rising,a,1,1,227321,1
flung,a,1,1,226596,1
rank,a,1,1,226515,1
brian,a,1,1,226488,1
lips,i,1,1,226462,1
fund,i,1,1,225512,1
keys,a,1,1,224980,1
male,a,1,1,224935,1
adam,a,1,1,224711,1
foot,i,1,1,224216,1
file,i,1,1,223748,1
nine,i,1,1,223099,1
evil,i,1,1,222719,1
kent,a,1,1,220994,1
ideal,a,1,1,220949,1
sire,i,1,1,220419,1
atom,a,1,1,220105,1
omit,a,1,1,219455,1
songs,i,1,1,218877,1
poems,a,1,1,218190,1
anna,a,1,1,217814,1
lake,i,1,1,217388,1
wind,i,1,1,215899,1
dust,a,1,1,215615,1
kick,a,1,1,215420,1
gate,i,1,1,215419,1
deck,a,1,1,215385,1
corn,a,1,1,214418,1
boil,a,1,1,214074,1
shot,i,1,1,212643,1
loop,a,1,1,212636,1
lens,a,1,1,212163,1
wake,a,1,1,211229,1
finger,a,1,1,211069,1
copy,i,1,1,210977,1
sept,i,1,1,210423,1
mining,a,1,1,210296,1
safe,i,1,1,210177,1
plead,a,1,1,209867,1
swung,a,1,1,209668,1
void,a,1,1,209399,1
bell,i,1,1,209368,1
axle,a,1,1,208544,1
fifth,a,1,1,208384,1
lynn,a,1,1,208323,1
worth,i,1,1,208177,1
width,a,1,1,207968,1
shaw,a,1,1,207482,1
paid,i,1,1,207301,1
noon,a,1,1,207007,1
scan,a,1,1,206762,1
rail,a,1,1,206482,1
iron,i,1,1,206433,1
legs,i,1,1,206216,1
bowl,a,1,1,206100,1
bent,a,1,1,205761,1
reed,a,1,1,205005,1
wheat,a,1,1,204267,1
role,i,1,1,204140,1
able,a,1,1,203293,1
slot,a,1,1,203050,1
jane,i,1,1,202167,1
wild,a,1,1,201771,1
arch,a,1,1,201548,1
debt,i,1,1,201410,1
irving,a,1,1,201038,1
lisa,a,1,1,200805,1
hell,a,1,1,200642,1
tale,i,1,1,200313,1
making,i,1,1,199905,1
beats,a,1,1,199479,1
horn,a,1,1,199308,1
nice,a,1,1,199202,1
hurt,i,1,1,199159,1
drug,a,1,1,198551,1
para,a,1,1,198446,1
dawn,i,1,1,198234,1
chin,a,1,1,197900,1
full,i,1,1,197353,1
loving,a,1,1,196689,1
rope,a,1,1,196660,1
gods,i,1,1,196499,1
beer,a,1,1,196141,1
prof,i,1,1,194869,1
flag,a,1,1,194450,1
birth,i,1,1,194059,1
sank,a,1,1,193965,1
fort,a,1,1,192421,1
jeans,a,1,1,192360,1
fate,i,1,1,192109,1
sued,a,1,1,191816,1
vein,a,1,1,191385,1
pity,i,1,1,190929,1
marc,a,1,1,190900,1
thick,a,1,1,190880,1
fool,a,1,1,190750,1
single,a,1,1,190595,1
rain,i,1,1,190180,1
anger,i,1,1,189997,1
slow,a,1,1,189701,1
zero,a,1,1,189462,1
hole,i,1,1,189396,1
break,i,1,1,188977,1
bare,a,1,1,188268,1
four,i,1,1,188120,1
bake,a,1,1,188047,1
vice,a,1,1,187971,1
cook,i,1,1,187945,1
leaving,i,1,1,187913,1
utah,a,1,1,187907,1
desk,i,1,1,187738,1
juan,a,1,1,186884,1
sail,a,1,1,186827,1
otto,a,1,1,186426,1
cent,i,1,1,186043,1
ball,i,1,1,185616,1
pond,a,1,1,185450,1
ryan,a,1,1,184978,1
emma,a,1,1,184899,1
deaths,a,1,1,184820,1
moon,i,1,1,184728,1
fees,a,1,1,184566,1
mood,i,1,1,184318,1
tour,a,1,1,184229,1
sign,i,1,1,184018,1
beach,i,1,1,183707,1
sick,a,1,1,183266,1
wise,i,1,1,183162,1
rays,a,1,1,182431,1
port,i,1,1,181910,1
wars,a,1,1,181421,1
meet,i,1,1,181298,1
booth,a,1,1,181051,1
rich,i,1,1,179634,1
owen,a,1,1,179154,1
ties,a,1,1,178179,1
risk,i,1,1,178096,1
dawn,a,1,1,177705,1
khan,i,1,1,177257,1
lies,i,1,1,176835,1
ours,a,1,1,176682,1
ruling,a,1,1,175922,1
suit,i,1,1,175644,1
cuba,a,1,1,175565,1
safe,a,1,1,175535,1
lets,a,1,1,175179,1
base,i,1,1,174851,1
hart,a,1,1,174243,1
fore,i,1,1,174133,1
guns,a,1,1,173219,1
none,a,1,1,173175,1
disc,a,1,1,172850,1
quit,a,1,1,172466,1
amen,i,1,1,172232,1
hold,i,1,1,172220,1
cave,a,1,1,172038,1
bury,a,1,1,171952,1
luis,a,1,1,171889,1
tears,a,1,1,171837,1
typing,a,1,1,171826,1
busy,i,1,1,171740,1
boss,i,1,1,171704,1
beard,a,1,1,171267,1
five,i,1,1,170818,1
bull,a,1,1,170040,1
ment,a,1,1,169989,1
otto,i,1,1,169968,1
acre,a,1,1,169428,1
yard,i,1,1,169391,1
plug,a,1,1,169353,1
bolt,a,1,1,169162,1
jobs,i,1,1,169119,1
goal,i,1,1,168543,1
halt,a,1,1,168467,1
nest,a,1,1,167824,1
tone,i,1,1,167328,1
having,i,1,1,167154,1
sale,i,1,1,167018,1
neck,i,1,1,166328,1
melt,a,1,1,165965,1
edith,a,1,1,165601,1
reid,a,1,1,164722,1
pray,i,1,1,164708,1
angel,a,1,1,164568,1
tour,i,1,1,164153,1
fore,a,1,1,164046,1
bread,i,1,1,163444,1
skin,i,1,1,162909,1
rush,a,1,1,162508,1
theme,i,1,1,162404,1
voting,a,1,1,162122,1
kate,i,1,1,162026,1
held,i,1,1,161713,1
teeth,i,1,1,161687,1
songs,a,1,1,161602,1
haul,a,1,1,161281,1
thank,a,1,1,160507,1
todd,a,1,1,160485,1
glen,a,1,1,160083,1
fail,a,1,1,160035,1
hail,a,1,1,158908,1
inch,i,1,1,158755,1
cole,a,1,1,158735,1
bold,a,1,1,158330,1
fuck,i,1,1,158323,1
mate,a,1,1,158240,1
healing,a,1,1,158197,1
singer,a,1,1,157696,1
mold,a,1,1,156954,1
calm,a,1,1,156878,1
anne,a,1,1,156741,1
hans,a,1,1,156558,1
rats,a,1,1,156362,1
mess,i,1,1,156355,1
aged,a,1,1,156110,1
tearing,a,1,1,155808,1
ibid,i,1,1,155564,1
hare,a,1,1,155499,1
anna,i,1,1,155032,1
lane,i,1,1,154399,1
blue,i,1,1,153941,1
piano,a,1,1,153736,1
milk,i,1,1,153146,1
boring,a,1,1,153022,1
pier,a,1,1,153003,1
pipe,i,1,1,152648,1
deep,i,1,1,152462,1
lamb,a,1,1,152445,1
sect,a,1,1,152219,1
gods,a,1,1,152068,1
amos,a,1,1,152063,1
tent,a,1,1,152013,1
jump,a,1,1,151891,1
angle,i,1,1,151490,1
star,i,1,1,151418,1
boss,a,1,1,151365,1
cream,a,1,1,151199,1
rearing,a,1,1,150313,1
acid,i,1,1,150193,1
cord,a,1,1,149854,1
mill,i,1,1,149828,1
deed,i,1,1,149427,1
maria,i,1,1,148841,1
deem,a,1,1,148214,1
arts,i,1,1,148154,1
torn,i,1,1,147679,1
pace,a,1,1,147486,1
maid,a,1,1,146898,1
mike,i,1,1,146335,1
crew,a,1,1,146260,1
carl,i,1,1,146193,1
very,i,1,1,146157,1
able,i,1,1,146096,1
beings,a,1,1,145642,1
soil,i,1,1,145280,1
coat,i,1,1,144865,1
ride,i,1,1,144594,1
fail,i,1,1,144526,1
flip,a,1,1,144271,1
tune,a,1,1,143884,1
seats,a,1,1,143524,1
nice,i,1,1,143500,1
navy,i,1,1,143467,1
jury,i,1,1,142694,1
dish,a,1,1,142571,1
adam,i,1,1,142381,1
dose,a,1,1,142256,1
snap,a,1,1,142244,1
veto,a,1,1,141819,1
mood,a,1,1,141383,1
drying,a,1,1,141137,1
beams,a,1,1,141015,1
gray,i,1,1,140813,1
snow,i,1,1,140634,1
pray,a,1,1,140595,1
rods,a,1,1,140496,1
sons,i,1,1,140476,1
mich,i,1,1,140109,1
iran,a,1,1,140011,1
keen,a,1,1,139843,1
anne,i,1,1,139531,1
angel,i,1,1,139340,1
hood,a,1,1,139207,1
aiming,a,1,1,139148,1
axes,a,1,1,138830,1
jail,a,1,1,138701,1
dick,i,1,1,138530,1
ross,i,1,1,138355,1
fears,a,1,1,137356,1
chen,a,1,1,137319,1
corp,i,1,1,137076,1
lydia,a,1,1,136073,1
xiii,a,1,1,136070,1
curing,a,1,1,135924,1
barn,a,1,1,135621,1
leads,i,1,1,135165,1
fate,a,1,1,135069,1
fork,a,1,1,135045,1
ends,i,1,1,134712,1
aunt,i,1,1,134672,1
stead,a,1,1,134385,1
hull,a,1,1,134292,1
fell,i,1,1,134186,1
rape,a,1,1,133511,1
duke,a,1,1,133300,1
ideal,i,1,1,133245,1
learn,i,1,1,133217,1
alan,i,1,1,132817,1
rise,i,1,1,132762,1
cash,i,1,1,132703,1
fort,i,1,1,132207,1
rack,a,1,1,132193,1
nave,a,1,1,132078,1
kiss,i,1,1,132075,1
soft,a,1,1,132032,1
wave,i,1,1,132032,1
nigh,a,1,1,131810,1
buck,a,1,1,131798,1
joan,a,1,1,131654,1
mice,a,1,1,131545,1
nail,a,1,1,131517,1
dogs,i,1,1,131420,1
leasing,a,1,1,131183,1
saith,i,1,1,130538,1
lucy,i,1,1,130192,1
tide,a,1,1,129571,1
iraq,a,1,1,129391,1
hers,a,1,1,129146,1
ages,i,1,1,128783,1
rico,a,1,1,128631,1
cars,i,1,1,128375,1
eagle,a,1,1,127937,1
mate,i,1,1,127877,1
poly,i,1,1,127842,1
bomb,a,1,1,127340,1
lining,a,1,1,126963,1
carr,a,1,1,126888,1
sins,i,1,1,126843,1
wealth,i,1,1,126827,1
steam,a,1,1,126538,1
luke,a,1,1,126502,1
radio,i,1,1,126454,1
deck,i,1,1,126175,1
cone,a,1,1,125999,1
main,i,1,1,125293,1
dick,a,1,1,125115,1
sect,i,1,1,125038,1
knee,a,1,1,124997,1
spun,a,1,1,124735,1
ratio,i,1,1,124181,1
tomb,a,1,1,124033,1
loud,a,1,1,123322,1
deer,a,1,1,123204,1
peru,a,1,1,123199,1
webb,a,1,1,123071,1
bite,a,1,1,123021,1
viii,i,1,1,123021,1
ford,i,1,1,122210,1
duke,i,1,1,122058,1
exit,a,1,1,122008,1
joke,a,1,1,121825,1
lime,a,1,1,121799,1
soup,a,1,1,121693,1
lots,a,1,1,121608,1
grey,a,1,1,121345,1
trim,a,1,1,121315,1
diary,a,1,1,121036,1
seem,i,1,1,120826,1
anger,a,1,1,120794,1
harm,i,1,1,120580,1
char,a,1,1,120551,1
tube,i,1,1,120337,1
bond,i,1,1,120097,1
dock,a,1,1,119373,1
loud,i,1,1,119174,1
alex,i,1,1,119167,1
cake,a,1,1,119136,1
disk,i,1,1,118780,1
joke,i,1,1,118731,1
cave,i,1,1,118678,1
bass,a,1,1,118498,1
shah,a,1,1,118153,1
very,a,1,1,118022,1
cows,a,1,1,117978,1
pins,a,1,1,117843,1
threat,a,1,1,117482,1
kate,a,1,1,117442,1
wool,a,1,1,117441,1
swim,a,1,1,117329,1
edge,i,1,1,117217,1
hunt,i,1,1,117155,1
fame,a,1,1,116944,1
cheap,a,1,1,116188,1
coal,i,1,1,116140,1
pile,a,1,1,115633,1
writ,a,1,1,115593,1
moss,a,1,1,115530,1
cool,i,1,1,115454,1
ware,a,1,1,115364,1
aunt,a,1,1,115357,1
dealing,a,1,1,115284,1
rank,i,1,1,115181,1
boyd,a,1,1,114996,1
wash,i,1,1,114846,1
alas,a,1,1,114700,1
teams,a,1,1,114605,1
tooth,a,1,1,114478,1
cage,a,1,1,114419,1
oven,a,1,1,114265,1
tread,a,1,1,113996,1
ether,a,1,1,113830,1
gale,a,1,1,113786,1
phil,i,1,1,113606,1
gown,a,1,1,113534,1
eggs,i,1,1,113329,1
pity,a,1,1,113297,1
mann,a,1,1,113296,1
bags,a,1,1,113033,1
brow,a,1,1,113025,1
bush,i,1,1,112880,1
tent,i,1,1,112704,1
apex,a,1,1,112294,1
ivan,a,1,1,112056,1
seed,i,1,1,111902,1
grid,a,1,1,111734,1
sand,i,1,1,111653,1
ocean,i,1,1,111336,1
grip,a,1,1,111257,1
beast,a,1,1,111212,1
kant,i,1,1,110644,1
chang,a,1,1,110613,1
pool,i,1,1,110572,1
luck,a,1,1,110343,1
beer,i,1,1,110161,1
matt,i,1,1,110074,1
gaze,a,1,1,110056,1
link,i,1,1,109981,1
dust,i,1,1,109895,1
foul,a,1,1,109711,1
poets,a,1,1,109080,1
vest,a,1,1,109010,1
fears,i,1,1,108814,1
spec,a,1,1,108533,1
plot,i,1,1,108123,1
silk,a,1,1,108052,1
rage,i,1,1,107985,1
flow,i,1,1,107665,1
jews,i,1,1,107581,1
heavy,i,1,1,107392,1
dread,a,1,1,107275,1
pigs,a,1,1,107195,1
eliot,a,1,1,106878,1
thief,a,1,1,106710,1
single,i,1,1,106540,1
during,i,1,1,105931,1
bark,a,1,1,105537,1
roof,i,1,1,105454,1
mike,a,1,1,105382,1
echo,a,1,1,105206,1
pair,i,1,1,105147,1
pine,a,1,1,105111,1
sent,i,1,1,105093,1
mild,a,1,1,105072,1
swear,a,1,1,105064,1
sealing,a,1,1,105006,1
sake,a,1,1,104928,1
reach,i,1,1,104747,1
bulb,a,1,1,104639,1
warn,a,1,1,104621,1
aiding,a,1,1,104568,1
crying,a,1,1,104503,1
cups,a,1,1,104492,1
blow,i,1,1,104467,1
nick,i,1,1,104361,1
diet,i,1,1,104270,1
tall,a,1,1,104188,1
rows,a,1,1,104070,1
whip,a,1,1,103856,1
prop,a,1,1,103235,1
nose,i,1,1,102932,1
mile,i,1,1,102664,1
worm,a,1,1,102468,1
calm,i,1,1,102414,1
sara,a,1,1,102368,1
sixth,a,1,1,101989,1
sewing,a,1,1,101860,1
ment,i,1,1,101537,1
jaws,a,1,1,101379,1
took,i,1,1,101369,1
berg,a,1,1,101330,1
cart,a,1,1,101268,1
corn,i,1,1,101056,1
volt,a,1,1,100787,1
fake,a,1,1,100659,1
dome,a,1,1,100457,1
tony,i,1,1,100451,1
sold,i,1,1,100315,1
ours,i,1,1,100238,1
shut,a,1,1,100230,1
lawn,a,1,1,100203,1
beings,i,1,1,100010,1
reid,i,1,1,100010,1
clay,i,1,1,99775,1
yuan,a,1,1,99610,1
maid,i,1,1,99546,1
mars,a,1,1,99522,1
plow,a,1,1,99472,1
video,a,1,1,99275,1
beef,a,1,1,99040,1
tire,a,1,1,98724,1
hale,a,1,1,98678,1
palm,a,1,1,98611,1
emma,i,1,1,98437,1
paths,a,1,1,98384,1
pope,i,1,1,98297,1
finger,i,1,1,97950,1
verb,a,1,1,97944,1
monk,a,1,1,97935,1
baking,a,1,1,97846,1
jail,i,1,1,97516,1
flat,i,1,1,97456,1
weld,a,1,1,97392,1
send,i,1,1,97324,1
judy,a,1,1,97292,1
sigh,i,1,1,97013,1
figs,i,1,1,96972,1
pearl,a,1,1,96732,1
holy,a,1,1,96567,1
crying,i,1,1,96325,1
dyed,a,1,1,96122,1
fame,i,1,1,95842,1
boom,a,1,1,95706,1
soap,a,1,1,95587,1
glue,a,1,1,95438,1
baths,a,1,1,95336,1
load,i,1,1,95323,1
alex,a,1,1,95267,1
media,i,1,1,95178,1
eased,a,1,1,95104,1
feast,a,1,1,95070,1
herd,a,1,1,95002,1
tuning,a,1,1,94949,1
howe,a,1,1,94926,1
wide,i,1,1,94901,1
dump,a,1,1,94716,1
hume,a,1,1,94636,1
loan,i,1,1,94630,1
male,i,1,1,94503,1
cruz,a,1,1,94304,1
wade,a,1,1,93884,1
ally,a,1,1,93820,1
jake,i,1,1,93732,1
vain,a,1,1,93725,1
marx,a,1,1,93704,1
wire,i,1,1,93371,1
julia,i,1,1,93371,1
ante,i,1,1,93137,1
hate,i,1,1,93012,1
poets,i,1,1,92731,1
cape,a,1,1,92729,1
rent,i,1,1,92554,1
cane,a,1,1,92526,1
realm,a,1,1,92522,1
hugo,a,1,1,92513,1
gill,a,1,1,92392,1
bars,i,1,1,92262,1
peaks,a,1,1,92119,1
tips,a,1,1,91926,1
thumb,a,1,1,91906,1
gulf,a,1,1,91824,1
peel,a,1,1,91782,1
leaning,a,1,1,91660,1
anti,i,1,1,91465,1
tide,i,1,1,91083,1
kirk,a,1,1,90948,1
dunn,a,1,1,90872,1
clean,i,1,1,90855,1
aims,a,1,1,90838,1
beans,a,1,1,90827,1
warm,i,1,1,90589,1
gave,i,1,1,90572,1
peck,a,1,1,90538,1
duct,a,1,1,90476,1
gears,a,1,1,90202,1
nest,i,1,1,90036,1
limb,a,1,1,89733,1
clip,a,1,1,89710,1
idiot,i,1,1,89398,1
roll,i,1,1,89225,1
spear,a,1,1,89131,1
hint,a,1,1,88900,1
maps,i,1,1,88543,1
syria,a,1,1,88385,1
sigh,a,1,1,88372,1
levi,a,1,1,88340,1
ribs,a,1,1,88125,1
saul,a,1,1,88120,1
gage,a,1,1,88054,1
user,i,1,1,87900,1
crop,i,1,1,87743,1
singer,i,1,1,87668,1
hoping,a,1,1,87559,1
rosa,a,1,1,87545,1
tool,i,1,1,87452,1
anon,a,1,1,87415,1
bust,a,1,1,87284,1
robe,a,1,1,87225,1
coding,a,1,1,87009,1
nick,a,1,1,86873,1
cats,a,1,1,86856,1
cloth,i,1,1,86823,1
eden,a,1,1,86612,1
paving,a,1,1,86357,1
lien,a,1,1,86332,1
lamp,i,1,1,86326,1
pace,i,1,1,86261,1
grey,i,1,1,86174,1
sets,i,1,1,85962,1
depth,i,1,1,85931,1
busy,a,1,1,85727,1
duck,a,1,1,85679,1
dies,i,1,1,85619,1
mist,a,1,1,85479,1
huge,a,1,1,85104,1
oils,a,1,1,84820,1
shaw,i,1,1,84758,1
kerr,a,1,1,84757,1
hers,i,1,1,84543,1
sage,a,1,1,84407,1
troy,a,1,1,84381,1
spur,a,1,1,84307,1
tame,a,1,1,84030,1
ryan,i,1,1,83860,1
moving,i,1,1,83769,1
tray,a,1,1,83636,1
vein,i,1,1,83515,1
vent,a,1,1,82593,1
rice,i,1,1,82562,1
calf,a,1,1,82548,1
tape,i,1,1,82084,1
bone,i,1,1,82008,1
core,i,1,1,81957,1
bits,a,1,1,81928,1
beast,i,1,1,81843,1
hugh,i,1,1,81715,1
ethyl,a,1,1,81703,1
sown,a,1,1,81672,1
host,i,1,1,81282,1
torn,a,1,1,81236,1
cast,i,1,1,81175,1
taking,i,1,1,80947,1
hero,i,1,1,80945,1
helm,a,1,1,80853,1
lungs,a,1,1,80569,1
belt,i,1,1,80508,1
bees,a,1,1,80476,1
rays,i,1,1,80448,1
crew,i,1,1,80301,1
guns,i,1,1,80207,1
bade,a,1,1,80030,1
tops,a,1,1,80025,1
sofa,a,1,1,79822,1
hearth,a,1,1,79622,1
eric,i,1,1,79571,1
keep,i,1,1,79424,1
lose,i,1,1,79374,1
caring,a,1,1,79212,1
vile,a,1,1,79205,1
irving,i,1,1,79170,1
doll,a,1,1,78974,1
holt,a,1,1,78785,1
goat,a,1,1,78695,1
pres,a,1,1,78653,1
sowing,a,1,1,78608,1
pike,a,1,1,78537,1
veil,a,1,1,78462,1
tile,a,1,1,78401,1
lace,a,1,1,78382,1
wheat,i,1,1,78346,1
reel,a,1,1,78272,1
beds,i,1,1,78213,1
wolf,i,1,1,78194,1
reed,i,1,1,78183,1
mint,a,1,1,78089,1
joan,i,1,1,78064,1
norm,a,1,1,78058,1
tilt,a,1,1,77918,1
coke,a,1,1,77874,1
dave,i,1,1,77659,1
chip,a,1,1,77655,1
realm,i,1,1,77467,1
biting,a,1,1,77092,1
gain,i,1,1,77075,1
fans,a,1,1,76788,1
reef,a,1,1,76545,1
hart,i,1,1,76461,1
cake,i,1,1,76252,1
juan,i,1,1,76139,1
menu,a,1,1,76056,1
mall,a,1,1,76019,1
poll,a,1,1,75932,1
acting,i,1,1,75915,1
sire,a,1,1,75910,1
racing,a,1,1,75837,1
slow,i,1,1,75547,1
knit,a,1,1,75536,1
heir,a,1,1,75461,1
glow,a,1,1,75433,1
video,i,1,1,75090,1
arch,i,1,1,74955,1
pure,i,1,1,74757,1
dull,a,1,1,74620,1
rare,i,1,1,74402,1
kent,i,1,1,74355,1
cove,a,1,1,74292,1
boyd,i,1,1,74188,1
semi,a,1,1,74101,1
knox,a,1,1,73985,1
fare,a,1,1,73936,1
tune,i,1,1,73853,1
pulp,a,1,1,73843,1
daring,a,1,1,73817,1
fearing,i,1,1,73531,1
tony,a,1,1,73473,1
knot,a,1,1,73228,1
yoke,a,1,1,73181,1
fees,i,1,1,73112,1
flux,a,1,1,73010,1
save,i,1,1,72953,1
boot,a,1,1,72932,1
idle,a,1,1,72905,1
tomb,i,1,1,72813,1
tend,a,1,1,72652,1
fifth,i,1,1,72612,1
root,i,1,1,72492,1
shah,i,1,1,72329,1
raid,a,1,1,72154,1
nuts,a,1,1,71981,1
wild,i,1,1,71952,1
refs,a,1,1,71805,1
dusk,i,1,1,71685,1
seals,a,1,1,71666,1
watt,a,1,1,71647,1
soda,a,1,1,71637,1
giant,a,1,1,71630,1
spin,i,1,1,71324,1
comb,a,1,1,71156,1
timing,a,1,1,71112,1
pole,i,1,1,71039,1
bids,a,1,1,70832,1
guys,a,1,1,70741,1
swan,a,1,1,70690,1
pits,a,1,1,70669,1
sway,a,1,1,70657,1
pale,a,1,1,70359,1
lily,i,1,1,70335,1
shut,i,1,1,70296,1
mare,a,1,1,70253,1
chat,a,1,1,70144,1
meals,i,1,1,70129,1
cream,i,1,1,70116,1
spec,i,1,1,69976,1
hose,a,1,1,69887,1
howe,i,1,1,69520,1
lots,i,1,1,69459,1
uses,i,1,1,69427,1
figs,a,1,1,69349,1
pots,a,1,1,69281,1
phil,a,1,1,69226,1
cork,a,1,1,69187,1
caps,a,1,1,69128,1
hint,i,1,1,69049,1
ending,i,1,1,68973,1
thigh,a,1,1,68947,1
zinc,a,1,1,68886,1
hawk,a,1,1,68850,1
cafe,a,1,1,68675,1
quod,i,1,1,68412,1
lily,a,1,1,68373,1
curb,a,1,1,68356,1
knee,i,1,1,68302,1
eaton,a,1,1,68238,1
sell,i,1,1,68113,1
lyon,a,1,1,68018,1
bull,i,1,1,67893,1
booth,i,1,1,67737,1
brian,i,1,1,67712,1
gore,a,1,1,67418,1
dusk,a,1,1,67415,1
sweat,a,1,1,67413,1
grow,i,1,1,67376,1
moor,a,1,1,67349,1
beads,a,1,1,67303,1
wipe,a,1,1,67199,1
wept,a,1,1,67183,1
java,a,1,1,67135,1
chen,i,1,1,67130,1
cure,i,1,1,67098,1
rope,i,1,1,67040,1
korea,i,1,1,66935,1
pack,i,1,1,66775,1
lyon,i,1,1,66669,1
spit,a,1,1,66595,1
pens,a,1,1,66584,1
gene,i,1,1,66555,1
logs,a,1,1,66538,1
nets,a,1,1,66499,1
swings,a,1,1,66436,1
cuba,i,1,1,66153,1
sack,a,1,1,66126,1
crow,a,1,1,66113,1
eyed,a,1,1,66024,1
rand,a,1,1,65815,1
prior,a,1,1,65772,1
gaze,i,1,1,65752,1
wake,i,1,1,65638,1
wiring,a,1,1,65464,1
lamb,i,1,1,65456,1
mast,a,1,1,64993,1
ness,a,1,1,64967,1
reads,i,1,1,64901,1
cans,a,1,1,64864,1
lobe,a,1,1,64812,1
nash,a,1,1,64620,1
tank,i,1,1,64616,1
deny,i,1,1,64597,1
folk,a,1,1,64546,1
karl,i,1,1,64542,1
thick,i,1,1,64490,1
cole,i,1,1,64456,1
arid,a,1,1,64344,1
dyer,a,1,1,64291,1
hook,i,1,1,64112,1
fuck,a,1,1,64105,1
bait,a,1,1,64091,1
jazz,a,1,1,63719,1
exam,i,1,1,63577,1
slit,a,1,1,63544,1
owen,i,1,1,63511,1
rage,a,1,1,63054,1
pete,i,1,1,63049,1
dana,a,1,1,62935,1
trap,i,1,1,62903,1
amos,i,1,1,62872,1
troy,i,1,1,62825,1
keys,i,1,1,62683,1
okay,a,1,1,62566,1
yeast,a,1,1,62544,1
isle,a,1,1,62430,1
barn,i,1,1,62425,1
yarn,a,1,1,62416,1
weary,i,1,1,62298,1
horn,i,1,1,62268,1
deals,a,1,1,62222,1
mere,a,1,1,61993,1
dare,a,1,1,61897,1
thine,i,1,1,61870,1
andy,i,1,1,61716,1
drug,i,1,1,61642,1
gown,i,1,1,61548,1
vice,i,1,1,61413,1
fuse,a,1,1,61408,1
threat,i,1,1,61326,1
vine,a,1,1,61180,1
pond,i,1,1,60958,1
soft,i,1,1,60894,1
tail,i,1,1,60887,1
mack,a,1,1,60850,1
xiii,i,1,1,60833,1
utah,i,1,1,60782,1
teach,i,1,1,60744,1
flag,i,1,1,60674,1
weed,a,1,1,60549,1
tall,i,1,1,60506,1
dame,a,1,1,60337,1
dove,a,1,1,60219,1
paths,i,1,1,60198,1
tons,i,1,1,60188,1
heading,i,1,1,60095,1
rising,i,1,1,59876,1
oats,a,1,1,59778,1
dish,i,1,1,59770,1
among,i,1,1,59697,1
piano,i,1,1,59671,1
muse,a,1,1,59508,1
sept,a,1,1,59406,1
echo,i,1,1,59346,1
sara,i,1,1,59345,1
pink,a,1,1,59302,1
frog,a,1,1,59157,1
theft,a,1,1,59130,1
loam,a,1,1,59006,1
cock,i,1,1,58921,1
liking,a,1,1,58900,1
clan,a,1,1,58793,1
noah,a,1,1,58749,1
hyde,a,1,1,58699,1
hips,a,1,1,58605,1
foil,a,1,1,58538,1
toys,a,1,1,58483,1
rail,i,1,1,58286,1
mess,a,1,1,58206,1
stud,a,1,1,58165,1
flap,a,1,1,58156,1
penn,a,1,1,57983,1
trying,i,1,1,57977,1
lisa,i,1,1,57773,1
gary,i,1,1,57672,1
tate,a,1,1,57601,1
prior,i,1,1,57517,1
atom,i,1,1,57063,1
ruby,a,1,1,57062,1
diana,a,1,1,56877,1
sore,i,1,1,56818,1
rush,i,1,1,56708,1
butt,a,1,1,56704,1
cube,a,1,1,56651,1
weir,a,1,1,56433,1
fuel,i,1,1,56399,1
anew,a,1,1,56359,1
womb,i,1,1,56358,1
bulk,a,1,1,56353,1
feast,i,1,1,56347,1
kant,a,1,1,56239,1
kept,i,1,1,56200,1
prey,a,1,1,56074,1
olds,a,1,1,56053,1
kill,i,1,1,55964,1
stat,i,1,1,55918,1
bail,a,1,1,55865,1
brow,i,1,1,55844,1
miami,a,1,1,55581,1
coin,i,1,1,55531,1
iris,a,1,1,55459,1
tech,a,1,1,55444,1
vase,a,1,1,55024,1
taxing,a,1,1,54959,1
bags,i,1,1,54670,1
bike,a,1,1,54279,1
mann,i,1,1,54209,1
jeff,i,1,1,54205,1
sail,i,1,1,54170,1
treat,i,1,1,54082,1
buck,i,1,1,54066,1
rick,a,1,1,54051,1
folk,i,1,1,54042,1
dent,a,1,1,53929,1
giving,i,1,1,53924,1
jeff,a,1,1,53910,1
drop,i,1,1,53887,1
lima,a,1,1,53836,1
vera,a,1,1,53551,1
fled,a,1,1,53310,1
golf,a,1,1,53294,1
tubing,a,1,1,53159,1
dirt,a,1,1,53107,1
soup,i,1,1,53039,1
slip,i,1,1,52991,1
healing,i,1,1,52983,1
quod,a,1,1,52967,1
keith,i,1,1,52961,1
wrath,i,1,1,52903,1
acre,i,1,1,52788,1
loom,a,1,1,52783,1
loop,i,1,1,52703,1
bach,a,1,1,52687,1
bowl,i,1,1,52669,1
sins,a,1,1,52600,1
kane,a,1,1,52585,1
lease,i,1,1,52526,1
ivan,i,1,1,52509,1
typing,i,1,1,52504,1
folio,a,1,1,52414,1
feed,i,1,1,52374,1
ruin,i,1,1,52357,1
edith,i,1,1,52330,1
eden,i,1,1,52292,1
shear,a,1,1,52249,1
matt,a,1,1,52215,1
dire,a,1,1,52211,1
dave,a,1,1,52111,1
lens,i,1,1,52073,1
canoe,a,1,1,52056,1
aide,a,1,1,52047,1
sole,a,1,1,52035,1
string,i,1,1,51983,1
erie,a,1,1,51973,1
envy,a,1,1,51944,1
cows,i,1,1,51942,1
congo,a,1,1,51934,1
sink,i,1,1,51787,1
bearing,i,1,1,51703,1
deer,i,1,1,51697,1
hive,a,1,1,51629,1
dash,a,1,1,51419,1
rude,a,1,1,51293,1
rite,a,1,1,51243,1
lore,a,1,1,51038,1
fare,i,1,1,50946,1
burn,i,1,1,50936,1
draw,i,1,1,50926,1
seek,i,1,1,50848,1
marc,i,1,1,50769,1
greg,a,1,1,50660,1
grew,i,1,1,50654,1
harp,a,1,1,50654,1
shed,i,1,1,50514,1
chang,i,1,1,50407,1
pact,a,1,1,50221,1
papa,a,1,1,50192,1
pitt,a,1,1,50152,1
beck,i,1,1,50084,1
nile,a,1,1,50071,1
onion,a,1,1,50035,1
lock,i,1,1,49975,1
exam,a,1,1,49898,1
peking,a,1,1,49872,1
asking,i,1,1,49769,1
doll,i,1,1,49763,1
fury,i,1,1,49674,1
dose,i,1,1,49672,1
gram,a,1,1,49649,1
lust,a,1,1,49582,1
zero,i,1,1,49363,1
beard,i,1,1,49307,1
slab,a,1,1,49262,1
xvii,a,1,1,49133,1
dread,i,1,1,49000,1
alps,a,1,1,48797,1
dent,i,1,1,48737,1
exit,i,1,1,48692,1
icon,a,1,1,48691,1
seats,i,1,1,48639,1
doom,a,1,1,48589,1
acta,a,1,1,48576,1
riding,i,1,1,48567,1
hats,a,1,1,48563,1
ugly,a,1,1,48472,1
jake,a,1,1,48300,1
leach,a,1,1,48264,1
flying,i,1,1,48232,1
ores,a,1,1,48034,1
monk,i,1,1,47994,1
roar,a,1,1,47874,1
mask,i,1,1,47854,1
seating,a,1,1,47770,1
aids,i,1,1,47769,1
pump,i,1,1,47768,1
hood,i,1,1,47728,1
heel,a,1,1,47677,1
epic,a,1,1,47663,1
knob,a,1,1,47659,1
jose,i,1,1,47642,1
diana,i,1,1,47642,1
xvii,i,1,1,47625,1
saul,i,1,1,47594,1
waking,i,1,1,47499,1
mama,a,1,1,47481,1
chin,i,1,1,47359,1
deaths,i,1,1,47348,1
todd,i,1,1,47223,1
weep,a,1,1,47187,1
laid,i,1,1,47035,1
clue,i,1,1,46838,1
rust,a,1,1,46837,1
hist,i,1,1,46720,1
sore,a,1,1,46711,1
yale,a,1,1,46689,1
bold,i,1,1,46654,1
bathing,a,1,1,46601,1
steam,i,1,1,46558,1
pill,a,1,1,46502,1
hide,i,1,1,46291,1
burr,a,1,1,46186,1
watt,i,1,1,46110,1
carr,i,1,1,46102,1
nuts,i,1,1,46074,1
pearl,i,1,1,46013,1
womb,a,1,1,46006,1
bees,i,1,1,45960,1
hymn,a,1,1,45957,1
thread,i,1,1,45933,1
sixth,i,1,1,45901,1
anon,i,1,1,45893,1
span,i,1,1,45889,1
pike,i,1,1,45831,1
onto,i,1,1,45805,1
shri,i,1,1,45628,1
hogs,a,1,1,45523,1
dumb,i,1,1,45484,1
gore,i,1,1,45414,1
sheath,a,1,1,45230,1
mole,a,1,1,45187,1
sees,i,1,1,45185,1
peer,a,1,1,45146,1
dale,i,1,1,45144,1
thief,i,1,1,45014,1
adding,i,1,1,44933,1
jour,a,1,1,44803,1
para,i,1,1,44794,1
cage,i,1,1,44683,1
cult,a,1,1,44661,1
heed,a,1,1,44517,1
cobb,a,1,1,44495,1
nato,a,1,1,44430,1
ruling,i,1,1,44397,1
kiln,a,1,1,44260,1
lift,i,1,1,44253,1
prop,i,1,1,44203,1
rods,i,1,1,44193,1
mayo,a,1,1,44183,1
holy,i,1,1,44129,1
thorn,a,1,1,44016,1
void,i,1,1,43862,1
toil,a,1,1,43674,1
runs,i,1,1,43618,1
lime,i,1,1,43610,1
weep,i,1,1,43402,1
chas,a,1,1,43349,1
fury,a,1,1,43337,1
foam,a,1,1,43301,1
eddy,a,1,1,43300,1
pans,a,1,1,43205,1
mining,i,1,1,43179,1
dues,a,1,1,43169,1
quit,i,1,1,43165,1
gait,a,1,1,42992,1
cart,i,1,1,42981,1
piping,a,1,1,42895,1
mule,a,1,1,42894,1
dams,a,1,1,42834,1
bite,i,1,1,42822,1
ninth,a,1,1,42750,1
agar,a,1,1,42697,1
fowl,a,1,1,42653,1
boon,i,1,1,42565,1
mesh,a,1,1,42500,1
cats,i,1,1,42389,1
adds,i,1,1,42298,1
wool,i,1,1,42274,1
fond,i,1,1,42233,1
hare,i,1,1,42190,1
cord,i,1,1,42183,1
dock,i,1,1,42172,1
moss,i,1,1,42036,1
boon,a,1,1,42033,1
surf,a,1,1,42029,1
twin,a,1,1,42025,1
bend,i,1,1,41965,1
worm,i,1,1,41954,1
odds,a,1,1,41939,1
tick,a,1,1,41902,1
tooth,i,1,1,41876,1
vale,a,1,1,41876,1
drew,i,1,1,41857,1
fist,a,1,1,41828,1
iraq,i,1,1,41826,1
font,a,1,1,41612,1
wrath,a,1,1,41494,1
rick,i,1,1,41486,1
stem,i,1,1,41461,1
berg,i,1,1,41450,1
pork,a,1,1,41330,1
solo,a,1,1,41320,1
herd,i,1,1,41315,1
hull,i,1,1,41315,1
lynn,i,1,1,41265,1
hale,i,1,1,41261,1
penn,i,1,1,41195,1
scar,a,1,1,41137,1
vows,i,1,1,40932,1
bike,i,1,1,40926,1
tenth,a,1,1,40922,1
woke,a,1,1,40845,1
hind,a,1,1,40803,1
pres,i,1,1,40763,1
tips,i,1,1,40703,1
chap,a,1,1,40605,1
ally,i,1,1,40596,1
cease,i,1,1,40513,1
lack,i,1,1,40493,1
pale,i,1,1,40468,1
waking,a,1,1,40462,1
ties,i,1,1,40446,1
ugly,i,1,1,40412,1
loaf,a,1,1,40253,1
levy,i,1,1,40205,1
joys,i,1,1,40199,1
taft,a,1,1,40178,1
chat,i,1,1,40077,1
dirt,i,1,1,40047,1
tort,a,1,1,40018,1
lawn,i,1,1,40006,1
dame,i,1,1,39926,1
rash,a,1,1,39859,1
cape,i,1,1,39848,1
iran,i,1,1,39783,1
hume,i,1,1,39697,1
width,i,1,1,39621,1
cope,a,1,1,39600,1
butt,i,1,1,39424,1
angry,a,1,1,39422,1
dull,i,1,1,39391,1
jump,i,1,1,39369,1
fungi,a,1,1,39354,1
robe,i,1,1,39349,1
pete,a,1,1,39332,1
mating,a,1,1,39291,1
teams,i,1,1,39189,1
peru,i,1,1,39172,1
verb,i,1,1,39160,1
malt,a,1,1,39129,1
coup,a,1,1,39027,1
mist,i,1,1,39023,1
mars,i,1,1,39020,1
pint,a,1,1,38924,1
saith,a,1,1,38855,1
veil,i,1,1,38820,1
vivo,a,1,1,38778,1
comp,i,1,1,38773,1
oaks,a,1,1,38758,1
pious,a,1,1,38744,1
goethe,a,1,1,38734,1
cuts,i,1,1,38647,1
bart,a,1,1,38636,1
lungs,i,1,1,38596,1
cons,i,1,1,38570,1
silk,i,1,1,38382,1
aged,i,1,1,38317,1
swim,i,1,1,38232,1
fill,i,1,1,38220,1
rico,i,1,1,38195,1
pile,i,1,1,38165,1
woke,i,1,1,38082,1
pine,i,1,1,38070,1
lading,a,1,1,37995,1
pigs,i,1,1,37976,1
sears,a,1,1,37798,1
webb,i,1,1,37734,1
maze,a,1,1,37666,1
rows,i,1,1,37570,1
eagle,i,1,1,37544,1
rude,i,1,1,37483,1
beef,i,1,1,37343,1
pier,i,1,1,37337,1
fade,a,1,1,37316,1
greg,i,1,1,37297,1
lydia,i,1,1,37247,1
beans,i,1,1,37225,1
gall,a,1,1,37144,1
pose,i,1,1,37127,1
arcs,a,1,1,36997,1
grin,a,1,1,36958,1
tiny,a,1,1,36946,1
judy,i,1,1,36935,1
peaks,i,1,1,36848,1
knox,i,1,1,36843,1
odor,a,1,1,36808,1
lore,i,1,1,36755,1
toll,a,1,1,36751,1
turf,a,1,1,36634,1
rely,a,1,1,36609,1
oxen,a,1,1,36558,1
sweat,i,1,1,36554,1
dyes,a,1,1,36526,1
pony,a,1,1,36494,1
bits,i,1,1,36435,1
rosa,i,1,1,36363,1
andy,a,1,1,36289,1
info,a,1,1,36276,1
oval,a,1,1,36232,1
fold,i,1,1,36209,1
reel,i,1,1,36118,1
herr,a,1,1,36106,1
neil,i,1,1,36100,1
pins,i,1,1,36071,1
eaten,i,1,1,35972,1
mare,i,1,1,35947,1
ramp,a,1,1,35815,1
menu,i,1,1,35773,1
ruby,i,1,1,35633,1
heir,i,1,1,35599,1
toil,i,1,1,35567,1
cafe,i,1,1,35527,1
writ,i,1,1,35300,1
mall,i,1,1,35286,1
sums,i,1,1,35280,1
cruz,i,1,1,35223,1
ache,a,1,1,35194,1
lions,a,1,1,35126,1
anal,i,1,1,35123,1
kirk,i,1,1,35113,1
longing,i,1,1,35112,1
comp,a,1,1,35081,1
bark,i,1,1,35055,1
pitt,i,1,1,35045,1
germ,a,1,1,35030,1
grip,i,1,1,35015,1
drum,i,1,1,35000,1
limb,i,1,1,34952,1
rags,a,1,1,34909,1
sofa,i,1,1,34874,1
sage,i,1,1,34820,1
fern,a,1,1,34820,1
pleas,a,1,1,34796,1
stead,i,1,1,34778,1
yoga,a,1,1,34562,1
longing,a,1,1,34553,1
jeans,i,1,1,34550,1
cass,a,1,1,34523,1
hens,a,1,1,34463,1
idol,a,1,1,34458,1
ills,a,1,1,34348,1
beating,i,1,1,34332,1
hawk,i,1,1,34192,1
bolt,i,1,1,34188,1
flue,a,1,1,34151,1
ants,a,1,1,34120,1
shit,a,1,1,33956,1
algae,a,1,1,33925,1
rats,i,1,1,33912,1
jars,a,1,1,33888,1
damn,a,1,1,33875,1
ante,a,1,1,33749,1
tier,a,1,1,33718,1
cane,i,1,1,33691,1
hays,a,1,1,33680,1
cheap,i,1,1,33637,1
glad,a,1,1,33636,1
peel,i,1,1,33601,1
idiot,a,1,1,33505,1
gale,i,1,1,33427,1
stud,i,1,1,33411,1
brit,a,1,1,33386,1
thumb,i,1,1,33347,1
aide,i,1,1,33339,1
eyed,i,1,1,33322,1
asks,i,1,1,33225,1
disc,i,1,1,33117,1
arab,a,1,1,32993,1
crab,a,1,1,32989,1
huts,a,1,1,32975,1
holt,i,1,1,32928,1
fond,a,1,1,32837,1
vera,i,1,1,32835,1
bows,a,1,1,32794,1
bore,i,1,1,32767,1
saving,i,1,1,32727,1
coke,i,1,1,32717,1
bass,i,1,1,32714,1
taxi,i,1,1,32573,1
wage,i,1,1,32538,1
alias,a,1,1,32517,1
toys,i,1,1,32471,1
wade,i,1,1,32397,1
soap,i,1,1,32375,1
react,i,1,1,32266,1
pour,i,1,1,32231,1
glen,i,1,1,32229,1
tact,a,1,1,32196,1
miami,i,1,1,32182,1
ness,i,1,1,32163,1
flee,a,1,1,31955,1
beams,i,1,1,31913,1
dove,i,1,1,31812,1
obey,i,1,1,31780,1
grin,i,1,1,31705,1
wits,i,1,1,31617,1
dots,a,1,1,31584,1
bent,i,1,1,31516,1
lust,i,1,1,31491,1
cease,a,1,1,31465,1
hans,i,1,1,31397,1
bloc,a,1,1,31373,1
iris,i,1,1,31329,1
arid,i,1,1,31328,1
thine,a,1,1,31311,1
dunn,i,1,1,31278,1
zoning,a,1,1,31271,1
join,i,1,1,31260,1
herb,a,1,1,31234,1
hymn,i,1,1,31233,1
riots,a,1,1,31178,1
coil,i,1,1,31139,1
rating,i,1,1,31127,1
paso,a,1,1,31112,1
nash,i,1,1,30955,1
myths,a,1,1,30939,1
odds,i,1,1,30904,1
gulf,i,1,1,30822,1
yale,i,1,1,30792,1
chef,a,1,1,30736,1
damp,a,1,1,30713,1
perth,a,1,1,30687,1
glow,i,1,1,30683,1
crow,i,1,1,30654,1
rack,i,1,1,30542,1
ripe,a,1,1,30525,1
fringe,a,1,1,30477,1
noah,i,1,1,30375,1
colt,a,1,1,30344,1
vent,i,1,1,30255,1
leading,i,1,1,30157,1
lett,a,1,1,30157,1
slot,i,1,1,30103,1
situ,a,1,1,30094,1
sums,a,1,1,29997,1
ginger,a,1,1,29975,1
pears,a,1,1,29971,1
pads,a,1,1,29965,1
mach,i,1,1,29924,1
tory,a,1,1,29920,1
dive,a,1,1,29795,1
ware,i,1,1,29790,1
jets,a,1,1,29710,1
boring,i,1,1,29653,1
gaps,a,1,1,29563,1
slag,a,1,1,29513,1
luis,i,1,1,29485,1
alto,a,1,1,29369,1
envy,i,1,1,29363,1
ache,i,1,1,29358,1
mack,i,1,1,29354,1
pets,a,1,1,29338,1
boot,i,1,1,29293,1
voting,i,1,1,29241,1
xxii,a,1,1,29138,1
coma,a,1,1,29110,1
canoe,i,1,1,29103,1
memo,i,1,1,28989,1
buds,a,1,1,28877,1
beta,a,1,1,28766,1
doom,i,1,1,28716,1
moor,i,1,1,28685,1
palm,i,1,1,28603,1
push,i,1,1,28511,1
oral,a,1,1,28510,1
meek,a,1,1,28509,1
bomb,i,1,1,28444,1
halt,i,1,1,28356,1
dyeing,a,1,1,28336,1
pull,i,1,1,28307,1
tray,i,1,1,28271,1
thank,i,1,1,28259,1
clue,a,1,1,28216,1
mock,a,1,1,28201,1
taxi,a,1,1,28196,1
levi,i,1,1,28194,1
dana,i,1,1,28172,1
cass,i,1,1,28165,1
weir,i,1,1,28093,1
aims,i,1,1,28038,1
tops,i,1,1,28032,1
dating,i,1,1,28030,1
bears,i,1,1,28010,1
racing,i,1,1,27994,1
weary,a,1,1,27957,1
eliot,i,1,1,27952,1
eager,i,1,1,27857,1
gill,i,1,1,27855,1
tech,i,1,1,27828,1
muse,i,1,1,27785,1
wits,a,1,1,27694,1
nays,i,1,1,27682,1
idle,i,1,1,27635,1
bare,i,1,1,27623,1
fins,a,1,1,27523,1
duck,i,1,1,27495,1
poll,i,1,1,27493,1
grim,a,1,1,27446,1
firing,i,1,1,27410,1
maya,a,1,1,27384,1
fork,i,1,1,27294,1
visa,a,1,1,27229,1
bays,a,1,1,27219,1
loving,i,1,1,27204,1
vows,a,1,1,27191,1
fans,i,1,1,27088,1
linn,a,1,1,27044,1
dining,a,1,1,26965,1
lent,i,1,1,26869,1
sack,i,1,1,26846,1
golf,i,1,1,26780,1
kerr,i,1,1,26707,1
weed,i,1,1,26670,1
timing,i,1,1,26514,1
peach,a,1,1,26448,1
spear,i,1,1,26402,1
eager,a,1,1,26383,1
fled,i,1,1,26182,1
ether,i,1,1,26169,1
nova,a,1,1,26122,1
prey,i,1,1,26108,1
soda,i,1,1,25995,1
cork,i,1,1,25992,1
syria,i,1,1,25990,1
mica,a,1,1,25941,1
cues,a,1,1,25827,1
react,a,1,1,25790,1
null,a,1,1,25776,1
ranging,a,1,1,25553,1
dans,i,1,1,25479,1
labs,a,1,1,25351,1
lazy,i,1,1,25211,1
cone,i,1,1,25168,1
whip,i,1,1,25150,1
goat,i,1,1,25138,1
tags,a,1,1,25112,1
pill,i,1,1,25088,1
herb,i,1,1,25017,1
gage,i,1,1,24789,1
ripe,i,1,1,24710,1
gall,i,1,1,24639,1
doings,i,1,1,24622,1
gems,a,1,1,24583,1
bait,i,1,1,24567,1
warp,a,1,1,24526,1
ribs,i,1,1,24516,1
ills,i,1,1,24410,1
cups,i,1,1,24409,1
bile,a,1,1,24339,1
knot,i,1,1,24303,1
stir,i,1,1,24253,1
oven,i,1,1,24213,1
axes,i,1,1,24205,1
gilt,a,1,1,24043,1
heating,i,1,1,24022,1
olds,i,1,1,24018,1
pest,a,1,1,23965,1
chip,i,1,1,23868,1
fide,a,1,1,23828,1
vine,i,1,1,23802,1
mice,i,1,1,23796,1
coll,a,1,1,23795,1
peer,i,1,1,23776,1
mont,a,1,1,23729,1
swan,i,1,1,23683,1
hire,i,1,1,23681,1
wilt,i,1,1,23646,1
hive,i,1,1,23604,1
roar,i,1,1,23604,1
dealing,i,1,1,23545,1
hats,i,1,1,23494,1
fist,i,1,1,23444,1
auto,a,1,1,23356,1
sour,a,1,1,23233,1
char,i,1,1,23225,1
calf,i,1,1,23172,1
mute,a,1,1,23162,1
wilt,a,1,1,23047,1
java,i,1,1,23018,1
hips,i,1,1,23014,1
meats,a,1,1,22981,1
raid,i,1,1,22968,1
mule,i,1,1,22924,1
memo,a,1,1,22910,1
oils,i,1,1,22899,1
hugo,i,1,1,22892,1
cope,i,1,1,22852,1
harp,i,1,1,22805,1
isle,i,1,1,22797,1
bred,i,1,1,22771,1
mats,a,1,1,22764,1
lace,i,1,1,22741,1
pony,i,1,1,22733,1
folio,i,1,1,22733,1
hyde,i,1,1,22610,1
lied,a,1,1,22603,1
boom,i,1,1,22547,1
plum,a,1,1,22536,1
boxing,a,1,1,22526,1
fats,a,1,1,22502,1
stat,a,1,1,22490,1
lazy,a,1,1,22484,1
seals,i,1,1,22445,1
paying,i,1,1,22403,1
guru,a,1,1,22402,1
liking,i,1,1,22340,1
rags,i,1,1,22250,1
slim,a,1,1,22248,1
pink,i,1,1,22233,1
rape,i,1,1,22179,1
urge,i,1,1,22172,1
marx,i,1,1,22166,1
worn,i,1,1,22150,1
kick,i,1,1,22149,1
comm,i,1,1,22074,1
hiding,i,1,1,22048,1
ninth,i,1,1,21963,1
vest,i,1,1,21881,1
twin,i,1,1,21868,1
bart,i,1,1,21865,1
norm,i,1,1,21809,1
oats,i,1,1,21793,1
cert,a,1,1,21776,1
diving,a,1,1,21736,1
yoke,i,1,1,21717,1
seams,a,1,1,21690,1
reno,a,1,1,21633,1
deals,i,1,1,21535,1
leaks,a,1,1,21529,1
nuns,a,1,1,21525,1
frog,i,1,1,21500,1
vale,i,1,1,21482,1
hist,a,1,1,21455,1
thigh,i,1,1,21391,1
fits,i,1,1,21350,1
coping,a,1,1,21302,1
cove,i,1,1,21279,1
comb,i,1,1,21274,1
ibid,a,1,1,21268,1
info,i,1,1,21238,1
pots,i,1,1,21226,1
burr,i,1,1,21160,1
teen,a,1,1,21154,1
fading,a,1,1,21137,1
lame,a,1,1,21132,1
diem,a,1,1,21074,1
cult,i,1,1,21030,1
wept,i,1,1,20949,1
giant,i,1,1,20921,1
bald,a,1,1,20848,1
beta,i,1,1,20821,1
rand,i,1,1,20805,1
joys,a,1,1,20737,1
theft,i,1,1,20735,1
hail,i,1,1,20685,1
shew,i,1,1,20666,1
yarn,i,1,1,20633,1
heel,i,1,1,20603,1
solo,i,1,1,20593,1
dumb,a,1,1,20576,1
jazz,i,1,1,20536,1
lame,i,1,1,20518,1
dome,i,1,1,20467,1
lump,a,1,1,20465,1
foul,i,1,1,20450,1
xxii,i,1,1,20437,1
arab,i,1,1,20357,1
pens,i,1,1,20341,1
guam,a,1,1,20327,1
brig,a,1,1,20311,1
tire,i,1,1,20303,1
peking,i,1,1,20200,1
baths,i,1,1,20175,1
cert,i,1,1,20028,1
wearing,i,1,1,19953,1
logs,i,1,1,19945,1
keen,i,1,1,19904,1
prod,a,1,1,19885,1
bury,i,1,1,19868,1
cons,a,1,1,19848,1
kane,i,1,1,19803,1
bail,i,1,1,19701,1
edit,i,1,1,19650,1
unto,i,1,1,19650,1
gangs,a,1,1,19644,1
dues,i,1,1,19635,1
heed,i,1,1,19618,1
pick,i,1,1,19597,1
tied,i,1,1,19590,1
helm,i,1,1,19576,1
gram,i,1,1,19539,1
ageing,a,1,1,19518,1
alps,i,1,1,19495,1
flax,a,1,1,19415,1
oaths,i,1,1,19357,1
lone,a,1,1,19284,1
clan,i,1,1,19214,1
gaming,a,1,1,19017,1
tate,i,1,1,19016,1
tenth,i,1,1,19013,1
thorn,i,1,1,18993,1
plug,i,1,1,18984,1
taft,i,1,1,18958,1
noun,i,1,1,18949,1
lima,i,1,1,18935,1
pork,i,1,1,18903,1
nigh,i,1,1,18846,1
mere,i,1,1,18751,1
audio,a,1,1,18746,1
bulk,i,1,1,18737,1
grid,i,1,1,18713,1
buying,i,1,1,18694,1
lied,i,1,1,18632,1
euro,a,1,1,18629,1
visa,i,1,1,18535,1
tory,i,1,1,18487,1
hearth,i,1,1,18445,1
dual,a,1,1,18391,1
conf,i,1,1,18350,1
beads,i,1,1,18348,1
flux,i,1,1,18325,1
trim,i,1,1,18318,1
junk,i,1,1,18267,1
mast,i,1,1,18263,1
congo,i,1,1,18247,1
rite,i,1,1,18203,1
sane,a,1,1,18163,1
caps,i,1,1,18088,1
lava,a,1,1,18081,1
peck,i,1,1,18074,1
chef,i,1,1,18068,1
wore,i,1,1,18061,1
nile,i,1,1,18052,1
ginger,i,1,1,17996,1
nail,i,1,1,17962,1
pits,i,1,1,17890,1
maze,i,1,1,17868,1
bach,i,1,1,17863,1
anew,i,1,1,17850,1
maya,i,1,1,17838,1
cobb,i,1,1,17822,1
tuna,a,1,1,17686,1
hose,i,1,1,17576,1
idol,i,1,1,17566,1
hemp,a,1,1,17561,1
coll,i,1,1,17456,1
walt,a,1,1,17432,1
damp,i,1,1,17353,1
gaps,i,1,1,17293,1
tact,i,1,1,17291,1
eddy,i,1,1,17291,1
turf,i,1,1,17290,1
myths,i,1,1,17227,1
colt,i,1,1,17220,1
hogs,i,1,1,17206,1
daring,i,1,1,17196,1
hast,i,1,1,17135,1
scar,i,1,1,17122,1
mole,i,1,1,17058,1
walt,i,1,1,17036,1
fowl,i,1,1,17027,1
tend,i,1,1,17013,1
mayo,i,1,1,16898,1
dive,i,1,1,16885,1
tiny,i,1,1,16845,1
flee,i,1,1,16782,1
oaths,a,1,1,16779,1
lieu,a,1,1,16738,1
bugs,a,1,1,16702,1
beet,a,1,1,16661,1
wont,i,1,1,16624,1
scan,i,1,1,16607,1
pore,a,1,1,16595,1
huge,i,1,1,16588,1
lone,i,1,1,16585,1
lions,i,1,1,16567,1
gets,i,1,1,16562,1
boil,i,1,1,16525,1
curb,i,1,1,16504,1
bleak,a,1,1,16421,1
goethe,i,1,1,16394,1
steal,i,1,1,16296,1
dash,i,1,1,16162,1
facing,i,1,1,16149,1
ramp,i,1,1,16135,1
mild,i,1,1,16135,1
junk,a,1,1,16122,1
nets,i,1,1,16120,1
teen,i,1,1,16096,1
sioux,a,1,1,16096,1
throw,i,1,1,16074,1
pact,i,1,1,16056,1
rode,i,1,1,16038,1
brit,i,1,1,15960,1
pulp,i,1,1,15934,1
wins,i,1,1,15894,1
pleas,i,1,1,15868,1
mint,i,1,1,15864,1
ants,i,1,1,15839,1
oral,i,1,1,15788,1
silt,a,1,1,15788,1
duct,i,1,1,15699,1
clung,a,1,1,15625,1
yoga,i,1,1,15599,1
sewing,i,1,1,15584,1
bugs,i,1,1,15521,1
bust,i,1,1,15494,1
erie,i,1,1,15373,1
slim,i,1,1,15279,1
sine,a,1,1,15274,1
tile,i,1,1,15256,1
gazing,a,1,1,15254,1
urging,i,1,1,15230,1
perth,i,1,1,15210,1
bind,i,1,1,15157,1
hits,i,1,1,15081,1
vase,i,1,1,15080,1
hears,i,1,1,15040,1
vile,i,1,1,15034,1
rash,i,1,1,15024,1
pans,i,1,1,14993,1
zinc,i,1,1,14987,1
melt,i,1,1,14982,1
flew,i,1,1,14880,1
winged,a,1,1,14859,1
brings,i,1,1,14786,1
auto,i,1,1,14783,1
coma,i,1,1,14764,1
pest,i,1,1,14763,1
guru,i,1,1,14679,1
raging,a,1,1,14674,1
cans,i,1,1,14671,1
tread,i,1,1,14633,1
jaws,i,1,1,14629,1
dyer,i,1,1,14601,1
hays,i,1,1,14585,1
vary,i,1,1,14521,1
sway,i,1,1,14481,1
oaks,i,1,1,14469,1
sane,i,1,1,14444,1
mach,a,1,1,14437,1
amen,a,1,1,14416,1
fake,i,1,1,14413,1
onion,i,1,1,14393,1
fade,i,1,1,14379,1
bulb,i,1,1,14336,1
pets,i,1,1,14235,1
deem,i,1,1,14224,1
mini,a,1,1,14172,1
hens,i,1,1,14133,1
odor,i,1,1,14132,1
eaton,i,1,1,14129,1
snap,i,1,1,14121,1
reef,i,1,1,14040,1
clad,a,1,1,13987,1
peach,i,1,1,13808,1
asian,a,1,1,13766,1
haul,i,1,1,13679,1
drag,i,1,1,13591,1
gait,i,1,1,13480,1
clip,i,1,1,13461,1
viking,a,1,1,13434,1
rust,i,1,1,13401,1
singly,a,1,1,13381,1
comm,a,1,1,13373,1
huts,i,1,1,13368,1
pays,i,1,1,13342,1
pears,i,1,1,13275,1
gems,i,1,1,13259,1
acta,i,1,1,13149,1
lien,i,1,1,13140,1
fern,i,1,1,13094,1
toll,i,1,1,13085,1
mute,i,1,1,13080,1
vast,i,1,1,13077,1
tens,i,1,1,13053,1
viking,i,1,1,13040,1
foam,i,1,1,13039,1
ores,i,1,1,13025,1
oxen,i,1,1,12884,1
veto,i,1,1,12875,1
audio,i,1,1,12857,1
skip,i,1,1,12775,1
dams,i,1,1,12706,1
drying,i,1,1,12664,1
caring,i,1,1,12639,1
losing,i,1,1,12594,1
sess,a,1,1,12556,1
html,a,1,1,12487,1
nova,i,1,1,12419,1
aerial,a,1,1,12375,1
nuns,i,1,1,12327,1
axle,i,1,1,12288,1
sole,i,1,1,12277,1
tick,i,1,1,12217,1
bids,i,1,1,12216,1
knob,i,1,1,12187,1
herr,i,1,1,12133,1
meta,i,1,1,12108,1
sour,i,1,1,12102,1
leach,i,1,1,11986,1
gears,i,1,1,11951,1
reno,i,1,1,11946,1
dump,i,1,1,11892,1
hanging,i,1,1,11846,1
wont,a,1,1,11827,1
slit,i,1,1,11777,1
tame,i,1,1,11648,1
vols,a,1,1,11624,1
mini,i,1,1,11608,1
bathing,i,1,1,11544,1
coup,i,1,1,11533,1
plow,i,1,1,11447,1
loaf,i,1,1,11436,1
riots,i,1,1,11396,1
lump,i,1,1,11394,1
fungi,i,1,1,11343,1
buds,i,1,1,11318,1
bays,i,1,1,11302,1
plead,i,1,1,11251,1
anal,a,1,1,11123,1
beats,i,1,1,11096,1
sunk,i,1,1,10986,1
font,i,1,1,10838,1
pint,i,1,1,10824,1
hind,i,1,1,10813,1
filing,i,1,1,10741,1
slab,i,1,1,10730,1
plum,i,1,1,10677,1
surf,i,1,1,10603,1
mold,i,1,1,10596,1
yuan,i,1,1,10546,1
epic,i,1,1,10510,1
nato,i,1,1,10502,1
dyes,i,1,1,10494,1
chas,i,1,1,10487,1
loam,i,1,1,10392,1
rely,i,1,1,10348,1
jute,a,1,1,10324,1
casing,i,1,1,10303,1
asian,i,1,1,10291,1
bows,i,1,1,10205,1
pads,i,1,1,10137,1
lining,i,1,1,10130,1
brig,i,1,1,10116,1
mont,i,1,1,10053,1
spur,i,1,1,10032,1
noting,i,1,1,10010,1
mixing,i,1,1,10008,1
flap,i,1,1,9954,1
paso,i,1,1,9947,1
cube,i,1,1,9930,1
diem,i,1,1,9913,1
baking,i,1,1,9844,1
spit,i,1,1,9827,1
weld,i,1,1,9788,1
meek,i,1,1,9731,1
guam,i,1,1,9670,1
foil,i,1,1,9658,1
meta,a,1,1,9592,1
crab,i,1,1,9519,1
jars,i,1,1,9446,1
fide,i,1,1,9430,1
doings,a,1,1,9408,1
mesh,i,1,1,9391,1
yeast,i,1,1,9323,1
gazing,i,1,1,9212,1
wary,a,1,1,9202,1
clad,i,1,1,9126,1
dual,i,1,1,9083,1
blew,i,1,1,9078,1
diving,i,1,1,9050,1
dealt,i,1,1,9047,1
grim,i,1,1,8987,1
glue,i,1,1,8944,1
weaving,i,1,1,8914,1
icon,i,1,1,8876,1
boxing,i,1,1,8827,1
labs,i,1,1,8767,1
nazi,a,1,1,8748,1
meats,i,1,1,8706,1
bringing,i,1,1,8647,1
sears,i,1,1,8636,1
sank,i,1,1,8507,1
euro,i,1,1,8417,1
loom,i,1,1,8393,1
ionic,a,1,1,8342,1
coding,i,1,1,8297,1
bona,a,1,1,8290,1
sown,i,1,1,8263,1
prod,i,1,1,8243,1
alias,i,1,1,8213,1
temp,a,1,1,8205,1
akin,a,1,1,8183,1
dans,a,1,1,8045,1
axial,a,1,1,8028,1
algae,i,1,1,8021,1
sheath,i,1,1,8014,1
laying,i,1,1,8011,1
cite,i,1,1,8006,1
dining,i,1,1,7952,1
duly,a,1,1,7931,1
nave,i,1,1,7889,1
kiln,i,1,1,7869,1
sowing,i,1,1,7834,1
jour,i,1,1,7829,1
silt,i,1,1,7823,1
lays,i,1,1,7819,1
sits,i,1,1,7817,1
germ,i,1,1,7798,1
bald,i,1,1,7791,1
dire,i,1,1,7787,1
dots,i,1,1,7755,1
citing,i,1,1,7715,1
tens,a,1,1,7711,1
alto,i,1,1,7698,1
tuna,i,1,1,7660,1
ongoing,a,1,1,7644,1
bake,i,1,1,7635,1
singly,i,1,1,7416,1
knit,i,1,1,7377,1
apex,i,1,1,7236,1
fading,i,1,1,7226,1
flax,i,1,1,7198,1
pious,i,1,1,7189,1
fixing,i,1,1,7090,1
malt,i,1,1,7067,1
tags,i,1,1,7019,1
seams,i,1,1,6985,1
raging,i,1,1,6953,1
flue,i,1,1,6950,1
fins,i,1,1,6948,1
lobe,i,1,1,6912,1
nays,a,1,1,6770,1
oval,i,1,1,6767,1
cues,i,1,1,6761,1
situ,i,1,1,6715,1
lend,i,1,1,6665,1
fuse,i,1,1,6589,1
bile,i,1,1,6559,1
lading,i,1,1,6548,1
linn,i,1,1,6511,1
fats,i,1,1,6470,1
gaming,i,1,1,6453,1
earning,i,1,1,6389,1
gangs,i,1,1,6385,1
spun,i,1,1,6343,1
duly,i,1,1,6294,1
lava,i,1,1,6265,1
wary,i,1,1,6150,1
wrap,i,1,1,6146,1
owns,i,1,1,6142,1
swings,i,1,1,6135,1
tort,i,1,1,6092,1
mica,i,1,1,6078,1
tubing,i,1,1,6070,1
warn,i,1,1,6056,1
omit,i,1,1,6033,1
semi,i,1,1,6014,1
mats,i,1,1,6008,1
mock,i,1,1,5911,1
bloc,i,1,1,5898,1
sine,i,1,1,5885,1
jets,i,1,1,5866,1
sued,i,1,1,5797,1
owed,i,1,1,5790,1
slid,i,1,1,5779,1
tuning,i,1,1,5737,1
sioux,i,1,1,5699,1
leasing,i,1,1,5648,1
hiring,i,1,1,5638,1
flip,i,1,1,5637,1
weave,i,1,1,5511,1
vivo,i,1,1,5492,1
piping,i,1,1,5489,1
bleak,i,1,1,5433,1
hemp,i,1,1,5407,1
wiring,i,1,1,5402,1
toss,i,1,1,5359,1
slag,i,1,1,5358,1
akin,i,1,1,5348,1
null,i,1,1,5327,1
tilt,i,1,1,5318,1
ethyl,i,1,1,5256,1
pore,i,1,1,5244,1
clinging,a,1,1,5201,1
exec,a,1,1,5149,1
volt,i,1,1,5133,1
sess,i,1,1,5128,1
fringe,i,1,1,5120,1
rearing,i,1,1,5097,1
temp,i,1,1,5093,1
shear,i,1,1,5073,1
leaks,i,1,1,4919,1
ranging,i,1,1,4912,1
wears,i,1,1,4854,1
ongoing,i,1,1,4801,1
owes,i,1,1,4708,1
dyed,i,1,1,4686,1
puts,i,1,1,4662,1
beet,i,1,1,4662,1
lieu,i,1,1,4636,1
gilt,i,1,1,4629,1
arcs,i,1,1,4584,1
naming,i,1,1,4561,1
nazi,i,1,1,4531,1
mating,i,1,1,4438,1
coping,i,1,1,4338,1
threw,i,1,1,4287,1
eased,i,1,1,4264,1
lett,i,1,1,4252,1
swinging,i,1,1,4214,1
anglo,a,1,1,4173,1
http,i,1,1,4167,1
owning,i,1,1,4069,1
paving,i,1,1,3992,1
bony,a,1,1,3956,1
agar,i,1,1,3939,1
warp,i,1,1,3913,1
grab,i,1,1,3891,1
waving,i,1,1,3879,1
buys,i,1,1,3860,1
biting,i,1,1,3636,1
zoning,i,1,1,3516,1
dyeing,i,1,1,3450,1
tore,i,1,1,3449,1
leaning,i,1,1,3430,1
html,i,1,1,3309,1
seating,i,1,1,3289,1
sealing,i,1,1,3189,1
bona,i,1,1,3161,1
axial,i,1,1,3047,1
exec,i,1,1,3042,1
bade,i,1,1,2915,1
swung,i,1,1,2880,1
winged,i,1,1,2871,1
aerial,i,1,1,2843,1
curing,i,1,1,2834,1
hangs,i,1,1,2625,1
ayes,i,1,1,2502,1
amid,i,1,1,2452,1
lets,i,1,1,2420,1
jute,i,1,1,2419,1
aiming,i,1,1,2388,1
refs,i,1,1,2309,1
conf,a,1,1,2258,1
http,a,1,1,2229,1
bony,i,1,1,2078,1
ageing,i,1,1,2057,1
anglo,i,1,1,1968,1
taxing,i,1,1,1897,1
ayes,a,1,1,1859,1
wipe,i,1,1,1776,1
flung,i,1,1,1722,1
tearing,i,1,1,1572,1
clinging,i,1,1,1264,1
ionic,i,1,1,1250,1
indo,a,1,1,1191,1
aiding,i,1,1,1181,1
clung,i,1,1,1118,1
indo,i,1,1,1034,1
