so,that,302131126
of,his,260571790
is,not,233061577
it,was,223139376
of,this,214018489
of,all,205955495
do,not,193382364
in,that,193210212
the,two,174465843
the,new,170286802
he,was,166640809
is,that,160983225
in,this,157915999
in,his,149309877
at,all,148408128
the,end,147600033
he,had,132892572
of,that,129626567
in,one,104515831
in,all,98074144
no,one,93805828
of,its,92256185
to,his,91781296
of,god,91631072
the,one,91458530
of,one,87069843
the,use,86722286
of,them,86548616
of,our,82270705
to,that,75231257
up,with,74869870
of,her,74473316
the,day,71803060
the,war,71643663
to,see,70733373
the,law,69594692
as,one,68167101
is,one,66679670
do,with,65365345
the,old,63429261
at,that,62516747
to,get,61997064
the,year,61984716
to,all,60758128
the,way,60448148
to,him,60012790
the,man,59097120
in,its,58282087
of,two,57733325
in,and,56491313
on,one,56457125
we,are,56061966
to,this,55178530
in,fig,55074635
as,they,54348623
or,two,54269623
as,far,53803812
to,say,53400335
so,far,53074450
on,that,52972427
as,long,52877686
the,top,52655590
the,earth,52233327
the,air,51793265
of,any,51729934
up,and,50881413
to,one,50407878
of,new,49739564
to,her,49437201
on,his,49091099
it,has,45479732
we,can,45209427
the,sun,44788954
if,you,44505686
as,that,43216902
in,her,42173734
the,long,42092984
in,two,41776553
the,east,41459947
in,any,41440092
on,all,40898378
the,area,40819001
at,one,40072660
in,new,39683451
to,use,39507699
by,one,39360647
in,our,39336790
he,has,39214651
be,that,38046786
of,man,38040156
the,real,37903807
so,long,37145365
it,may,36804801
as,for,35750393
if,they,35292162
up,for,35003590
to,them,34671494
the,age,34456374
by,his,32479724
it,with,32189375
of,war,32143406
to,its,31972987
of,each,31789352
on,this,31668591
me,that,31546027
at,this,30573691
by,that,29911330
he,did,29650356
on,earth,29215891
it,had,29139173
it,can,28873530
of,being,28159989
by,all,27202287
of,how,26700052
to,you,26613692
be,one,26600251
the,head,26364684
is,now,25974385
the,idea,25695510
do,that,25313916
of,law,25217337
do,you,25071353
by,way,24904615
as,yet,24696022
on,and,24416477
or,not,23870065
to,pay,23666264
on,top,23660845
on,how,23439181
to,our,23390368
the,dead,23064355
as,she,22865784
as,being,22858500
if,one,22774523
to,bring,22764016
to,any,22693796
be,put,22588133
or,that,21832579
at,his,21601624
of,both,21208223
to,god,21168716
by,two,21130182
the,eye,21108274
we,had,21025471
the,red,20902133
as,with,20766871
is,for,20658409
of,age,20645968
on,her,20586101
the,men,20439810
of,art,20412950
of,men,20278875
it,all,20237384
an,end,20171010
me,and,20098572
is,then,20065918
it,does,20046195
in,use,19875817
of,death,19828570
is,too,19794843
to,put,19779707
the,key,19490404
we,may,19410568
of,him,19099258
in,each,19090485
as,you,18935758
at,any,18756040
the,son,18602540
by,law,18476784
is,all,18464751
do,this,18132668
us,that,18103487
the,sum,18100855
the,sky,17599180
if,that,17522922
go,out,17442362
by,this,17431970
up,his,17300739
to,each,17134028
the,mean,17129696
the,low,16955425
it,out,16910367
in,both,16898230
be,read,16830527
my,own,16762987
or,for,16680979
in,with,16615048
the,art,16578964
he,can,16369678
on,its,16359335
in,man,16232261
by,and,16066747
the,death,15703528
the,mid,15654155
be,with,15636446
it,and,15599550
if,not,15594989
at,her,15594727
an,old,15297025
the,heat,15148186
the,bed,15139819
the,act,15127698
as,his,15110608
be,for,15103381
to,death,14890172
to,read,14879499
the,non,14847543
in,may,14769901
on,two,14528790
it,that,14483065
on,with,14303264
in,bed,14140525
as,was,14121202
to,hear,13969691
to,new,13866595
by,any,13794332
go,with,13785609
or,any,13737488
to,ask,13702647
by,its,13628486
the,far,13557734
me,with,13288933
in,god,13193904
by,god,13170812
of,air,13131614
of,things,12972402
the,tax,12883236
if,she,12840599
do,for,12829670
by,far,12693706
or,with,12631659
is,being,12460187
to,two,12346414
is,this,12258221
on,may,12232825
to,lead,12184694
in,for,12157591
it,for,12079693
be,all,12044378
so,they,11992842
of,you,11954398
to,act,11936933
of,non,11930504
at,low,11780445
to,set,11744954
an,area,11705754
he,does,11545393
no,man,11499396
the,big,11480594
he,may,11315940
the,rear,11130018
it,did,11058454
to,try,11056568
by,now,10988789
or,her,10974492
thing,that,10946042
is,far,10878023
to,deal,10811792
at,him,10789220
be,too,10745184
as,are,10688057
to,buy,10528597
the,oil,10442457
the,set,10440670
my,dear,10393911
the,gas,10386550
to,let,10362797
up,all,10361032
in,east,10332970
the,six,10247507
he,saw,10208790
the,net,10100535
the,car,10082717
on,for,10019784
as,may,9971272
of,real,9946933
to,run,9838984
on,our,9813444
by,her,9738883
at,its,9724762
to,end,9698723
do,all,9695644
we,see,9675400
of,old,9643383
to,bed,9622194
the,job,9595915
in,war,9580249
of,long,9568027
is,but,9513655
of,six,9494476
of,heat,9458872
of,low,9282641
be,set,9248784
in,real,9228175
in,them,9206721
of,and,9206251
no,real,9124253
on,each,8990198
the,dog,8958693
am,not,8956497
by,him,8907640
to,and,8870059
in,asia,8868397
the,ice,8860151
of,may,8846048
if,any,8838362
as,this,8804722
of,ten,8769249
the,boy,8719028
it,not,8706642
by,day,8629447
in,art,8575588
is,with,8569067
the,box,8475207
the,god,8464893
as,can,8434199
the,things,8425692
is,due,8404559
be,out,8336494
in,due,8297389
on,both,8284918
of,fear,8206236
the,seat,8187630
in,him,8158951
the,team,8154174
by,using,8137795
as,its,8069224
go,and,8044605
is,going,8014959
the,bay,7978072
if,all,7956135
the,poet,7901097
on,him,7888106
in,law,7884190
or,six,7860264
as,not,7859454
so,you,7810775
the,fear,7755363
at,each,7705390
be,not,7682971
of,oil,7664594
the,lead,7662035
to,add,7658874
in,mid,7626235
do,they,7622783
the,near,7620736
he,and,7575416
is,how,7558606
to,bear,7515910
in,air,7468969
the,path,7400100
as,has,7349654
on,them,7335316
is,thus,7305046
go,for,7276948
me,out,7268224
to,mean,7251829
to,man,7249909
to,wear,7241778
to,both,7241266
the,hot,7212243
an,act,7191831
or,one,7069989
of,red,7041840
or,she,7002994
as,two,6974935
so,with,6969581
the,few,6965196
no,use,6941633
the,ten,6888332
us,all,6823437
in,long,6821651
on,any,6743929
of,san,6731446
in,low,6683072
an,eye,6657164
at,age,6652839
to,die,6651871
be,cut,6628879
to,being,6621697
an,air,6620698
by,them,6608194
to,how,6599683
as,did,6548133
the,arm,6517852
no,way,6470599
to,aid,6433012
we,use,6420738
the,gap,6389909
the,all,6381323
at,war,6348749
of,use,6344244
at,ease,6332937
it,off,6273438
at,two,6252948
as,all,6223231
if,this,6201804
to,win,6160463
to,sit,6129589
up,her,6066737
as,god,6058101
the,dry,6057964
by,our,6029683
the,web,6027101
the,bar,5949230
we,did,5852297
is,his,5843530
in,non,5810959
be,met,5734130
is,why,5692418
so,for,5682762
or,non,5675860
in,how,5641564
in,san,5569965
so,she,5564531
up,that,5547234
an,idea,5530416
an,age,5507573
the,aid,5506613
my,son,5434999
as,any,5434922
to,cut,5424267
of,fig,5389066
at,new,5337184
on,new,5322565
or,all,5321210
of,day,5317395
the,earl,5309559
of,gas,5299567
so,doing,5291133
of,earth,5289071
the,san,5282724
up,one,5269125
by,men,5261706
the,peak,5252517
be,had,5240461
the,poem,5215583
as,low,5215557
in,being,5192532
or,his,5184304
as,new,5172594
in,red,5166691
am,now,5130963
by,then,5099410
or,may,5085325
us,with,5083208
an,all,5034297
me,for,4999095
by,man,4995423
or,use,4956519
my,head,4936313
of,ice,4928393
is,our,4925567
be,two,4901724
in,death,4885180
is,easy,4873838
he,got,4845440
we,all,4813263
to,lay,4776367
to,six,4769094
no,new,4733640
in,six,4726767
be,but,4707207
we,not,4643755
to,fear,4631099
on,long,4624065
or,ten,4618883
in,ten,4610543
we,get,4608798
of,asia,4600690
to,war,4599911
us,and,4589658
on,being,4577762
of,doing,4568318
is,its,4539367
is,set,4534274
of,using,4476715
we,read,4458652
of,east,4452532
in,hot,4389693
at,how,4384870
the,raw,4359464
or,both,4334759
the,then,4314492
to,ten,4298817
is,out,4284235
do,but,4276639
or,death,4275584
is,put,4263097
of,not,4228037
to,fit,4220349
of,tax,4216590
the,ohio,4204618
of,sir,4195430
as,her,4195407
of,raw,4192286
me,all,4184943
as,our,4183470
he,who,4159586
sea,and,4144166
we,saw,4104236
in,age,4081910
by,use,4078969
or,near,4071087
by,age,4041830
the,lot,4031980
an,art,4021693
as,near,4016922
by,both,4006003
in,oil,3962880
so,near,3957230
be,long,3938722
the,sub,3928423
do,and,3923607
or,are,3914132
the,egg,3909105
as,now,3892212
the,meat,3890708
be,due,3888821
is,low,3887944
me,one,3883934
of,lead,3880856
the,rat,3842404
so,than,3779765
if,for,3752084
an,easy,3746594
is,yet,3746489
up,this,3733973
the,eve,3732731
as,had,3720439
of,job,3678970
the,era,3676641
in,den,3663508
at,our,3617740
in,men,3614146
be,any,3609696
it,now,3604440
as,man,3592934
is,both,3560431
in,fear,3532863
or,its,3530811
is,god,3528578
the,fat,3520087
the,now,3519919
by,long,3505497
by,being,3500111
by,new,3491148
at,law,3483825
of,for,3479788
the,mud,3477690
or,can,3475608
no,idea,3461742
the,map,3456123
me,how,3452797
at,them,3449388
by,air,3448889
be,his,3448741
to,dry,3433424
in,die,3417160
as,head,3414290
of,sin,3409619
the,pen,3390135
we,now,3386183
or,low,3378960
as,men,3378917
of,meat,3372583
as,does,3370724
as,real,3370427
my,way,3355978
he,that,3318284
we,mean,3306826
be,far,3305171
or,they,3300890
the,cut,3300069
is,any,3256900
do,now,3238200
on,god,3232989
the,dying,3225262
it,but,3221374
the,song,3216785
of,sex,3203937
at,six,3196717
up,out,3192992
be,and,3192358
do,was,3189789
to,lie,3189367
we,got,3176055
by,death,3159111
we,say,3142998
of,fat,3128789
in,old,3127121
as,per,3125356
go,off,3116855
if,god,3113237
the,usa,3097200
the,leaf,3083638
to,day,3081828
or,being,3074770
the,tip,3041723
up,its,3035455
of,hot,3034025
by,non,3027414
the,bad,3018562
the,hon,3014322
the,wet,3004961
to,earth,2999183
be,this,2994079
in,too,2981169
to,thee,2948958
on,end,2928651
the,run,2926098
as,set,2922444
to,men,2921401
be,both,2912877
it,easy,2903115
no,end,2882865
is,cut,2881273
at,ten,2860335
if,his,2853673
to,non,2832194
be,near,2830491
the,kings,2809585
to,fix,2808782
of,far,2792280
he,not,2786628
the,due,2786617
in,area,2777300
as,old,2772513
it,then,2756196
to,own,2754873
he,hath,2732183
so,did,2727717
of,bed,2727618
up,our,2724631
at,bay,2706618
in,not,2690047
he,put,2676265
to,fly,2675467
by,how,2673960
on,you,2668743
the,gun,2663620
in,doing,2654617
or,who,2649386
the,aim,2642988
do,things,2637632
the,cat,2631611
as,bad,2622783
to,law,2622559
no,two,2614113
by,each,2604284
to,low,2600274
at,long,2588503
the,beam,2588005
no,fear,2583929
of,going,2554479
by,year,2548477
to,head,2542858
the,pro,2529528
the,meal,2521040
the,inn,2509243
is,and,2495493
of,key,2476385
to,earn,2476167
an,arm,2473266
if,and,2466623
to,san,2458898
or,set,2444127
on,man,2442391
is,real,2439177
it,than,2437205
the,bear,2434302
or,out,2431625
the,rim,2428992
of,dead,2415670
an,era,2406387
at,end,2400238
the,bus,2394643
be,led,2392736
by,sir,2391390
the,weak,2384735
by,heat,2372665
am,going,2357587
so,was,2348671
go,far,2345383
is,doing,2339667
my,god,2334751
if,two,2328461
or,you,2328409
is,near,2327899
me,see,2320099
the,arc,2310424
by,low,2306535
as,non,2303400
of,year,2296686
as,how,2288494
he,now,2287317
he,met,2285933
the,dam,2268192
king,and,2257891
us,for,2253751
my,new,2224556
to,heat,2223324
or,how,2216985
we,set,2205818
in,awe,2191476
is,long,2182507
to,age,2180113
at,san,2176150
as,big,2176127
be,off,2176103
to,long,2176050
or,was,2168831
to,tax,2166232
he,sat,2166132
of,joy,2153196
in,rat,2152827
the,pay,2151563
of,ohio,2149985
at,death,2149543
on,non,2148342
so,low,2143818
the,ore,2142247
to,year,2137855
in,sub,2125074
is,dead,2105418
us,out,2100888
an,oil,2100645
so,all,2089399
at,top,2086982
so,are,2081807
the,pan,2078920
the,ego,2070160
at,being,2067222
of,kings,2065759
of,net,2064744
my,arm,2057616
at,and,2056219
he,set,2050313
by,war,2049303
the,rue,2039346
he,goes,2025439
on,real,2022054
it,being,2013000
it,too,2012227
as,too,2010093
be,now,2004089
on,day,2003510
up,two,1996327
at,both,1989403
or,red,1989233
no,law,1983628
the,being,1966342
it,are,1964816
by,fear,1961813
to,real,1960474
in,you,1958458
to,sir,1953461
the,sex,1953040
the,fly,1949626
of,gdp,1947330
if,thou,1941081
by,six,1936229
the,joy,1933274
the,fun,1929567
my,bed,1928943
the,ark,1921681
so,and,1918769
the,lion,1917093
in,fee,1916903
the,not,1909354
be,god,1894385
on,low,1893998
eat,and,1888936
it,goes,1886536
thing,for,1880639
to,now,1879821
of,with,1879410
to,cry,1876036
or,fear,1874136
to,air,1871337
of,eating,1860507
us,now,1851606
the,cap,1850356
or,had,1834315
or,air,1834102
in,year,1819653
the,wings,1816195
the,dean,1811926
of,too,1809554
by,act,1808626
the,per,1804760
the,imf,1798976
of,aging,1797628
is,two,1796728
an,out,1788939
be,dead,1786337
in,far,1780576
the,bow,1779842
it,one,1778974
to,hang,1774221
as,both,1770979
the,fee,1770774
me,off,1770756
it,mean,1765229
to,beat,1763574
is,read,1761287
the,myth,1758716
us,see,1751623
or,has,1751402
the,singing,1746400
an,egg,1735356
or,gas,1731010
the,cup,1729309
in,tax,1724447
the,ears,1723762
the,leg,1723634
cm,long,1720508
thing,was,1720160
the,fur,1706070
in,ohio,1698823
the,oath,1698736
of,dna,1697206
by,with,1696973
be,easy,1692211
or,end,1692066
or,new,1690421
of,hiv,1687414
to,tear,1683685
the,thin,1681450
of,per,1681340
of,die,1674329
or,get,1674164
so,does,1671327
in,per,1667882
the,pit,1661211
so,this,1659088
be,doing,1654372
be,got,1654217
the,lung,1638409
of,fun,1637069
so,one,1633737
of,sub,1631331
my,dad,1631037
the,bag,1630848
in,ref,1629740
the,seas,1629427
be,thus,1613453
the,may,1612537
my,old,1609004
la,vie,1607048
in,using,1607036
up,any,1600578
the,fig,1599372
as,easy,1597052
of,near,1596891
the,lay,1593476
or,law,1592232
so,dear,1591692
or,too,1586392
of,who,1573917
so,can,1573430
to,east,1572747
we,hear,1572192
the,bath,1563417
or,read,1560997
on,war,1551387
be,non,1550617
us,who,1549410
no,mean,1548538
on,air,1545779
of,pay,1541690
be,our,1535069
the,lad,1532320
of,dry,1532089
of,bad,1531366
to,for,1528415
is,non,1528248
of,area,1522140
my,eye,1519326
or,man,1518663
on,aging,1515263
in,sec,1511031
the,rod,1505070
no,easy,1502653
he,then,1502490
the,out,1499745
the,gut,1495417
mm,long,1495228
as,thou,1492457
he,read,1481398
of,mud,1481028
so,bad,1478076
to,rid,1476504
at,you,1476333
of,big,1469113
do,one,1466356
the,bit,1465611
by,lot,1462876
is,apt,1461618
do,his,1460430
an,ice,1456639
or,act,1453393
do,any,1451539
on,death,1450341
to,hit,1445115
in,heat,1444958
to,using,1444598
the,bbc,1441801
thy,god,1440870
ex,rel,1440713
us,not,1438843
me,this,1437281
the,dear,1435418
an,odd,1434424
by,for,1430924
the,eec,1430799
the,seal,1429028
the,log,1427704
go,all,1427574
on,ice,1426464
the,pig,1425167
on,art,1423098
by,car,1419242
as,death,1418743
or,long,1418265
or,oil,1417659
my,being,1415060
eat,with,1412807
the,mob,1410969
in,aid,1403896
or,bad,1400616
in,day,1400331
me,now,1397281
am,with,1395561
the,aging,1389675
of,head,1387050
mg,per,1381743
in,things,1381549
me,not,1380269
of,set,1379804
to,old,1379074
the,ill,1378971
no,god,1378709
by,ten,1377326
be,fun,1376932
the,van,1375383
the,off,1371909
me,but,1366752
be,going,1361816
as,few,1360128
is,her,1358854
am,too,1355324
me,any,1353164
my,two,1353132
the,see,1348573
be,sung,1341198
is,man,1339429
to,art,1338593
of,ore,1337797
by,not,1332182
go,now,1331659
op,cit,1329342
the,ease,1326702
in,net,1324691
me,get,1323088
the,beat,1321876
the,oak,1320770
is,met,1320321
in,but,1317345
by,doing,1315984
by,art,1315480
the,pot,1311729
to,sin,1311476
as,art,1310581
by,fig,1309213
in,vol,1309002
at,mid,1308634
as,then,1305354
in,ice,1304898
the,cry,1300415
he,ran,1299608
to,fig,1297981
is,fed,1297272
or,off,1296289
me,was,1292556
so,now,1287861
of,but,1284760
the,fbi,1281517
in,earth,1280700
or,war,1278365
at,par,1277164
as,due,1276609
to,not,1276049
me,than,1273503
on,law,1272248
the,guy,1269898
up,new,1269224
as,and,1266220
or,cut,1265806
as,air,1264424
of,arc,1261761
in,tow,1259756
the,sin,1259364
the,cow,1255597
of,eye,1254897
if,its,1252753
us,are,1252695
of,sun,1252462
of,top,1251680
the,pin,1247734
at,arm,1246199
be,hung,1241111
ring,and,1240952
be,real,1235259
to,heal,1234287
we,met,1233829
we,add,1232055
king,was,1230813
as,red,1229083
sea,with,1226318
or,real,1223344
the,lid,1221945
my,age,1219437
the,dna,1217750
by,you,1215276
of,mean,1212894
so,easy,1211017
in,gas,1207836
do,get,1202056
my,mom,1200869
be,won,1200077
the,lip,1197936
the,row,1189244
in,job,1189086
as,age,1187006
the,can,1186783
or,sub,1186046
to,lean,1184865
as,law,1182155
to,with,1180918
on,east,1180648
if,our,1180598
on,old,1174954
if,with,1172799
the,sad,1171726
or,did,1171709
or,head,1169315
thing,you,1168308
is,she,1168066
be,then,1166755
it,any,1164786
an,oath,1163168
the,easy,1160897
up,too,1159843
us,how,1159724
as,ten,1159122
the,deaf,1158127
or,ill,1155051
or,art,1151673
the,jew,1150885
to,may,1149737
to,top,1148984
to,dig,1141763
the,zeal,1139116
the,fit,1137977
is,bad,1137931
the,bias,1137551
me,you,1135589
as,dead,1135353
is,new,1132219
up,but,1129206
the,gay,1127268
in,thee,1126063
as,heat,1124673
up,now,1122906
the,die,1122699
tea,and,1121399
or,die,1121123
in,big,1119467
as,day,1109475
the,deal,1109405
as,each,1108924
as,war,1108501
be,using,1107705
be,they,1105451
the,fda,1102444
so,too,1100842
the,irs,1097460
of,thee,1095765
to,sue,1092359
to,ease,1092255
of,why,1090999
the,ash,1090576
the,gel,1089292
go,see,1088750
it,this,1088697
as,six,1087067
we,put,1086093
in,rear,1085067
go,get,1084149
we,try,1082718
an,arc,1081905
on,too,1081402
by,sex,1078644
he,lay,1075437
by,bit,1072795
by,too,1072738
be,low,1071660
the,hip,1070076
on,out,1067371
or,put,1066834
thing,with,1066484
by,mid,1065897
the,prc,1062184
in,sex,1062048
in,key,1060058
the,fed,1059325
in,rem,1059221
it,set,1058071
we,ask,1053645
the,ink,1053507
on,men,1047446
no,long,1046644
the,con,1040673
of,kin,1038187
in,act,1036863
in,yet,1035885
if,her,1030702
of,are,1028932
on,oil,1028371
it,you,1024601
or,does,1024471
the,dye,1023668
to,tie,1022896
be,its,1017423
thing,and,1017416
or,pay,1015620
in,lead,1012806
so,few,1012314
of,way,1011734
by,eating,1009605
to,aim,1008907
the,dew,1008280
la,fin,1005750
the,tie,1004809
we,both,1004032
as,fig,1003344
so,his,1002761
is,off,1002459
in,mud,1002188
in,fat,1001616
of,thin,1001253
is,ill,1000365
by,gas,997567
to,but,996541
in,now,996473
on,fig,995520
the,cpu,994232
it,yet,993750
the,odd,993350
of,lay,990620
the,dim,988925
or,why,987693
in,top,986026
up,being,984500
or,area,981601
of,due,979373
the,hut,979057
the,ray,974369
in,arm,971527
he,too,970226
it,his,968244
be,let,963396
in,out,962355
it,hath,961628
by,old,961167
so,out,959888
on,but,955896
do,than,953710
of,ill,951028
the,thai,950265
the,too,949317
he,led,947483
the,fox,947065
of,wet,945842
the,boer,945317
be,her,943930
to,mid,942526
the,sap,940174
or,using,939584
be,run,939100
an,ass,936423
go,near,935690
as,things,933499
of,singing,933058
by,real,932431
by,going,930949
on,age,929750
the,gang,927104
re,not,925274
of,oak,923866
my,death,922367
on,going,921140
to,mix,917745
as,out,917429
of,rna,917294
or,run,917059
up,near,916068
on,now,915549
the,kid,915221
go,that,914674
of,was,910999
an,aid,909711
me,two,908830
on,six,904847
the,saw,904462
my,job,903940
on,red,901615
the,gear,897317
to,wit,890961
an,inn,888945
on,things,887816
the,cns,887790
of,leaf,886168
the,and,885681
the,bud,885046
or,heat,885013
the,han,881591
so,ill,880573
of,atp,879671
he,let,879310
the,bat,879213
at,old,879162
of,bath,875603
the,fog,874924
to,near,874160
at,not,872096
as,sir,870928
the,zoo,869749
of,aid,869748
in,pay,866651
me,his,866219
so,had,865904
ring,with,862796
be,fit,862456
at,east,861895
an,east,858821
of,cut,858679
up,was,855470
no,air,854280
in,bad,854200
or,age,853891
in,les,852797
of,iowa,848822
in,math,848612
of,rat,848011
be,fed,847702
of,tin,846718
we,owe,843139
so,why,842903
up,off,837857
in,eating,835460
on,are,834951
to,bar,832102
of,act,831906
the,sec,831152
of,car,829822
of,out,827176
if,too,826967
my,ears,825682
in,box,824988
the,plea,823815
us,but,823762
the,for,823145
of,ease,822679
to,seal,821131
or,day,821105
on,job,820125
as,oil,819700
of,don,819676
by,red,818861
an,ill,818611
in,mean,815473
sea,that,811664
the,cab,811564
to,things,808984
to,pin,808718
to,job,807113
the,ass,806886
in,going,806657
to,beg,806426
the,mat,806243
at,for,806106
as,hot,804198
so,may,803122
the,gym,800455
is,death,799527
the,eating,797112
on,who,796383
my,day,795624
am,far,794940
on,use,794182
in,ink,793255
if,man,792846
in,near,791909
of,zion,791192
or,tax,789791
to,why,789413
he,won,789339
at,bath,789106
or,buy,787908
thing,but,787052
on,key,786161
of,mao,785996
do,them,785362
re,going,783170
in,singing,782067
is,using,780315
mm,and,779475
so,let,778152
it,got,777350
us,than,777270
the,sting,776035
us,any,774468
is,you,773879
of,egg,772698
of,pro,772588
the,riot,769660
or,lead,768654
as,key,767176
we,sat,766165
of,end,765615
of,web,765514
the,din,764378
be,ten,764063
the,sac,763645
of,wit,762912
no,tax,761935
of,dying,761328
go,too,760997
on,sex,760764
the,jet,759820
no,set,758337
of,bias,757512
to,rear,757067
am,for,756455
in,dry,755411
the,jaw,755048
my,car,755043
of,mid,753480
of,urea,753080
on,tax,752841
on,using,751261
is,owing,750485
or,things,750319
the,ibm,748322
of,bis,748008
wing,and,746154
the,ban,745969
of,pan,744687
to,asia,743634
in,sin,743087
do,see,742952
the,wear,738946
my,long,737879
sea,ice,737602
be,rid,736583
the,tin,736095
the,lee,734928
so,has,733999
my,boy,733261
us,off,732061
ph,and,731275
king,had,731158
at,things,731152
an,off,730557
as,thin,729955
to,arm,726651
the,hat,726587
at,day,726302
we,then,725510
sea,for,723943
so,hot,720673
we,going,719271
us,say,718972
is,weak,718617
or,job,718176
or,ice,716491
in,wet,715728
do,then,715079
the,lab,713983
to,who,712008
kg,per,711847
at,god,711023
the,rings,709373
no,net,708327
the,asia,707315
of,fit,705910
no,ill,704316
is,hung,702872
or,men,700618
to,sum,700381
ear,and,698024
by,hot,694589
so,old,694032
the,hay,693915
the,lie,693603
on,net,692346
in,was,692063
the,trio,691717
an,die,689693
my,seat,687967
by,oil,687816
is,fit,685751
the,pub,685193
as,raw,684943
an,oak,682933
or,see,680674
on,dry,680460
or,net,680042
of,ash,679905
or,than,679420
on,doing,679407
to,bid,677796
us,was,676888
at,fig,676534
is,run,676487
as,lead,674871
do,two,673882
on,was,670882
or,our,670263
in,meat,669293
us,both,668682
the,pop,666423
by,may,665407
the,toy,665373
on,hot,663019
so,how,662652
sing,and,662466
as,but,662324
he,say,661368
by,ice,660481
to,mrs,660351
the,den,659050
the,fan,658783
no,war,657190
at,with,656513
of,hay,656453
in,song,655987
the,owl,655779
do,our,654845
of,awe,652731
of,gay,652424
if,things,651833
the,rib,649689
or,old,649204
if,both,649194
of,yet,649176
be,six,647449
or,god,646290
the,gum,645052
go,one,644207
is,ten,642300
in,raw,640146
the,mad,639598
do,say,638505
or,dry,638489
of,team,637493
me,she,637251
um,die,637232
the,jar,636961
to,rob,636002
be,yet,633951
to,red,632844
do,him,632825
the,bid,628201
as,tax,625805
my,man,623599
to,are,620387
id,est,620247
to,key,620220
the,com,619979
the,rna,618463
it,long,617581
or,per,616668
of,pig,616187
of,sec,615566
the,par,615467
of,song,613028
the,ram,612885
the,shoe,610450
the,seam,609780
us,one,608922
to,eye,608665
of,sky,608271
the,swing,608184
the,bee,607116
is,six,606483
of,lung,605159
in,dna,604962
to,then,604754
he,with,604724
the,toes,603293
am,but,603017
is,old,602652
the,ringing,601244
if,men,600615
no,son,600246
cm,and,597489
to,oil,596470
in,head,595987
us,this,592409
is,led,591609
my,pen,591365
of,ink,591038
the,mix,590399
or,try,589901
by,thin,589560
in,leaf,588984
am,one,587970
we,run,587892
of,dog,586340
the,pet,585914
of,weak,583781
as,ice,583680
the,cpi,582745
thing,they,581847
me,long,581756
of,ions,581125
in,set,580861
it,lay,580753
me,too,579174
of,pus,578273
it,far,578038
us,had,576892
if,each,576428
thing,she,575663
eat,meat,575178
the,wax,574847
no,heat,574806
of,now,574172
sing,with,572544
of,peak,572277
to,swing,570036
sing,for,569485
or,dead,568981
my,real,568770
the,cue,568291
by,eye,567977
to,sex,566225
the,ions,565293
the,tear,564153
the,ebb,563149
in,bis,562892
to,tip,561285
it,they,559112
the,ant,557392
or,hot,556337
of,myth,554030
at,red,553781
in,are,552939
be,men,552919
me,put,552478
on,thee,551042
as,fear,550534
of,log,549979
in,sum,548616
to,map,548093
at,year,547365
sea,was,546372
or,sex,544973
of,wear,543520
my,not,543488
at,key,543474
on,raw,543000
do,both,542611
the,read,541373
the,going,539003
in,off,538952
to,far,538736
at,peak,536304
the,raf,536287
by,van,535980
of,van,535268
eat,all,535044
the,icc,534974
an,earth,534864
so,our,534357
the,bean,534019
or,fat,533612
the,hinge,533163
do,her,530759
the,url,530431
thy,son,528398
do,use,528371
to,tap,528313
in,thus,527125
by,top,525024
me,they,523774
the,dial,522886
re,all,521661
of,can,521646
us,our,521496
am,and,520820
so,real,520436
as,fat,519909
is,they,517736
in,dead,516134
to,log,514715
ring,that,513698
the,tub,513391
us,two,512944
in,rom,512226
us,can,512165
ring,for,511802
the,fcc,511285
so,set,510494
the,plo,509062
go,but,508310
the,chi,507036
or,idea,506670
my,men,505972
up,each,505845
on,heat,505660
to,out,505593
an,one,504377
or,meat,502921
the,dos,502782
up,than,502324
as,job,501469
we,let,501463
me,say,501154
as,read,500963
the,xml,500895
he,thus,500518
to,don,499722
in,car,499352
the,ins,499081
so,any,498753
or,earth,498319
as,sin,496248
my,gun,495789
of,jean,495279
on,oath,494947
the,epa,493099
we,act,492373
in,end,492338
the,math,492047
so,but,491468
of,tom,491015
of,fur,490752
or,add,490375
as,mean,490346
eat,for,489176
if,war,487079
be,old,487078
it,led,486076
of,easy,485999
the,mac,485759
of,say,484967
on,ten,483987
up,yet,483875
or,east,483049
as,fit,483005
the,hiv,482986
to,reap,482840
so,weak,482323
as,dear,482124
by,tax,481961
of,ram,480507
to,net,479937
so,its,479243
the,add,478690
an,den,476802
me,who,474781
the,hub,472223
us,get,471276
be,bad,471093
in,aging,470911
the,hit,470791
to,son,470762
the,nun,470351
the,tang,470136
of,gun,468781
he,mean,468471
to,sec,468298
the,beak,468179
up,then,467965
it,thus,467942
to,bow,467236
is,dry,466272
on,san,466229
the,ape,465983
an,owl,465613
on,cue,465558
me,why,465423
the,yen,464643
of,zeal,464292
to,row,463961
in,iowa,463730
of,lot,463651
the,tar,463250
the,oft,462358
the,ada,461997
in,tel,460392
ion,and,460277
of,peat,458249
the,icy,456259
by,bus,453441
at,too,453398
so,mean,453166
or,year,452722
of,con,452578
me,then,452483
on,wet,451941
my,lot,451620
by,area,451482
of,les,451327
to,was,450130
up,long,449681
it,two,448549
or,raw,446938
an,aging,446415
by,sub,445617
is,fear,445352
of,off,445101
of,ham,444017
the,don,443817
at,near,443011
in,hiv,442808
we,who,442679
or,team,442531
the,fin,441150
so,then,441042
on,eating,440480
to,doing,440436
by,east,440041
no,fun,439314
is,red,439088
the,leap,438421
on,not,437953
in,thin,437607
by,sin,437479
lb,per,437448
ye,are,436838
by,bad,436505
is,hot,436450
of,gear,435913
to,opt,435395
on,gas,433903
on,thin,433826
is,key,433416
us,has,433044
or,due,433024
it,fit,432017
no,big,431377
the,hum,430877
eat,that,430172
of,rye,429994
to,eating,429175
in,sun,428450
to,wet,427268
the,dot,427090
ft,long,426873
the,doing,426677
to,leap,426392
at,bar,426245
me,god,426051
my,dog,425790
by,but,425415
be,was,425169
an,xml,424690
he,cut,424329
to,rub,423959
to,seat,423933
or,mean,423539
of,wax,423149
in,pig,422714
as,weak,422632
the,eeg,421718
on,why,421229
to,cling,421099
the,pus,420957
by,jean,420155
king,who,419883
am,that,419369
the,bog,419245
the,peat,419041
to,too,418413
be,new,418274
or,this,417846
as,thus,417629
do,mean,416854
of,gum,416075
as,dry,415612
in,egg,415281
do,too,415277
km,long,414566
of,see,414247
by,max,413977
the,hue,413531
the,gdp,413366
the,rig,413228
king,that,413190
in,pro,413112
do,its,411993
the,flu,411665
be,how,411577
the,ira,411551
in,then,411463
the,vat,411163
or,mud,411060
or,car,411039
of,lee,410351
the,tab,410019
be,owing,409650
be,man,409650
the,rug,409564
is,fun,408643
in,bar,408337
or,say,407918
of,tar,407579
the,tao,405772
if,death,405288
the,tap,405032
he,doth,404486
of,ale,404170
it,both,403919
to,sub,403740
or,bar,403605
to,con,402463
the,ivy,402252
of,ego,401320
he,ate,401319
or,top,400436
so,big,400032
or,box,399533
my,ass,399436
in,team,399132
the,that,398503
or,way,398376
it,going,398206
us,his,398166
or,lie,397871
in,who,396500
an,ant,396335
in,zion,395582
it,read,394549
the,sat,394181
in,lat,393916
by,due,393191
of,then,393023
in,gear,392306
at,big,392131
of,siam,392030
of,zen,391255
by,end,391248
in,joy,390938
in,eye,390642
be,red,390331
the,hog,389582
the,wit,389536
be,con,388928
at,far,388462
of,mme,388126
my,fear,387926
as,eating,387732
the,hen,387658
be,thou,386434
the,fir,385785
the,how,384744
ye,that,384572
on,then,384383
of,mrs,383718
is,lying,383480
it,its,382925
up,both,382402
it,she,381701
of,vol,380877
to,sow,379918
in,lung,379913
of,pop,379733
is,sung,378648
the,nut,378624
it,get,378392
as,gas,377912
of,rum,377650
or,arm,377443
ring,out,376686
the,uss,376551
am,doing,376549
to,thin,375815
sea,air,375696
to,gas,375565
the,pie,375384
of,than,375074
to,fling,374813
ad,for,374504
be,dug,374225
so,her,374007
of,gnp,373733
the,yet,373642
to,ban,373351
on,big,373006
as,sub,372754
on,dead,372640
to,wed,371417
of,cod,371181
the,ode,370872
is,dying,370709
thy,own,369979
or,hear,369494
the,ski,369197
in,log,368134
the,bead,367968
we,deal,367571
as,dean,367472
of,lying,367338
by,big,367181
the,lap,366339
the,sod,365802
as,going,364947
or,key,364436
or,aid,364315
or,eye,364298
it,ran,364168
to,big,363891
so,put,363657
by,job,363528
in,pan,363487
in,web,363180
in,hue,362891
on,web,362210
am,all,362178
the,cdc,361797
to,ohio,361732
by,sun,361404
by,mrs,361301
to,area,361040
by,singing,360448
or,son,360339
thing,has,360003
eat,them,359890
he,hit,359776
in,row,359725
or,bed,358907
of,meal,358208
on,far,358124
eat,out,358055
of,arm,357631
as,meat,357425
thing,out,357343
is,won,357294
we,bear,356247
to,yet,354666
we,bring,353849
the,moth,353761
if,then,353690
the,elk,353593
the,leak,353588
the,cid,353334
as,use,352123
the,pith,351534
in,con,351210
or,cry,351075
to,hot,351043
so,each,350626
is,dear,350396
ml,per,350014
the,tag,349468
as,lay,349267
the,heap,349181
no,act,348992
the,cam,348785
as,san,348466
the,iowa,348056
to,fee,347374
so,god,347151
no,meat,347007
on,die,346748
or,dog,346533
or,sit,346191
of,ali,346065
as,sex,345653
at,but,345090
do,try,345082
to,gdp,345056
ring,was,345026
to,peak,344863
he,get,344770
do,men,344623
the,ama,344545
we,pay,344538
my,idea,344386
it,real,344286
the,pew,343910
of,ben,343756
the,bye,342545
by,head,342142
or,lay,341974
we,lay,341804
the,iso,341716
on,par,341672
he,nor,341374
if,now,341344
up,not,341165
or,let,341007
be,war,340607
on,fear,340486
go,mad,340124
be,who,339839
the,awe,339163
as,hath,338883
the,hem,338263
tea,with,337752
he,sang,337579
of,odd,336796
it,near,336505
my,one,336207
of,wings,336125
the,cod,336005
by,key,335969
to,ice,335830
the,eeoc,335457
the,dip,335223
am,out,334680
the,dis,334088
by,ibm,333381
it,doth,332814
by,sec,332700
the,heath,332565
in,sir,332328
the,who,332097
me,her,331468
no,for,329725
at,eye,329435
of,box,329405
my,hat,329035
an,ibm,328852
no,age,328702
thing,can,328049
the,nra,327371
be,ill,327078
to,hiv,326608
to,bad,326587
we,ran,326582
by,gel,326544
or,far,326314
the,sly,326250
of,dye,326184
no,eye,326128
is,sin,325561
or,going,325364
the,lean,325075
of,ddt,324619
the,ton,324272
in,dog,324066
or,leaf,323604
at,run,323348
we,end,323220
so,both,322758
by,mao,322470
to,sun,322158
in,cat,321788
of,ibm,321170
or,thin,320950
no,say,320577
we,and,320424
the,nba,320374
or,egg,320124
on,sir,319716
the,wee,319128
so,ago,318517
the,vet,318386
the,urn,318297
the,pad,318244
us,then,317553
wing,with,317158
in,oak,316609
sea,bed,316476
he,being,316265
as,ill,315754
the,rye,315417
at,art,314036
on,than,313890
the,ace,313687
the,tow,312478
or,doing,312147
or,saw,311581
up,area,311303
in,peak,311225
the,aba,311070
or,pen,310817
by,few,310593
or,pro,310189
be,pro,309861
if,but,309851
do,god,309772
it,lie,309723
is,thin,309336
the,col,309298
me,dead,309034
in,can,308725
the,kgb,308092
as,put,307366
to,mar,307278
the,peg,306756
the,hang,306676
up,are,306647
no,men,306161
the,elm,306107
in,way,306105
on,yet,306094
of,bar,305470
the,yang,305327
ft,and,304652
of,mar,304509
the,spa,304018
the,doer,303757
up,they,303665
my,leg,303653
in,bath,303568
me,read,303372
thing,had,301892
to,tom,301087
thing,than,300234
op,amp,300168
mm,for,300149
at,odd,299949
of,thai,298642
up,dead,298593
the,dung,298454
of,com,298127
me,yet,298006
on,meat,297829
or,wear,297675
in,fun,296590
an,ape,296514
is,big,296155
to,pro,295917
an,and,294884
on,hiv,294703
of,fly,294381
the,ham,294290
km,and,294067
no,being,294014
ear,with,293542
as,top,293472
the,lying,293433
la,rue,292605
by,thus,292474
in,cut,292287
we,two,292247
is,law,292240
up,old,292155
as,eye,291883
he,but,291722
in,qua,290911
by,die,290594
be,death,290514
at,bat,290399
at,head,290353
is,war,290136
in,than,289497
is,art,289078
we,beg,288760
on,pay,287692
the,pear,287382
of,goa,287210
by,thee,287151
of,bear,287128
it,put,287048
it,cut,286867
or,web,286669
by,oath,286427
be,you,286418
or,wet,286193
at,man,286062
as,aid,285997
as,son,285583
thy,way,285554
up,can,285476
of,acth,285371
by,hon,285265
the,cop,285242
as,east,285070
to,bath,284889
by,don,284703
as,earth,284681
the,with,284644
to,ill,284546
or,bear,284256
as,pro,284146
of,sam,283818
as,end,283452
ye,may,283268
of,cat,283138
the,uaw,282897
to,pat,282656
to,fan,282378
is,who,282353
of,few,282222
be,than,282115
is,eating,282043
on,deaf,281953
the,get,281613
so,not,281521
the,aaa,281248
the,raj,281001
or,singing,280924
is,head,280677
the,spy,280207
go,any,280070
the,kin,280033
in,gdp,279912
the,oar,279879
ml,with,278984
of,max,278841
of,dew,278820
to,due,278525
us,put,278177
of,sap,278034
as,net,277786
of,jim,277648
no,gas,277573
of,run,276940
we,too,276412
it,using,275952
is,sad,275874
do,thou,275752
in,ease,275693
if,put,275101
or,ions,274683
so,sad,274560
in,van,274260
is,had,274008
of,earl,273012
the,neat,272796
by,earth,272485
the,cpa,272428
in,tin,272234
at,meal,272163
on,lead,271720
the,this,271408
on,map,271216
it,met,271105
or,sun,270837
the,atp,270814
the,zen,270681
ion,beam,270486
my,lad,270133
the,ftc,269802
the,icu,269687
the,lao,269586
to,wring,269506
of,chi,269318
by,ill,269061
of,eve,268797
ad,lib,268543
go,this,267468
is,yes,266784
ye,see,266581
on,set,266411
me,add,266335
by,bis,266135
of,bay,266038
up,man,265444
do,far,264706
so,cut,264025
the,aft,263968
the,kit,263819
it,our,263789
or,and,263575
or,log,263362
the,put,263351
of,ray,262998
we,fear,262756
he,use,262734
at,mit,262455
eat,one,262315
as,who,261886
of,hit,261880
it,hit,261858
or,sin,261404
us,use,261300
be,law,261236
the,ecg,261174
so,new,260423
we,ate,260234
to,bis,260196
as,gay,259372
me,ask,259354
the,but,258753
he,going,258446
mm,per,258121
of,han,257893
to,van,257208
the,urea,257101
so,thin,257010
to,off,256608
the,tug,256418
us,too,256164
we,long,256137
of,math,256047
to,kings,256035
the,abc,255944
he,see,255829
so,use,255780
no,non,255688
we,sit,255504
as,tom,255206
in,dying,254937
by,pro,254772
of,tie,254717
am,dead,254571
in,xml,254402
of,par,253797
the,vol,253743
to,bee,253560
by,lead,252824
the,val,252643
or,con,252316
an,apt,252315
or,bias,252119
en,est,252113
we,die,252106
my,lap,252024
to,sew,251936
an,ode,251927
is,odd,251702
the,vow,251532
by,are,251385
he,hung,251313
as,wet,250748
on,head,250680
on,rue,250487
as,die,250352
so,get,250249
at,was,250222
me,sit,250202
of,pet,250063
to,mme,249997
at,are,249892
or,but,249519
be,sub,249482
or,leg,249432
to,going,249394
my,art,249129
no,sin,249105
eat,but,248939
me,are,248803
the,ire,248577
the,bug,248549
or,fly,248122
by,aid,248084
on,tap,247915
of,deaf,247855
of,hon,247658
the,lan,247569
be,head,247522
or,weak,247388
by,yet,247381
the,jam,247343
to,web,247294
on,year,247206
it,her,246947
on,bad,246621
to,bet,246618
sea,lion,246589
in,pen,246540
be,weak,246426
up,she,246157
go,then,246116
to,vol,246106
is,fig,245856
my,dead,245788
by,tom,245470
it,run,245271
be,lit,245193
in,par,244320
be,few,244227
to,ply,244112
it,dry,244018
the,atm,243620
in,myth,243309
of,hip,243218
we,but,243025
to,dial,242620
of,guy,242533
ho,was,242357
to,per,242332
or,eating,242221
my,use,241234
sea,are,241218
by,lay,241158
to,spy,241051
the,hop,240900
the,lac,240826
in,map,240768
ion,with,240368
to,pry,240213
of,dean,239927
it,lead,239773
cm,for,239438
the,mug,239384
is,hit,239212
of,fox,239118
the,ova,239000
the,lag,238976
us,they,238623
the,vial,238480
if,long,237969
is,lit,237875
an,eating,237712
of,fir,237699
on,due,237603
to,pop,237428
ll,see,237054
no,ice,236448
kg,and,236339
be,dear,236289
in,few,236253
in,ram,236217
no,red,236075
toe,and,235928
to,bat,235323
or,ask,235306
he,doing,235239
to,raw,235012
me,cry,234967
the,eel,234879
ml,and,234547
to,team,234392
by,dry,233999
no,art,233855
sea,has,233068
no,sun,232356
of,idea,232207
the,sung,231783
to,pan,231559
no,joy,231463
or,wax,231455
by,kings,231033
us,try,230913
be,mad,230600
the,yin,230594
go,east,230496
of,pen,230435
on,fat,230168
the,tee,230122
sea,than,229811
we,thus,229708
at,ibm,229378
ye,not,229224
at,non,229041
the,cob,229038
an,add,228988
or,deal,228916
on,they,228512
of,map,228442
on,leaf,228248
so,being,228134
we,arc,228104
us,far,227974
in,siam,227763
as,poet,227455
of,fee,227412
to,bob,227331
on,can,227303
the,cbs,226992
at,dead,226647
as,cut,226244
by,wet,226083
ear,that,226012
the,ads,225948
me,die,225578
me,had,225499
be,mean,225492
an,aim,225432
on,near,225391
by,hiv,225377
as,using,224616
the,orb,224530
at,les,224310
um,den,224259
to,bias,224143
up,six,224025
by,fiat,223945
no,oil,223451
by,dead,223201
my,team,223171
the,pod,223050
to,rot,223026
the,pup,223011
or,rear,222933
the,max,222906
no,pay,222701
or,fee,222679
so,fat,222542
to,git,222072
me,being,222062
no,and,221986
the,pap,221960
in,com,221906
km,east,221870
to,dip,221744
or,row,221397
the,sit,221330
sing,out,221122
so,say,221046
the,sow,220945
or,fig,220642
be,eating,220449
the,dingy,220340
or,pan,220329
by,things,220203
to,tow,219942
er,die,219834
the,rub,219729
in,thai,219728
an,ash,219603
the,beau,219554
to,box,219455
or,fax,219417
to,err,219341
or,mri,219113
by,dean,218885
the,sling,218738
of,tel,218666
an,oar,218412
in,kings,218387
is,air,218319
the,sol,218172
we,was,217784
the,his,217720
thing,one,217319
to,fat,217088
in,lbs,216897
in,idea,216597
of,beam,216570
be,tax,216560
an,ace,216316
if,out,216256
no,fee,216138
of,phi,216129
of,rear,215631
to,bay,215564
king,for,215445
on,cbs,215240
as,lie,214837
is,use,214773
be,apt,214346
the,win,214305
is,got,214256
we,fee,213864
at,ohio,213736
the,nrc,213668
the,doc,213601
up,ten,213146
of,jung,213109
the,ewe,213000
is,are,212820
an,earl,212401
no,fit,212287
up,you,212064
to,zion,211929
it,day,211813
my,bag,211526
in,wax,211493
as,team,211345
ma,non,211336
the,gem,211330
the,pas,211275
by,per,210865
be,air,210764
be,lying,210306
of,cow,210060
or,bring,210018
en,son,209970
or,tear,209922
at,tel,209854
it,saw,209820
in,ore,209596
the,bet,209525
the,phi,209483
to,dna,209352
ma,vie,209302
on,car,209176
as,web,209110
la,and,209033
do,are,208872
to,sup,208566
king,with,208566
on,asia,208112
on,mean,208029
the,gig,207991
as,pay,207924
ll,get,207636
of,fog,207633
on,bed,207286
of,ref,207240
he,any,207116
no,sex,206824
at,air,206771
no,death,206742
of,saw,206560
my,things,206527
the,ems,206397
is,let,206182
is,per,206179
by,roy,206072
to,fay,206049
of,seal,205930
we,that,205868
of,elk,205760
by,dna,205754
sing,that,205690
on,team,205679
be,why,205196
of,dear,204642
or,sum,204303
of,son,203705
my,and,202656
of,ivy,202374
the,fiat,202308
of,cns,202298
re,doing,202266
of,jet,201697
of,xml,201353
to,mao,201324
an,urn,201093
go,yet,200985
of,ruth,200776
the,bin,200064
or,sung,199975
by,net,199933
up,far,199893
us,long,199646
of,has,199212
ear,for,199113
to,cap,199015
us,may,198998
as,ibm,198952
or,map,198863
my,end,198857
no,going,198767
at,sun,198729
my,path,197878
an,icy,197845
or,cup,197820
to,fry,197559
the,boeing,197387
to,sam,197376
of,had,197273
he,one,197160
the,cot,196804
sea,but,196592
the,led,196332
on,rat,196274
in,goa,196158
to,ram,196062
it,end,196031
if,due,195924
on,easy,195566
as,don,195490
ho,had,195422
no,bad,195357
to,jim,195128
by,who,194946
of,dis,194804
the,uar,194740
the,crt,194737
as,mad,194654
by,out,194328
on,singing,194285
the,using,194079
by,mean,193630
by,rat,193520
me,use,193461
the,emf,193175
of,cap,192863
the,tan,192709
by,lee,192555
we,any,192526
to,dye,192518
to,lee,192514
to,hug,192317
to,woo,192303
of,nat,192285
no,key,191973
by,fat,191478
to,vie,191395
on,off,191349
of,med,191268
the,dow,191196
be,per,191122
of,leon,191051
to,aging,190916
of,riot,190833
the,ale,190693
in,fur,190627
if,cut,190467
of,cad,190439
thing,may,190384
in,easy,190021
of,bob,189947
pm,and,189917
be,sin,189764
my,all,189706
of,lip,189434
if,set,189369
of,dung,189300
the,wan,189277
of,read,189114
em,out,189098
an,ore,188859
the,jig,188853
the,dvd,188515
or,tie,188260
of,hue,188175
or,beat,188047
in,ash,187987
of,dos,187784
he,eats,187658
the,gnp,187571
am,yet,187411
so,two,187108
we,cut,187004
the,min,186998
on,ibm,186728
of,ann,186499
the,cbc,186454
in,gay,186233
the,tying,186215
an,ink,186128
or,cat,186014
he,yet,185954
by,earl,185733
or,dvd,185612
at,die,185561
is,was,185455
la,real,185277
of,lear,185234
of,yin,185184
the,pun,185182
my,joy,185104
the,gong,184860
to,jean,184858
ad,that,184712
oh,god,184662
we,aim,184653
or,dying,184580
in,tum,184404
so,using,184168
in,peat,184104
on,per,184017
ft,per,183944
the,hmo,183708
mm,with,183704
the,nfl,183575
king,has,183491
or,lot,183427
as,off,183386
as,kings,183335
my,going,183273
it,fun,182992
in,tab,182988
do,can,182903
the,fry,182460
the,neon,182219
to,mom,182148
or,cap,182137
up,things,182106
the,why,182059
to,joy,181966
we,each,181929
tea,was,181554
of,leg,181204
on,area,181201
or,hit,181156
if,real,180784
the,wig,180757
up,doing,180752
the,pac,180705
me,hear,180656
to,hum,180514
in,bud,180410
the,oas,180387
the,oboe,180326
or,bus,180324
the,ingot,180294
me,far,180106
or,bag,180025
by,near,180008
he,for,179810
me,ten,179647
of,path,179484
the,gop,179435
in,lay,179344
or,gun,179305
if,new,179237
at,per,179230
be,dry,179203
the,elf,178870
of,rings,178867
in,run,178686
no,dead,178535
in,zen,178440
at,bed,178013
do,pay,177882
at,real,177868
eat,his,177507
of,gap,177301
the,jib,177158
no,fat,177087
the,faa,177058
an,ego,176893
to,rip,176878
in,cap,176876
as,sun,176757
ph,was,176698
by,team,176529
by,san,176420
me,ill,176381
be,fig,176372
do,each,176032
the,rom,175977
on,dna,175832
in,pop,175651
the,mar,175644
the,res,175335
at,bow,175252
so,mad,175223
the,ups,175106
at,now,175084
to,max,174985
to,par,174954
of,gut,174885
to,pet,174761
to,meat,174653
or,pin,174199
to,pit,173945
or,aim,173770
the,rap,173271
the,vcr,173258
be,key,173256
so,off,173211
of,lsd,173205
in,had,173175
on,mri,172668
or,seal,172656
the,jcs,172480
my,mum,172264
if,non,172248
of,bean,172157
the,alt,172101
up,real,171955
as,odd,171911
of,thus,171835
km,per,171455
my,big,171346
the,ftp,171258
to,ben,171150
of,let,171126
an,ohio,171060
as,jean,170827
the,jug,170788
the,cad,170776
to,pen,170680
or,each,170580
or,lying,170215
me,has,169976
the,asp,169479
by,gay,169302
the,buy,169175
the,liar,169122
to,saw,168882
is,can,168742
ed,with,168734
at,set,168332
the,yes,168237
the,rum,168041
up,using,167899
to,leaf,167841
we,wear,167821
of,rem,167712
by,was,167470
on,sun,167367
of,dan,167196
is,wet,167020
by,weak,166661
the,pta,166641
wing,tip,166602
of,bit,166526
of,gel,166514
is,way,166454
it,who,166320
up,them,166163
sea,near,166129
the,aria,166064
is,con,165909
the,met,165713
am,god,165667
the,feat,165410
as,doing,165402
as,urea,165107
he,beat,164962
lo,and,164881
is,each,164820
the,both,164610
or,tin,164404
of,soy,164325
so,act,164318
or,ease,164249
the,alp,164142
of,pin,164076
be,hit,163838
so,wet,163827
no,day,163788
of,fin,163584
of,get,163281
the,emu,163241
us,yet,163232
or,pot,163024
or,joy,162957
the,var,162781
the,psi,162735
an,rna,162618
of,lean,162549
if,read,162414
he,sings,162326
to,owe,162246
of,dam,162034
do,read,162015
of,cam,161784
no,hot,161605
no,yes,161595
on,eye,161433
of,yen,161419
by,jung,161122
is,heat,161042
of,tan,160895
of,cbs,160848
by,ali,160746
by,leaf,160648
if,air,160226
do,who,160182
the,are,160180
the,cub,160021
of,gin,159886
in,usa,159867
or,fur,159803
or,bay,159773
be,big,159604
the,uni,159549
of,mad,159521
is,get,159507
we,buy,158958
of,seat,158943
sea,off,158814
up,how,158590
by,atp,158432
la,soc,158293
on,lot,158119
the,cor,157981
of,cos,157912
up,had,157884
in,pet,157836
is,than,157807
is,mean,157787
on,way,157776
mg,bid,157674
it,ill,157290
to,dis,157282
or,pit,157211
in,iii,156931
or,pus,156919
be,beat,156818
as,car,156674
in,rna,156574
in,tie,156478
the,tat,156413
of,ida,156413
be,can,156325
on,est,156257
the,rag,156042
me,things,155963
on,sub,155913
the,loth,155773
of,veal,155773
an,atm,155609
the,cps,155372
tea,for,155148
as,act,155106
up,men,155087
or,san,155008
the,sam,154786
us,hear,154655
up,has,154626
as,van,154491
an,eel,154338
be,fat,154288
the,dee,154093
to,than,154019
it,pay,153939
or,fit,153843
the,rca,153664
an,hiv,153302
on,bis,153292
wing,that,153178
do,act,152819
as,mid,152729
thy,law,152500
the,fen,152462
it,new,152247
is,east,152240
be,being,151996
it,man,151873
of,eeg,151822
as,lying,151771
or,boy,151522
of,lao,151436
of,cal,151333
no,par,151313
or,gum,151239
the,shy,151148
we,own,151085
or,arc,150859
on,log,150760
the,rda,150654
to,car,150627
by,pan,150624
on,wings,150396
at,mean,150220
in,see,149978
is,mad,149855
to,jot,149708
on,aid,149572
me,pay,149522
on,bbc,149473
my,pet,149415
in,fog,149280
of,iso,149104
if,being,149088
be,sad,148949
in,ann,148841
of,seth,148767
toe,with,148577
at,cbs,148577
on,gay,148554
in,ill,148343
we,with,148177
the,rev,148140
the,pic,148101
thing,all,147956
of,vat,147800
to,leak,147758
so,fit,147341
he,hid,147341
or,them,146960
to,dear,146843
or,meal,146821
as,hiv,146809
of,own,146799
me,try,146701
the,rip,146618
in,zeal,146593
the,she,146568
my,law,146540
the,ken,146524
mg,for,146439
to,few,146435
is,tax,146422
cm,per,146325
or,seat,146298
in,tom,146230
mg,and,146147
to,wax,146043
ye,can,145992
of,boy,145922
or,song,145878
or,fog,145790
as,pan,145770
am,using,145755
in,jung,145754
it,say,145692
so,red,145635
the,www,145595
my,hon,145594
or,big,145583
no,old,145581
in,dis,145508
or,ash,145461
at,goa,145438
of,peas,145339
we,head,145294
as,sam,145217
as,mrs,145103
of,bus,144929
to,pee,144839
we,sin,144829
the,was,144823
by,ben,144790
at,meat,144472
the,rut,144432
so,try,144429
at,men,144339
so,oft,144276
is,nil,144260
by,tying,144136
by,jim,144105
to,sting,143794
the,mic,143404
the,thaw,143388
the,nsf,143360
sing,his,143319
of,aim,143191
in,don,143151
of,yang,143115
or,rye,143079
my,box,143025
the,lit,142997
is,pro,142976
we,age,142696
of,jam,142686
so,read,142677
of,res,142605
as,area,142521
the,yew,142516
go,sit,142368
by,set,142218
we,cry,142136
or,bit,142024
be,art,141961
the,ala,141861
so,man,141714
up,may,141704
to,gay,141689
wing,was,141646
of,jan,141633
of,sol,141603
be,has,141584
or,peat,141544
the,lax,141529
to,wean,141471
the,cud,141464
us,add,141456
my,dying,141263
in,dos,141184
be,dis,141047
the,tel,140707
or,bow,140655
so,doth,140527
ye,all,140436
be,hid,140292
kg,for,140287
is,net,140073
an,mba,140000
the,dun,139990
on,fol,139973
as,max,139926
in,yen,139922
or,dad,139919
or,pig,139876
oh,dear,139854
the,gao,139803
the,xii,139712
we,hit,139710
it,won,139519
of,sad,139469
the,gui,139402
by,ken,139358
by,bob,139280
me,run,139264
my,cap,139220
an,awe,139191
by,con,139127
thy,bed,139018
or,him,139009
as,ink,138796
thy,dear,138738
to,lag,138704
thing,off,138683
as,see,138530
us,set,138003
it,nor,137880
the,fix,137855
the,bios,137792
it,die,137754
cm,with,137732
the,icing,137664
my,red,137532
as,neat,137494
is,try,137309
the,thud,137261
in,hay,137189
in,read,137128
the,adc,136950
at,sub,136814
of,hie,136657
the,ecu,136556
by,jan,136490
in,bay,136463
as,mao,136149
the,rfc,135886
am,being,135846
go,way,135591
of,put,135514
or,mix,135437
as,ben,135280
of,lie,135262
av,den,135187
ring,gear,135115
my,aim,135095
by,wear,135082
to,singing,135057
as,jim,134948
at,than,134712
do,out,134707
the,nsc,134670
by,jay,134648
is,sub,134619
me,going,134596
go,two,134298
do,yet,134287
if,dead,134241
the,pto,134191
at,tip,134187
me,mad,134153
be,hot,134092
to,jam,133962
re,using,133949
to,riot,133824
an,ark,133745
up,going,133683
is,day,133680
if,ten,133607
the,tom,133512
the,nhl,133397
on,oak,133321
of,lin,133305
the,gin,133272
up,job,133249
no,job,133206
the,gal,133199
the,tet,133002
on,she,132723
by,ray,132668
in,weak,132661
us,why,132645
of,row,132625
it,hung,132598
no,not,132504
of,elm,132377
or,asia,132302
of,heath,132286
of,ant,132211
in,gun,132162
to,jog,132150
the,nap,132105
in,has,132056
em,all,132053
or,mar,131972
the,fha,131860
hr,and,131813
be,she,131706
of,adp,131656
id,and,131461
thy,death,131362
be,things,131331
my,sin,131299
the,mir,131265
wing,area,131143
on,own,131121
no,dog,131058
in,lot,131002
to,jung,130992
the,dmz,130952
to,hew,130931
to,ann,130860
of,eva,130859
the,mao,130831
woe,and,130547
he,die,130505
of,sum,130442
sing,them,130402
is,age,130217
the,mfa,130154
do,real,130104
the,mod,130076
on,ash,130032
do,put,129934
if,low,129866
to,nip,129847
as,singing,129809
at,net,129730
be,are,129661
sea,had,129659
the,paw,129602
to,shy,129494
re,out,129442
or,cow,129290
it,bear,129181
of,pvc,129011
by,ruth,128889
mm,fig,128795
an,ira,128731
no,gap,128728
lb,and,128707
or,fan,128676
by,mme,128611
am,old,128588
to,dog,128523
the,sir,128522
of,bee,128411
so,who,127991
no,bed,127965
in,sky,127944
wing,for,127893
we,doing,127863
we,men,127732
to,can,127676
or,rna,127448
the,nam,127399
in,bit,127246
my,then,127242
no,bar,127209
the,pow,127048
my,toes,127003
of,mac,126935
to,earl,126836
in,neat,126670
or,sky,126627
the,bis,126481
of,ail,126449
so,thou,126448
as,fun,126433
doe,not,126409
of,sod,126290
of,bow,126281
in,bear,126161
of,tying,126146
the,ole,126086
in,fly,126030
in,fit,125905
ad,and,125888
in,mrs,125766
in,cod,125419
to,awe,125330
to,sap,125270
on,egg,125233
or,ink,125210
be,singing,125149
by,mud,125007
my,now,124992
if,old,124893
the,gag,124805
us,sit,124725
on,had,124700
in,fin,124649
the,pcb,124622
my,six,124528
in,arc,124445
at,job,124426
of,mri,124070
is,say,124023
the,imp,123926
it,god,123924
the,hun,123864
an,oft,123772
at,eve,123645
of,add,123644
me,sad,123523
be,kings,123434
me,death,123371
or,path,123275
my,gut,123222
or,kin,122891
as,earl,122869
it,ten,122848
as,owing,122759
the,fax,122737
to,com,122707
by,lying,122692
on,elm,122618
the,amt,122540
go,his,122510
of,fan,122419
the,int,122417
the,our,122351
of,hog,122328
be,heat,122294
me,real,122206
or,peak,122199
the,wei,122179
the,med,121913
of,mom,121903
to,sob,121896
of,bud,121847
the,cos,121723
or,oak,121561
by,epa,121506
sing,all,121429
in,hit,121297
as,les,121186
of,gang,121159
up,top,121084
or,rod,121044
at,hot,120976
the,woes,120933
do,run,120914
of,pie,120912
at,bear,120898
in,lee,120789
it,due,120471
sea,area,120457
no,hay,120275
to,dead,120271
on,hwy,120219
to,tug,120182
me,day,120169
is,may,120164
on,mud,120128
do,let,119966
no,that,119808
or,rat,119786
of,tap,119786
the,sba,119729
the,try,119724
the,lcd,119712
or,yet,119696
the,teat,119575
my,song,119560
up,day,119473
or,tan,119352
in,tar,119343
of,wei,119256
in,wear,119233
or,hang,119178
of,neon,119058
my,pay,118944
ear,was,118887
in,they,118849
thing,not,118798
or,ego,118687
ft,for,118634
by,mri,118542
in,cns,118487
or,pet,118438
to,pot,118343
in,hip,118297
by,cbs,118268
of,sta,118265
as,bob,118180
or,lung,118175
an,elk,118052
to,weak,118021
of,wang,117804
or,mid,117786
eat,raw,117762
to,bud,117572
the,fol,117510
sing,one,117400
am,off,117324
us,ask,117317
by,dog,117186
of,int,117125
to,gear,117091
or,poem,116976
he,dead,116870
the,ibo,116844
of,imf,116808
in,gel,116793
eat,any,116785
or,dna,116676
to,ruth,116602
by,lin,116589
to,eke,116538
by,ann,116484
as,bar,116311
go,dry,116148
in,wit,116061
am,his,115922
he,long,115761
the,ute,115691
the,iud,115671
no,bias,115658
the,bum,115494
ha,and,115472
me,thus,115446
the,dig,115420
as,mud,115410
on,tom,115403
in,col,115318
of,cpu,115243
the,gov,115201
as,asia,115173
so,dead,115037
the,bob,114979
by,joy,114924
ring,off,114913
as,oak,114864
so,apt,114839
of,toy,114824
go,long,114777
as,say,114762
is,singing,114592
of,bat,114550
to,ray,114366
to,nil,114365
in,odd,114207
as,way,114171
so,men,114134
no,tie,114003
me,set,113994
in,rye,113775
no,see,113773
we,won,113745
do,long,113537
at,earth,113530
the,sui,113499
do,lie,113497
do,bear,113458
be,gay,113446
hoe,and,113428
to,nod,113271
to,dos,113235
or,fix,113232
as,lee,113161
of,hew,112912
at,cut,112499
the,bey,112458
the,flea,112441
the,yam,112398
of,tear,112384
as,sad,112338
of,ste,112281
at,rear,112275
or,pop,112225
of,ova,112189
an,ivy,112170
in,lab,112167
me,new,112150
of,pot,112105
or,dip,111918
to,yes,111896
in,urea,111889
at,kings,111875
to,dam,111859
up,eating,111810
in,rfc,111777
at,sir,111748
the,ali,111689
an,int,111644
ad,nos,111614
of,che,111558
we,lead,111536
my,zeal,111502
the,ssa,111392
or,led,111366
on,bear,111351
the,peas,111229
or,sat,111214
ion,can,111205
as,oft,111164
an,aria,110985
as,myth,110901
on,rye,110896
at,max,110881
as,bear,110791
to,egg,110627
ml,for,110562
to,yon,110496
the,jay,110441
of,reg,110294
by,yang,110137
ping,pong,110092
ion,that,110083
the,zip,110080
the,hag,110080
of,abc,109964
as,xml,109883
us,read,109791
on,nbc,109769
or,won,109759
me,own,109740
sea,all,109737
to,goa,109696
an,iota,109600
an,hmo,109576
to,hay,109546
in,gal,109532
on,pro,109482
on,peak,109477
in,iso,109469
it,use,109452
if,art,109349
be,yes,109322
as,bed,109312
or,easy,109264
the,pang,109256
is,sit,109200
it,act,109140
the,weal,108946
the,nag,108927
by,pen,108919
or,hay,108913
eat,this,108907
no,area,108811
the,mri,108636
the,inf,108600
my,lip,108600
on,gun,108574
of,tao,108513
it,bad,108385
of,pit,108346
or,gap,108296
of,beat,108282
or,gel,108174
me,dear,108116
of,pol,108075
the,floe,107956
my,say,107800
to,les,107640
on,math,107597
as,add,107559
by,sam,107543
up,air,107514
me,lie,107484
thy,head,107441
as,sung,107344
on,mid,107295
thy,sting,107201
go,buy,107108
es,die,107004
to,ash,106939
in,tap,106907
in,cow,106874
of,rod,106646
of,rom,106609
via,its,106592
be,top,106566
or,shoe,106541
er,and,106472
ed,for,106426
in,pbs,106420
my,key,106400
an,elf,106331
up,due,106328
the,bod,106246
of,ace,106204
on,tip,106195
of,psi,106183
the,nih,106160
of,col,106153
be,dying,106137
pi,and,106133
of,tag,106125
of,poet,106028
to,iowa,105992
my,area,105988
as,why,105886
as,led,105823
to,peg,105822
of,easing,105757
the,gen,105607
or,now,105585
or,hung,105538
he,lit,105428
to,ibm,105404
by,raw,105367
he,ask,105340
of,rib,105316
as,jung,105257
the,pol,105151
or,own,104949
the,mop,104917
of,emu,104892
db,per,104653
we,sum,104650
to,ape,104553
as,log,104552
to,bag,104523
as,run,104388
the,nub,104280
as,doth,104212
on,abc,104203
we,fly,104138
no,dry,104089
by,fda,104064
or,tar,104032
of,swing,104004
of,neat,103993
in,bias,103985
to,ebb,103979
or,tip,103916
no,low,103833
as,vol,103765
to,hon,103747
me,near,103669
an,elm,103617
on,cut,103590
ox,and,103504
of,mat,103473
of,mir,103288
to,rat,103266
to,ali,103231
the,mos,103015
foe,and,102880
the,mom,102864
he,dug,102849
on,sin,102822
er,den,102707
to,cup,102657
on,sat,102617
as,lean,102603
the,mas,102599
or,kings,102542
of,lac,102486
so,dry,102419
yea,and,102388
to,tel,102365
he,bad,102269
is,top,102202
or,ham,102182
go,easy,102113
be,way,102113
my,year,102082
of,peg,102025
or,hiv,101938
the,you,101890
at,math,101885
at,using,101861
of,ava,101856
ms,and,101735
of,lion,101640
be,thin,101632
go,was,101599
to,dan,101534
in,mao,101532
the,sst,101516
the,mig,101465
the,tva,101460
the,loo,101360
of,bog,101325
of,jay,101223
or,soy,101222
of,teak,101081
to,hop,100960
or,few,100809
as,tar,100787
tea,that,100781
of,ringing,100705
to,easy,100623
the,let,100581
as,egg,100565
as,arc,100559
on,mao,100534
as,apt,100368
of,fez,100246
of,rim,100243
in,jean,100213
be,may,100213
on,mtv,100192
if,end,100158
of,kim,100139
db,and,100130
the,oat,100125
us,did,100094
to,dean,100010
to,thaw,99670
king,did,99598
go,hang,99582
to,tan,99529
in,cad,99499
as,fur,99437
the,ina,99434
at,mom,99416
the,vii,99382
the,iii,99374
if,sir,99372
by,les,99369
up,heat,99331
of,iii,99278
as,con,99229
do,ill,99224
db,for,99195
no,aid,99023
or,lip,98994
by,gun,98991
as,dying,98920
the,easing,98882
no,head,98827
the,nat,98531
by,off,98382
at,spa,98367
the,gpo,98365
my,ten,98348
am,weak,98317
in,dear,98312
the,veal,98300
or,mat,98283
my,doing,98235
in,ant,98217
em,off,98204
ph,for,98180
thing,now,98153
the,apt,98126
of,shoe,98041
as,year,98040
um,and,97915
no,near,97841
or,swing,97710
sea,being,97703
or,tap,97691
in,say,97616
by,zeal,97479
in,heb,97377
if,oil,97169
of,kit,97091
of,fdr,97073
my,cup,97037
ring,has,96979
ring,are,96868
the,pat,96788
by,leon,96756
to,dad,96718
the,ara,96689
on,dvd,96671
foe,that,96636
of,ears,96631
if,using,96627
ed,and,96606
the,own,96544
in,riot,96524
or,ears,96439
on,dying,96216
in,rings,96150
on,tin,96006
the,ave,95940
is,sir,95836
by,fax,95806
of,rue,95716
in,yon,95606
to,sip,95594
eat,you,95530
do,lead,95515
be,age,95487
of,ada,95409
by,rna,95379
of,eec,95337
on,dog,95322
up,who,95262
me,both,95221
of,rap,95149
be,shy,95128
ii,and,95127
to,siam,95040
as,wee,95011
the,goth,95008
it,him,94987
to,fox,94918
ob,die,94918
me,buy,94910
to,vex,94846
in,max,94814
of,gad,94778
of,oat,94771
of,sci,94615
in,seat,94600
to,fdr,94531
the,ida,94523
it,head,94489
us,you,94446
in,chi,94423
in,diam,94378
of,nan,94353
or,pear,94298
in,cam,94281
the,fang,94269
or,sad,94219
the,yeas,94160
as,fol,94159
cm,sec,94125
at,pin,94104
as,leaf,94069
in,aim,94014
the,soy,93947
or,myth,93933
or,ram,93865
the,pip,93790
of,ala,93745
the,rbi,93720
or,gay,93617
to,thus,93507
up,red,93397
the,bmw,93356
an,ftp,93262
in,reg,93231
of,sit,93187
to,tag,93136
in,bean,93087
the,tor,92984
in,hie,92880
as,dna,92854
us,each,92849
he,act,92788
by,tlc,92771
of,pub,92738
to,heap,92720
ha,for,92661
do,new,92628
the,sag,92613
is,joy,92597
to,ski,92581
to,gel,92575
it,six,92568
of,win,92539
on,lee,92529
as,mme,92452
at,doing,92451
the,rem,92440
ion,has,92304
in,path,92237
via,two,92232
by,ram,92190
my,top,92188
on,van,92172
by,can,92107
it,sat,92094
the,les,92085
the,bun,92051
or,win,92034
the,ana,92011
of,roy,91998
as,joy,91973
do,ask,91940
an,fbi,91938
to,lot,91891
me,six,91828
in,tying,91640
on,pan,91514
the,mon,91506
at,rye,91467
as,dog,91458
la,mar,91431
in,meal,91203
the,lat,91144
the,cur,91059
in,ppm,91015
the,rep,90979
or,poet,90944
at,may,90875
on,has,90730
the,sen,90716
as,idea,90706
in,lib,90596
the,mead,90503
no,can,90479
or,toy,90459
up,big,90451
by,dan,90413
sing,this,90390
do,end,90314
by,log,90275
the,mai,90123
the,cal,90089
or,lean,90082
no,earth,90008
by,han,89952
the,diaz,89932
in,pit,89801
to,had,89773
in,she,89505
the,ito,89413
of,cor,89302
of,sue,89286
do,has,89276
as,ash,89266
the,cpr,89226
thing,being,89196
in,jet,89166
he,both,89156
the,sip,89142
the,they,89043
at,gun,89002
am,thus,88954
of,they,88882
or,math,88842
is,has,88729
at,ham,88729
the,ann,88703
it,see,88581
it,fly,88523
the,hob,88463
in,beam,88402
it,each,88342
at,mrs,88328
in,pin,88227
do,thus,88154
we,for,88121
go,bad,88063
it,way,87987
be,rung,87957
in,neon,87876
the,rec,87870
we,win,87844
of,cox,87814
in,gym,87769
of,ads,87760
do,fear,87723
the,dod,87688
he,rang,87569
or,fun,87565
or,rings,87553
the,zion,87538
of,mob,87530
my,bad,87468
is,dug,87452
us,new,87438
be,each,87402
is,die,87396
the,foes,87322
of,she,87293
the,cir,87285
at,off,87215
we,sang,87195
or,veal,87174
to,rue,87152
in,leg,87018
or,gang,87008
go,not,87006
the,sup,86973
of,ned,86938
be,him,86896
an,that,86886
in,rum,86853
the,adp,86785
the,nod,86765
no,cut,86763
as,kin,86718
no,gun,86716
to,toy,86701
or,urea,86631
the,bbb,86618
on,weak,86615
is,oil,86604
of,pat,86549
in,nor,86548
of,mead,86518
am,dying,86516
as,ions,86465
be,nil,86462
of,yes,86397
of,oar,86365
the,sis,86363
of,tqm,86321
on,arm,86275
of,mix,86236
am,near,86219
of,min,86179
xi,and,86174
the,keg,86128
my,aid,86100
by,easy,86062
on,gdp,86001
of,hen,85971
eat,too,85934
us,she,85918
at,can,85894
so,fed,85826
the,gael,85818
to,eve,85804
the,gnu,85755
no,you,85724
if,law,85714
on,don,85696
us,run,85668
or,sir,85668
of,atm,85650
no,all,85649
do,die,85604
the,abm,85571
to,gang,85546
if,heat,85496
do,man,85456
or,dot,85427
or,lag,85353
the,pps,85294
on,rom,85234
to,mow,85216
in,psi,85215
on,rna,85162
or,toes,85130
he,all,85129
of,dad,85023
ct,seq,85003
we,yet,84931
by,web,84908
my,sex,84870
no,lie,84854
in,gut,84749
my,wet,84729
in,ray,84497
or,dear,84485
of,jaw,84472
by,sol,84421
by,vol,84378
on,rear,84221
in,asl,84206
of,tang,84104
or,bath,84102
by,cos,84067
by,dying,84053
am,then,83996
of,dip,83985
of,val,83933
as,hay,83759
hr,with,83706
as,mom,83665
do,sit,83662
in,cal,83646
by,beat,83554
so,led,83506
he,fed,83485
to,atp,83418
or,dew,83418
of,got,83406
em,and,83361
the,nbc,83349
or,dis,83345
to,mud,83340
do,hear,83300
the,ldc,83281
of,doc,83265
on,thus,83234
me,can,83221
on,bay,83203
the,soc,83181
the,nan,83163
to,lip,83061
the,bot,83033
of,diaz,83030
he,try,82994
to,cal,82988
the,thong,82927
on,cnn,82860
or,rub,82851
as,ohio,82788
in,let,82762
the,pal,82757
or,jam,82720
at,tax,82694
the,rot,82688
to,iso,82654
up,earth,82635
do,may,82582
ed,that,82568
is,gay,82556
my,too,82477
so,ran,82438
at,say,82337
it,how,82314
in,min,82236
the,suv,82117
of,ira,82055
on,ben,82003
the,abs,82000
in,ben,81986
in,ads,81949
of,pcb,81861
it,beat,81827
by,ohio,81752
be,fear,81747
ye,who,81637
as,res,81576
if,lie,81565
the,bur,81536
in,exp,81531
we,fit,81508
of,yon,81422
eat,two,81415
by,row,81384
no,lead,81340
so,goes,81328
ad,fin,81317
in,mat,81191
ha,per,81185
is,see,81122
ax,and,80881
of,joel,80877
we,dug,80846
the,xvi,80761
no,sir,80736
it,low,80697
thing,does,80648
or,ran,80607
or,bean,80577
an,ebb,80508
the,aha,80399
thy,day,80304
in,atm,80298
by,wang,80244
am,sad,80178
to,ida,80155
the,mit,80136
em,with,80109
eat,her,80039
be,use,80020
or,dam,80000
or,bat,79966
on,sam,79951
or,bid,79914
no,pun,79872
or,ale,79861
we,lie,79853
the,pox,79765
an,for,79751
do,set,79742
so,hath,79739
to,kid,79647
the,pvc,79632
in,gen,79531
of,does,79474
as,lot,79472
as,pop,79462
by,than,79440
the,lam,79431
of,sat,79410
sea,they,79312
do,add,79279
to,eva,79258
the,pep,79201
ma,and,79143
the,pct,79079
or,got,79061
pa,and,79052
at,then,79028
of,fed,79027
in,lear,78993
la,luz,78957
in,tan,78944
of,pms,78935
the,rpm,78768
of,fix,78746
in,dye,78711
no,pen,78641
the,mam,78615
on,lay,78564
an,mri,78554
of,pah,78529
an,ease,78488
thing,this,78447
in,bus,78420
so,run,78419
be,wet,78405
ms,with,78397
in,dew,78363
to,ned,78301
if,fed,78295
or,iii,78282
my,rear,78268
in,gnp,78267
it,bit,78205
or,hath,78105
vi,and,78101
the,ism,78061
as,him,78049
of,pear,78007
by,ida,77945
of,fry,77943
to,hinge,77937
hr,for,77908
at,fox,77881
km,for,77829
km,with,77815
eat,him,77726
at,gas,77720
an,ell,77717
or,par,77687
the,eta,77652
in,ibm,77618
in,yer,77592
or,hip,77573
of,icy,77456
up,war,77348
the,ipa,77317
the,ids,77258
to,gun,77227
my,meal,77168
to,cat,77154
in,soy,77131
the,say,77101
is,raw,77091
in,nos,77029
to,lug,77023
or,thou,77001
the,viol,76887
of,ski,76884
on,yer,76864
is,earth,76845
king,can,76834
of,deal,76817
no,seat,76815
re,both,76785
by,ohm,76769
the,obi,76758
no,how,76753
on,pin,76726
by,tie,76709
do,bring,76622
in,mad,76605
re,too,76563
eat,nor,76554
on,ohio,76538
us,god,76514
or,goes,76508
of,var,76491
me,fear,76465
no,top,76418
up,oil,76336
us,men,76215
by,rear,76196
of,pas,76150
of,rca,76051
the,kkk,76044
an,awl,76042
he,bring,76014
the,lye,75996
or,dye,75964
at,area,75909
he,bit,75901
us,being,75880
is,job,75878
is,men,75827
in,bow,75818
on,lung,75776
it,sit,75759
at,oak,75746
as,yon,75729
at,tom,75728
tho,two,75716
of,ban,75713
is,add,75713
the,upc,75699
the,emt,75693
to,has,75692
as,wax,75682
as,dew,75679
on,hay,75605
mm,gun,75603
eat,now,75566
of,poem,75504
am,led,75475
to,dim,75463
be,bid,75431
in,shoe,75423
up,thus,75401
to,sky,75392
by,fox,75334
my,gear,75256
so,gay,75222
the,ben,75178
no,poet,75173
ho,has,75159
us,pay,75050
um,long,75038
the,its,74969
foe,was,74918
the,fab,74916
the,tic,74898
in,vii,74868
of,hms,74847
is,log,74809
on,fly,74775
the,sos,74757
woe,that,74747
in,sad,74745
the,omb,74741
we,hang,74702
of,tau,74661
or,gear,74553
do,thee,74381
as,get,74353
no,out,74350
it,hot,74295
at,out,74292
by,rca,74264
in,pot,74240
on,eve,74239
in,app,74216
on,beat,74215
in,gang,74204
the,hew,74161
no,sub,74159
the,lug,74145
is,fat,74132
to,xml,74036
ring,you,74036
is,lead,74031
as,cod,73967
of,aba,73905
as,tin,73880
on,ill,73854
pea,and,73838
eat,dog,73779
in,pus,73745
the,fag,73696
the,tlc,73687
up,god,73635
to,wag,73617
of,bro,73602
of,gil,73589
in,mar,73586
my,oath,73577
on,pig,73574
to,rna,73571
of,sean,73542
of,tow,73536
in,dim,73507
he,pay,73491
en,dos,73481
no,singing,73443
by,guy,73421
an,asp,73414
of,did,73390
dc,bias,73334
up,per,73291
by,cut,73286
or,jar,73279
on,con,73241
of,nun,73173
re,and,73157
es,and,73072
the,ref,73069
as,atp,73062
be,com,73047
do,buy,72971
of,beth,72948
on,mrs,72925
re,being,72870
me,beg,72830
ye,ken,72820
the,cox,72811
to,ken,72809
or,mrs,72766
it,bring,72764
of,eli,72726
no,year,72713
to,urea,72706
go,than,72681
of,ted,72661
the,pcs,72659
the,hex,72650
en,fin,72635
mi,and,72619
by,nsf,72613
us,going,72606
or,dial,72606
by,iso,72602
as,let,72569
no,but,72554
in,hog,72542
in,atp,72476
as,rear,72469
the,xiv,72428
ad,rem,72421
at,ste,72411
of,dion,72400
the,cog,72372
the,duo,72357
the,tun,72355
in,tip,72344
eat,our,72286
the,fad,72282
the,fem,72206
or,beam,72180
in,icu,72175
at,oil,72127
ls,that,72122
us,near,72092
the,tau,72076
we,fix,72055
it,rings,72040
at,sam,72027
to,sag,72015
of,exp,72004
of,ins,72002
if,tax,71954
in,pvc,71861
am,mad,71837
the,maw,71833
thing,then,71801
to,lung,71782
the,teak,71771
the,jim,71762
do,mar,71754
or,odd,71738
of,app,71666
on,bus,71642
as,pig,71617
cm,fig,71489
or,fed,71427
us,her,71333
in,nat,71295
or,ore,71205
the,app,71173
at,iowa,71127
it,big,70971
be,meat,70932
as,ruth,70887
by,bro,70853
of,rip,70851
on,box,70825
us,die,70784
ring,can,70777
of,bid,70761
of,pcp,70711
do,own,70592
the,amp,70545
an,emf,70508
or,aging,70447
or,awe,70412
ph,with,70390
of,flu,70387
at,bad,70341
on,jim,70274
of,yew,70268
ring,had,70245
by,hay,70230
if,six,70216
be,day,70196
or,then,70112
the,thou,70044
es,war,69964
as,dan,69922
if,use,69908
if,age,69808
the,nor,69804
or,lion,69794
in,seal,69790
the,wok,69767
to,mop,69679
as,par,69661
my,ego,69549
by,sue,69534
me,wear,69449
in,gum,69412
the,phd,69397
in,alt,69312
be,net,69290
the,lingo,69255
as,com,69242
it,odd,69227
of,ike,69208
is,sex,69146
or,cod,69144
the,sou,69139
in,ringing,69113
of,oath,69016
via,one,69006
of,buy,68998
in,kit,68956
oh,yes,68945
is,hid,68766
ab,and,68761
my,hot,68752
do,bad,68701
the,pcp,68648
or,van,68647
it,war,68630
of,amy,68605
on,mom,68593
me,sir,68578
me,did,68578
to,roy,68566
the,del,68504
do,non,68420
on,fox,68395
to,guy,68360
by,kin,68300
of,ken,68298
at,cam,68274
he,out,68254
the,mba,68160
ad,with,68116
to,rig,68105
do,wear,68104
no,far,68076
is,ice,68050
the,mil,67982
of,bod,67905
to,jay,67903
on,pop,67847
so,odd,67817
of,cue,67803
my,war,67801
of,nut,67763
of,hat,67710
thing,going,67700
or,inn,67678
in,sam,67571
the,peon,67547
of,plea,67536
on,tie,67466
be,sir,67441
if,off,67369
so,won,67308
in,boy,67269
on,cat,67264
do,ten,67247
my,cat,67209
no,wings,67196
to,cue,67194
as,ray,67185
or,nun,67145
by,meat,67102
to,shoe,67089
king,than,67086
or,nil,67066
thy,lot,67044
wing,has,67043
the,yak,66961
we,bow,66952
is,par,66934
the,cfo,66932
my,singing,66921
no,con,66887
the,ila,66879
be,loth,66832
by,tim,66821
in,cos,66816
ti,and,66782
as,peak,66762
my,cue,66702
the,ans,66633
or,bud,66613
as,eve,66591
to,gnp,66589
to,nag,66533
if,mom,66527
by,com,66395
up,meat,66389
of,gen,66368
by,kim,66334
us,bear,66309
re,you,66288
on,row,66274
it,lying,66271
of,tip,66226
it,con,66212
in,mos,66180
by,fan,66159
of,tnt,66142
ear,can,66118
king,may,66012
an,atp,65987
to,beam,65971
of,emf,65969
of,nil,65931
or,com,65901
thing,any,65896
it,hang,65891
to,amy,65851
of,alt,65848
the,bung,65838
as,ddt,65808
an,iso,65790
is,deaf,65715
on,xml,65695
we,sow,65668
the,nip,65609
the,ufo,65603
the,lsd,65584
the,lath,65582
on,peat,65570
it,death,65569
no,kin,65554
of,hop,65543
no,hat,65529
by,eva,65508
so,die,65492
of,iago,65462
by,ira,65442
by,own,65413
is,meat,65389
as,ease,65379
mm,are,65367
up,nor,65292
to,iii,65290
the,ail,65267
by,sap,65252
the,erg,65245
so,got,65242
in,int,65133
he,run,65075
if,yon,64870
as,shy,64823
it,let,64775
hr,per,64766
to,kin,64763
my,act,64760
by,ted,64720
the,had,64695
if,near,64654
ft,was,64596
ring,set,64530
my,meat,64527
so,gut,64520
we,being,64513
of,bbc,64506
as,ego,64506
to,dying,64504
st,and,64487
the,mot,64448
in,han,64378
us,its,64372
of,dee,64370
as,aging,64274
be,deaf,64273
if,far,64247
as,cat,64231
of,pep,64190
ml,min,64188
thing,too,64116
by,song,64094
at,mgm,64041
be,oil,64035
or,gut,64021
in,gap,64008
ring,may,64005
via,this,63985
of,usa,63985
gm,per,63972
on,zion,63964
so,lead,63939
do,how,63835
the,mag,63821
me,thou,63782
my,due,63754
my,shoe,63737
of,lab,63729
to,sean,63710
am,put,63700
to,vii,63694
by,pat,63605
of,yam,63598
in,fox,63523
the,afc,63506
the,bra,63497
he,bear,63466
in,put,63461
an,easing,63451
by,abc,63444
in,bat,63390
in,ail,63353
in,cor,63346
am,apt,63325
en,san,63295
at,thee,63287
an,imp,63285
ye,say,63260
us,lay,63218
the,esl,63174
the,bsa,63132
in,rue,63096
go,they,63088
on,pet,63072
re,one,63053
by,arc,63037
of,mos,63021
of,dim,63008
to,zen,63002
in,mom,62996
to,tum,62962
he,hear,62903
on,thai,62804
of,nor,62777
ad,val,62762
of,boer,62702
no,ears,62700
of,pcs,62679
or,nut,62669
the,inc,62668
no,tear,62659
up,box,62634
of,gal,62600
of,ass,62584
of,epa,62461
by,reg,62450
by,chi,62412
by,mir,62394
me,deal,62363
of,abe,62294
the,nib,62223
an,ole,62209
in,ski,62160
us,got,62121
my,bow,62121
ion,was,62119
me,may,62107
the,gar,62088
in,add,62085
an,ingot,62078
by,nat,62022
he,his,61998
sing,you,61993
so,shy,61973
me,head,61965
at,ann,61909
the,wry,61876
as,math,61872
of,ton,61866
as,ned,61808
the,has,61774
via,new,61752
an,ecg,61635
or,ray,61618
an,orb,61602
to,adp,61589
by,bed,61571
or,flu,61533
in,ivy,61528
en,and,61526
in,fan,61513
to,cow,61512
it,rang,61470
at,elk,61418
on,act,61410
ft,with,61396
in,toy,61370
it,art,61345
by,see,61303
in,fez,61301
in,why,61230
me,fit,61220
do,beg,61197
or,tag,61195
of,nos,61162
in,dan,61139
to,nor,61122
an,std,61099
by,jet,61034
up,son,61026
by,oak,60993
to,seth,60972
king,but,60969
be,lead,60958
the,vhf,60941
at,cal,60923
in,med,60907
to,myth,60873
king,saw,60813
in,kin,60764
of,lag,60747
as,fly,60745
in,rap,60710
to,jan,60694
or,wings,60668
the,pah,60660
as,dad,60584
as,box,60572
up,year,60565
if,going,60564
an,iud,60561
the,ats,60547
he,con,60545
or,leap,60508
by,son,60491
be,job,60461
the,vie,60453
no,path,60441
to,ted,60360
as,peas,60324
my,web,60313
by,joel,60292
do,fit,60237
by,bar,60170
to,ions,60169
it,eats,60145
in,mac,60133
the,rsv,60002
the,lop,59916
as,fox,59901
of,eta,59883
of,fiat,59875
as,lear,59858
at,why,59823
in,bbc,59808
it,thou,59807
ll,use,59792
by,pop,59713
to,bang,59709
ring,being,59696
to,nap,59646
no,car,59626
to,tim,59620
at,ail,59618
my,cot,59603
is,san,59584
as,jet,59504
up,law,59416
of,bin,59409
or,rim,59408
at,yet,59398
so,per,59388
be,did,59370
the,nab,59366
of,sung,59357
re,dead,59328
of,leah,59304
in,var,59240
the,pei,59210
of,bead,59150
in,ale,59147
ms,for,59132
to,song,59063
up,hot,58967
sing,her,58909
of,thoth,58901
or,fir,58883
of,tim,58841
in,ada,58751
by,sean,58725
eat,than,58706
he,fit,58698
my,poem,58666
to,oak,58651
on,max,58645
the,lin,58600
fa,and,58593
is,nor,58585
we,beat,58535
of,owl,58519
to,she,58510
ll,all,58493
oh,that,58441
on,odd,58421
in,own,58421
the,bop,58387
at,ben,58354
my,few,58336
as,pat,58312
or,xml,58301
in,asp,58282
do,math,58258
the,sci,58244
of,rag,58236
on,wax,58194
as,sec,58186
so,death,58113
of,soc,58066
an,eeg,58032
by,say,57972
so,things,57953
of,lax,57942
as,gum,57934
of,ape,57854
me,joy,57837
or,dig,57836
my,bit,57832
em,that,57826
on,rim,57824
in,lip,57799
in,deaf,57777
as,deal,57744
the,sic,57724
of,tic,57721
mm,diam,57694
as,ann,57639
the,hung,57579
at,lac,57545
ll,not,57535
my,non,57466
at,sta,57464
the,nil,57460
of,sen,57376
up,singing,57367
my,wings,57267
do,yon,57252
the,nbs,57241
me,end,57241
no,this,57240
on,les,57209
thing,new,57180
or,hat,57159
in,btu,57159
on,lying,57152
my,air,57104
mm,was,57067
in,ton,57049
ac,and,57023
as,ali,56946
of,dun,56839
king,then,56821
of,moth,56813
as,deaf,56769
is,thou,56754
be,odd,56734
or,dean,56713
as,peat,56705
of,ole,56615
at,boeing,56597
so,hung,56561
go,our,56549
or,rib,56499
in,lac,56469
to,mac,56462
on,ray,56452
or,elk,56445
in,lie,56379
or,wit,56357
up,way,56339
at,ebb,56310
no,due,56286
at,dad,56262
in,imf,56252
doe,with,56223
ion,for,56201
of,mil,56085
the,sop,56075
in,lean,56071
the,dad,56055
thy,being,56026
of,bsa,56018
of,led,55962
us,does,55938
in,mil,55920
in,easing,55898
my,ease,55870
in,tang,55834
on,myth,55794
as,seat,55764
the,hui,55763
as,iso,55760
of,jew,55714
or,foes,55694
on,cap,55679
or,bog,55661
of,cong,55616
to,col,55615
on,bob,55561
or,jew,55550
by,ron,55535
of,ohm,55458
by,thai,55417
no,per,55314
to,gut,55300
do,nor,55299
an,imf,55270
my,lead,55236
to,they,55219
of,gog,55206
of,lit,55172
oh,how,55156
to,ref,55126
as,bit,55112
by,has,55101
in,poem,55034
or,owing,55020
la,fig,55016
us,act,54980
is,neat,54923
so,neat,54877
to,tar,54872
in,sol,54853
en,die,54825
hi,and,54818
my,fly,54707
of,dot,54698
he,wear,54692
to,phi,54644
by,yeas,54610
no,raw,54585
it,fear,54570
on,eeg,54562
my,sad,54489
in,jim,54478
as,gun,54469
the,moi,54438
to,dot,54428
the,hms,54364
by,ash,54362
in,oar,54325
at,val,54288
to,kim,54159
in,lying,54159
the,syn,54156
or,den,54153
the,usp,54144
of,boeing,54054
the,noh,54052
ye,out,54010
of,seas,54007
re,with,53960
ls,this,53940
no,let,53925
on,jean,53921
to,hip,53904
as,ram,53896
the,won,53872
be,ice,53867
if,job,53828
by,they,53817
an,led,53817
the,ohm,53816
by,sad,53803
the,edp,53792
by,pay,53772
or,rot,53743
of,wan,53740
by,let,53727
the,sta,53685
to,cam,53659
in,dung,53655
or,hog,53646
eat,ice,53587
my,weak,53489
in,seas,53461
to,ddt,53432
the,ger,53405
in,fed,53403
er,than,53359
ring,seal,53339
on,ore,53339
if,can,53292
the,gpa,53280
of,sal,53279
on,fee,53274
we,tie,53266
tea,set,53266
the,fez,53264
as,fog,53257
by,boeing,53246
be,neat,53245
to,cbs,53244
the,sss,53161
on,gut,53160
the,ged,53154
on,mac,53111
up,owing,53099
the,tsp,53082
to,arc,53075
is,rung,53073
thing,are,53068
of,deng,53067
the,pix,53040
to,tin,53038
an,ale,53028
no,run,53027
in,lit,52985
eat,off,52972
on,ski,52955
in,dam,52915
in,ears,52897
of,hung,52877
of,vii,52874
we,mix,52847
as,sum,52842
me,cut,52835
the,fdr,52828
ll,try,52826
in,yang,52820
to,hie,52782
by,fog,52773
of,tor,52758
ph,can,52749
in,leon,52741
in,son,52732
on,see,52711
as,thee,52710
at,bus,52666
la,non,52664
co,and,52649
on,pbs,52606
us,ten,52591
of,eel,52574
of,nbc,52551
my,fee,52524
lb,for,52517
no,nos,52471
to,ham,52439
the,apo,52430
as,wear,52418
the,hey,52408
the,dong,52391
ye,did,52381
in,ins,52350
in,ban,52340
in,ego,52338
as,lsd,52330
by,bias,52282
my,kid,52274
is,dis,52253
no,team,52210
at,due,52181
go,put,52176
me,old,52138
my,tie,52129
in,sap,52097
the,mst,52092
wing,are,52013
the,dar,52009
so,raw,52006
an,with,51974
the,ran,51967
cm,are,51946
me,nor,51937
king,his,51915
ion,are,51905
in,nyc,51900
the,wad,51859
the,eco,51858
of,asp,51842
in,sat,51819
as,pet,51792
the,mrs,51784
be,see,51773
as,dos,51723
up,car,51707
to,lying,51695
by,mgr,51659
by,gad,51632
in,ham,51627
on,aol,51571
of,met,51541
of,pal,51539
at,abc,51538
to,lye,51535
on,yon,51507
we,don,51491
my,low,51478
is,gas,51466
to,ego,51448
in,oat,51438
it,add,51311
of,mod,51295
my,jaw,51257
of,amp,51247
my,net,51234
the,dan,51222
of,meg,51221
thing,did,51197
mg,dry,51186
of,beau,51181
the,rung,51178
go,ask,51178
the,jan,51173
it,year,51167
of,pith,51139
the,coy,51132
ph,may,51119
on,mme,51111
at,bis,51074
my,hip,51013
or,ban,50990
by,col,50984
the,ell,50981
on,lip,50967
to,beth,50963
so,non,50959
of,foes,50925
or,zeal,50904
go,you,50903
no,ray,50890
in,saw,50879
an,irs,50854
at,ems,50826
the,bib,50821
of,abs,50802
of,ids,50736
as,boy,50710
by,fur,50709
so,yet,50694
foe,with,50664
of,lat,50657
of,tit,50643
the,siam,50608
of,sac,50586
or,nay,50573
in,did,50570
if,fear,50562
as,sky,50548
of,fda,50538
to,leon,50527
on,run,50519
or,mad,50513
to,sling,50507
km,fig,50472
or,sting,50453
the,sty,50444
the,aloe,50422
as,chi,50411
of,nod,50372
by,mac,50357
on,com,50304
me,its,50270
in,win,50238
if,gas,50235
iv,and,50234
as,won,50212
in,ali,50170
or,jet,50149
it,own,50110
as,pie,50098
of,den,50079
by,dear,50066
the,peal,49980
by,gum,49965
no,cap,49926
in,hat,49911
he,bid,49904
if,hit,49891
es,tan,49864
so,bring,49848
of,mai,49846
in,mod,49821
of,sly,49778
we,near,49770
as,ore,49750
the,bang,49731
my,pal,49720
the,def,49706
dc,and,49686
ml,was,49650
no,boy,49616
to,thai,49611
in,hex,49610
the,ens,49601
to,meg,49590
the,gab,49561
the,ccu,49490
in,xii,49479
the,hug,49454
so,see,49448
cc,per,49437
on,bar,49381
by,lao,49377
the,vic,49362
do,had,49332
of,lath,49314
the,lib,49305
the,boa,49301
the,wen,49257
on,hip,49245
in,sit,49238
or,ass,49236
on,bias,49232
me,dry,49212
or,rum,49131
the,rad,49081
by,pet,49072
is,end,49066
by,pub,49065
by,ivy,49065
the,ops,49058
by,had,49036
no,off,49008
in,does,48999
of,ito,48965
at,box,48953
the,uhf,48940
the,usia,48926
as,them,48914
the,wac,48901
to,ail,48888
as,eva,48887
is,hiv,48862
at,ash,48854
as,pen,48849
or,sap,48847
ft,are,48819
tho,not,48812
in,lao,48799
via,his,48790
no,era,48785
ye,had,48753
or,tub,48744
on,few,48738
at,ban,48715
go,thou,48707
in,get,48686
am,this,48674
an,raf,48665
by,lung,48636
ll,let,48598
to,zip,48568
in,val,48565
ion,may,48562
of,std,48559
on,sec,48551
of,cup,48547
em,for,48539
me,non,48528
up,head,48504
the,thug,48483
the,apr,48482
of,mit,48448
in,yes,48389
of,wen,48365
up,art,48362
ear,has,48320
we,hung,48304
if,yes,48300
as,sean,48300
my,hut,48293
to,kit,48245
ho,and,48237
of,hus,48220
of,lye,48215
up,east,48214
on,rte,48205
to,bit,48200
no,with,48196
of,asl,48192
at,hay,48172
at,den,48167
ring,but,48162
at,nbc,48152
it,air,48115
thy,fear,48112
at,ivy,48108
my,bath,48064
my,eating,48062
or,pie,48049
of,leap,47992
ear,are,47931
the,est,47925
tea,bag,47925
me,low,47901
by,ions,47893
up,mud,47864
on,bean,47842
of,tat,47826
of,jfk,47825
in,ruth,47791
in,coed,47785
on,ecg,47783
as,roy,47783
by,read,47733
me,bring,47700
ph,are,47694
the,ind,47692
of,teas,47688
me,act,47675
the,ddt,47672
is,com,47669
as,tie,47636
the,nco,47628
at,van,47593
ma,per,47586
of,pym,47573
no,east,47563
the,pee,47531
ex,and,47515
ox,that,47510
the,sear,47506
on,gel,47502
as,shoe,47473
the,imo,47431
the,ste,47418
is,act,47378
to,pig,47349
in,res,47327
or,zip,47257
to,acth,47223
the,gsa,47217
oh,man,47209
is,mid,47181
kg,man,47119
re,for,47113
in,doc,47106
as,jan,47085
the,vip,47073
to,bus,47057
no,peak,47055
the,pfc,47032
as,fed,47029
in,sod,47021
kg,with,46993
by,jon,46989
at,lee,46988
of,gus,46974
my,sun,46960
ll,say,46957
of,spa,46953
the,dir,46931
km,off,46918
on,toes,46909
me,doing,46896
in,beat,46875
go,low,46845
of,bag,46841
at,guy,46739
at,ali,46720
to,rim,46715
by,amy,46714
the,sid,46669
go,head,46656
of,ewing,46646
or,met,46624
by,heath,46609
or,sow,46602
the,dag,46587
me,man,46566
an,fig,46552
ring,all,46550
up,dry,46549
if,doing,46546
my,ill,46542
sea,far,46520
la,this,46518
to,lear,46512
of,sis,46506
on,kin,46496
or,ova,46466
to,bro,46463
is,son,46453
or,kid,46449
ye,hear,46447
at,beth,46364
by,box,46350
in,elk,46344
of,rho,46339
on,lsd,46334
be,son,46328
if,net,46319
of,mas,46311
kw,and,46258
me,way,46253
of,esl,46240
on,dad,46224
or,hop,46223
the,cit,46215
as,song,46209
to,min,46201
to,hem,46183
the,tit,46131
to,hog,46123
of,mon,46109
of,suing,46103
if,let,46089
the,pbx,46074
to,epa,46066
or,peas,46042
it,deal,46041
in,bid,46015
by,dos,46015
at,rca,46001
the,tong,45937
or,lap,45922
by,wit,45918
it,raw,45828
the,ado,45811
of,lan,45768
to,nan,45755
to,sear,45733
to,deaf,45732
of,prc,45712
on,sky,45678
as,sue,45603
as,fee,45599
at,deal,45598
me,lead,45567
on,mat,45566
as,gdp,45504
the,yaw,45491
or,fox,45450
of,bet,45445
is,aging,45438
up,did,45433
my,map,45369
in,bob,45339
the,goa,45330
the,dug,45327
of,vip,45321
to,fda,45312
on,dis,45306
as,pin,45305
on,gear,45298
in,tbs,45273
is,shy,45215
do,low,45200
to,pad,45172
er,for,45156
the,uso,45154
by,arm,45139
the,thus,45135
me,each,45126
the,cfc,45118
of,pap,45087
to,fog,45071
by,seth,45063
ear,but,45054
on,cow,45050
be,ere,45036
an,iowa,45016
ph,that,44994
to,math,44989
as,ham,44952
go,ten,44944
in,bee,44925
of,edp,44897
of,uni,44893
me,fly,44890
sea,can,44884
my,near,44859
he,far,44838
it,men,44827
king,hath,44805
is,oft,44799
kg,dry,44769
on,bit,44738
on,fur,44718
re,that,44715
in,eeg,44706
of,toes,44705
ll,and,44698
go,its,44681
or,era,44669
be,gas,44639
by,dye,44636
cm,was,44588
by,zen,44584
go,her,44551
the,dingo,44541
of,rob,44497
if,was,44493
oi,his,44486
by,tan,44485
the,ask,44459
in,mme,44431
or,leak,44424
on,hms,44413
by,irs,44399
so,tar,44389
of,aloe,44384
of,pac,44309
by,egg,44299
up,non,44294
us,six,44273
no,dew,44247
me,bear,44241
if,red,44190
no,ease,44189
by,cox,44117
it,thee,44097
the,reg,44094
in,fol,44087
up,bad,44080
of,yer,44073
of,ger,44050
of,era,44050
sea,one,44049
us,thus,44048
the,pug,44016
to,rap,44002
of,hang,43976
me,hath,43974
on,elk,43930
the,sal,43927
thing,yet,43926
in,nan,43925
ye,mean,43882
on,ringing,43879
of,hal,43878
be,joy,43870
by,jingo,43856
of,bur,43825
at,who,43808
of,ecg,43770
the,twa,43769
on,oct,43768
at,raf,43742
on,dos,43723
up,ice,43722
of,mag,43700
of,rot,43691
by,tin,43685
to,val,43648
foe,who,43639
the,ppm,43636
if,few,43636
at,thus,43628
at,jim,43615
as,saw,43574
of,ebb,43569
an,are,43502
ha,was,43499
or,ringing,43489
as,dis,43471
by,fdr,43458
or,dung,43427
oi,this,43415
the,lear,43406
so,pay,43400
to,lap,43382
to,paw,43365
doe,and,43336
the,eva,43285
in,hos,43274
to,xii,43197
up,san,43188
op,and,43182
of,ran,43145
the,lcm,43133
on,ego,43125
in,owl,43111
on,wear,43069
tho,they,43060
my,kin,43048
by,run,43045
am,fit,43040
the,beth,43036
or,bead,43026
be,sex,43017
is,tom,43013
by,hew,42972
so,fur,42969
to,rye,42963
if,yer,42956
up,does,42932
to,cod,42932
as,ted,42932
om,den,42924
in,lin,42916
by,bay,42890
the,each,42885
on,fed,42827
no,they,42800
or,beg,42786
to,gag,42756
at,rue,42713
as,aim,42709
do,cry,42668
it,doing,42657
the,dab,42653
the,does,42651
to,ink,42641
we,cling,42612
on,path,42604
by,bbc,42579
to,dab,42578
my,cry,42567
he,lead,42552
as,lung,42542
or,alt,42538
no,pro,42499
of,oct,42486
to,cos,42449
of,icing,42418
to,lin,42412
to,odd,42397
ii,iii,42392
us,fear,42388
of,dingy,42321
in,pub,42320
at,elm,42272
thing,goes,42184
the,ppr,42127
as,bath,42121
on,pcs,42117
to,ore,42094
do,she,42089
ring,her,42084
of,pip,42069
of,aaa,42064
or,oat,42042
of,thor,42042
at,sin,42035
of,zoo,42032
on,cad,42010
um,for,41958
in,ssa,41957
it,per,41953
to,nat,41937
us,saw,41869
it,fig,41835
by,kit,41823
the,hos,41812
me,win,41809
in,nil,41786
an,oboe,41784
of,ire,41773
the,acth,41752
on,kings,41748
be,die,41746
in,cpu,41745
to,ava,41735
as,sit,41710
in,peas,41705
at,mme,41684
the,opt,41681
on,hie,41672
me,lay,41635
to,bean,41628
the,haj,41624
as,hit,41615
of,esp,41576
of,thou,41571
the,nit,41559
at,ole,41559
on,jung,41534
we,sec,41528
the,dec,41525
the,mow,41521
sea,fog,41519
if,dad,41516
to,jar,41504
of,try,41494
the,xix,41475
we,heat,41449
on,zen,41445
in,eds,41435
of,mgr,41432
at,hue,41432
the,ekg,41402
thy,two,41398
as,iago,41375
as,rye,41330
the,fop,41319
of,lpg,41302
to,han,41299
ay,and,41280
on,dec,41269
by,deaf,41247
the,neb,41244
cm,diam,41237
in,bet,41225
am,ill,41223
ring,she,41180
as,amy,41177
or,cue,41168
to,jet,41165
in,rod,41140
as,rna,41129
or,don,41128
ye,and,41113
in,jig,41110
by,fly,41106
to,chi,41078
on,hit,41066
ml,are,41014
of,ems,41003
or,hut,40991
on,seat,40981
the,wag,40966
the,ufa,40958
us,sat,40956
to,fed,40948
the,bingo,40948
up,low,40890
my,fur,40861
in,ldc,40845
to,int,40829
in,rpm,40793
of,gem,40787
sea,god,40784
on,arc,40778
sea,may,40769
to,leah,40762
by,fee,40760
to,yang,40752
as,own,40726
by,peak,40691
the,pms,40655
an,abc,40654
us,day,40643
to,mum,40639
by,val,40621
of,gab,40618
up,bed,40609
at,don,40594
the,fob,40589
on,vol,40584
to,mat,40561
the,jag,40516
my,phd,40496
my,vow,40495
no,sky,40476
by,riot,40474
is,him,40453
or,seam,40445
to,heath,40434
as,ida,40413
me,meat,40407
the,dem,40378
in,heath,40366
is,dim,40356
the,std,40351
to,hue,40295
the,aol,40286
in,swing,40283
by,ease,40271
of,kid,40260
we,fay,40234
the,apb,40211
by,fbi,40169
it,law,40139
on,say,40121
by,peat,40108
of,div,40105
as,tim,40094
of,mtv,40038
on,dan,40034
no,zeal,40022
by,easing,40015
the,sax,40012
my,fat,40012
in,eve,39971
the,eave,39966
ring,him,39944
or,spy,39935
am,her,39922
up,fat,39912
on,let,39905
or,tow,39902
in,icy,39884
ad,was,39883
by,mom,39870
an,use,39833
to,wang,39832
by,ned,39822
or,ftp,39803
or,ibm,39794
thy,long,39769
at,cat,39752
or,plea,39735
by,mob,39729
at,has,39711
at,ice,39709
in,xiv,39701
in,leap,39699
re,new,39691
wing,had,39647
no,eating,39634
of,rex,39633
ll,bet,39626
do,fly,39605
of,dial,39603
is,lie,39582
or,sang,39573
it,dead,39566
as,arm,39550
as,try,39539
of,spy,39528
the,ghq,39518
my,set,39504
the,mus,39500
on,atp,39488
the,brae,39483
la,idea,39475
on,beam,39470
or,peg,39465
up,team,39448
if,sin,39444
if,die,39429
the,ssh,39406
be,nor,39402
or,sac,39387
he,are,39353
up,death,39351
of,hui,39338
sea,dog,39328
he,two,39324
db,with,39322
me,bad,39315
of,inf,39267
or,sup,39258
of,apb,39246
it,owing,39232
the,kim,39227
of,pbs,39222
ac,per,39221
re,fig,39210
or,lab,39209
the,sdi,39202
at,mar,39200
to,vat,39188
at,lat,39187
ff,and,39173
en,van,39157
the,rho,39156
do,win,39149
to,din,39148
the,pbs,39148
the,hst,39139
no,arm,39129
or,pad,39124
as,meg,39102
the,awl,39099
as,zen,39083
mo,that,39082
of,din,39065
to,abe,39021
the,pom,39017
in,jan,39015
or,jaw,39003
no,mud,38993
by,rings,38992
do,six,38982
the,tinge,38966
at,vol,38941
by,she,38938
the,vax,38920
to,yer,38912
is,lax,38889
ear,may,38889
of,sch,38882
of,gag,38863
of,ingot,38813
in,hew,38802
to,ira,38798
on,fun,38749
or,rob,38745
of,tab,38737
my,mid,38698
eat,not,38698
to,doc,38694
sea,out,38694
the,nos,38693
of,sid,38689
ex,his,38689
on,jan,38682
we,bid,38659
my,math,38654
ml,each,38640
la,for,38593
of,ldc,38590
re,now,38588
yr,and,38584
on,fit,38581
by,mar,38578
to,bum,38570
thy,sin,38568
to,ace,38565
or,fry,38563
if,earth,38558
my,kit,38550
mm,can,38544
do,deal,38539
as,bias,38531
the,mvp,38530
of,fbi,38524
of,sst,38520
at,con,38518
eat,was,38517
to,ada,38514
la,that,38513
the,xor,38512
in,dean,38508
or,shy,38502
of,ana,38491
ha,with,38478
in,ned,38458
king,being,38457
the,her,38427
in,ilia,38379
if,fig,38374
in,esl,38360
by,ego,38355
by,odd,38351
as,bis,38348
the,coo,38341
as,mac,38339
it,wet,38337
we,con,38334
of,hut,38331
as,hear,38321
tea,out,38320
by,tang,38313
by,pin,38301
so,end,38295
or,gin,38289
by,dee,38283
of,ind,38281
is,don,38261
op,die,38243
in,oct,38220
oh,why,38217
of,yap,38216
do,sol,38199
the,lob,38197
me,son,38173
eat,are,38156
of,ups,38144
km,sec,38143
to,ike,38129
of,hinge,38129
ho,can,38127
at,web,38122
in,tear,38109
my,wit,38100
as,than,38076
on,yes,38048
to,abc,38026
of,del,38018
no,fly,38016
the,tam,38011
by,hit,37971
the,thar,37963
as,rat,37945
in,vat,37944
the,dps,37924
on,jet,37908
in,lam,37908
to,joey,37907
no,leaf,37899
cc,and,37880
to,tee,37865
by,imf,37864
as,row,37851
do,art,37844
thy,wings,37837
as,seth,37825
or,mom,37820
ll,put,37796
up,gas,37784
do,lay,37782
on,ida,37760
is,ringing,37759
as,jay,37757
in,mri,37737
it,fed,37716
or,ski,37698
the,jfk,37687
as,kit,37670
to,vet,37657
he,sit,37657
of,won,37609
is,area,37592
be,don,37554
as,meal,37552
no,ink,37536
as,pus,37524
or,sod,37521
as,foes,37503
of,dow,37501
the,ocr,37487
by,sky,37482
of,ina,37461
or,tying,37450
the,dat,37426
to,plea,37416
we,old,37406
it,non,37385
no,wear,37356
in,bog,37349
if,ice,37337
at,gad,37318
in,pal,37293
ye,one,37279
if,sex,37277
the,cpd,37253
am,loth,37250
re,off,37243
the,lav,37237
the,mgm,37225
or,ant,37206
us,lie,37182
or,oath,37162
is,own,37160
as,yes,37160
us,things,37155
do,net,37150
in,bag,37137
on,son,37124
if,per,37123
sing,our,37052
it,bee,37046
or,heal,37038
at,see,37034
on,bow,37031
as,exp,37030
as,map,37000
ox,team,36983
of,raf,36978
of,tee,36965
the,wang,36956
or,cam,36941
by,poet,36939
to,joel,36906
at,nan,36887
of,nam,36884
in,rad,36872
in,sue,36863
up,key,36851
in,roy,36838
the,ais,36828
as,dung,36812
to,sol,36803
of,bye,36775
to,meal,36728
by,nbc,36720
of,ara,36687
of,cab,36667
in,rut,36664
or,mac,36659
by,dis,36658
ling,and,36648
the,teal,36611
in,plea,36610
to,fun,36609
at,bob,36599
as,sap,36594
do,err,36582
if,key,36576
ion,per,36564
at,dan,36556
in,eec,36554
at,use,36550
st,day,36541
is,buy,36534
the,tot,36506
no,jew,36484
on,cam,36475
en,moi,36473
to,jfk,36467
xx,and,36433
to,dub,36429
the,roth,36426
or,hue,36413
us,real,36410
so,dying,36407
wing,being,36406
to,gus,36365
or,max,36364
my,tax,36363
be,sup,36359
of,vic,36336
to,sat,36317
nth,and,36316
yr,ago,36314
in,sic,36313
the,boo,36304
or,url,36287
in,wings,36270
by,saw,36269
by,mad,36268
of,ssa,36264
in,lion,36245
or,bis,36239
it,them,36239
at,rim,36233
as,ivy,36217
to,fur,36213
as,leon,36203
the,otc,36190
am,dear,36190
as,bud,36180
us,bring,36174
of,irs,36155
on,song,36147
thing,god,36144
so,add,36129
so,con,36120
be,east,36074
to,rom,36061
of,gov,36048
we,lean,36028
it,dear,36004
or,opt,35984
of,cpa,35981
on,add,35975
in,sta,35944
of,seam,35918
la,not,35883
tho,one,35875
of,cur,35875
on,mon,35871
or,bee,35864
no,pat,35858
of,eco,35829
by,map,35828
in,pat,35814
of,pow,35812
if,run,35797
or,hum,35789
to,ivy,35788
or,spa,35775
to,ins,35760
at,dear,35750
doe,that,35705
as,kim,35698
to,gum,35657
the,fay,35657
of,fen,35610
my,plea,35604
ts,and,35571
at,meg,35571
by,zip,35565
an,lcd,35550
or,tom,35542
on,bag,35542
at,cos,35542
as,guy,35535
an,nba,35514
at,hip,35509
ad,man,35504
of,loo,35503
by,awe,35502
in,cup,35500
the,ago,35466
my,but,35443
as,cow,35427
of,rsv,35425
on,did,35424
of,lou,35415
of,dec,35363
to,ron,35340
oh,boy,35336
lo,mas,35331
of,apt,35326
be,does,35320
do,does,35312
or,sec,35309
by,eve,35304
the,jog,35303
it,red,35285
as,bus,35229
in,prc,35207
or,tab,35195
of,woes,35176
of,dong,35167
go,she,35164
is,does,35152
by,noel,35130
an,fda,35102
of,uss,35090
of,cai,35086
to,bog,35075
be,earth,35068
of,joey,35059
id,that,35050
on,cod,35044
no,plea,35012
the,bbs,34988
king,not,34983
us,fix,34979
by,idea,34971
am,sir,34968
at,team,34948
ed,din,34933
my,den,34924
by,cor,34889
ix,and,34877
at,seal,34876
or,les,34872
am,see,34867
es,den,34861
to,idea,34846
in,che,34844
as,han,34819
to,fez,34814
at,cap,34791
of,binge,34778
the,mes,34764
to,imf,34744
by,dot,34719
us,deal,34629
by,kay,34627
km,are,34615
if,top,34577
is,vol,34568
as,doc,34556
by,myth,34545
the,div,34535
or,cns,34522
of,tlc,34519
or,sew,34515
he,end,34508
or,heath,34485
in,jam,34465
sea,war,34464
ft,fig,34459
to,cns,34450
is,sun,34448
the,tum,34442
do,hit,34427
as,wit,34410
to,fin,34408
by,bear,34401
if,are,34378
to,reg,34340
as,sly,34334
or,pvc,34330
the,hie,34311
or,nod,34311
of,cpi,34268
we,err,34251
the,haw,34241
is,dean,34218
ho,did,34215
so,dim,34213
by,hal,34207
at,sex,34207
the,tqm,34204
so,sir,34188
no,fur,34188
in,guy,34151
the,ilia,34140
of,aol,34140
at,bit,34116
by,usa,34106
or,beak,34096
pt,and,34090
in,xvi,34071
the,uzi,34054
as,int,34052
up,bis,34036
yr,old,34028
he,add,34017
no,fog,34007
sea,now,34003
or,pat,34002
by,cod,33997
on,iso,33988
as,ken,33983
the,jean,33969
by,gap,33966
as,bow,33950
of,ron,33948
up,tax,33908
or,hinge,33906
as,met,33902
do,odd,33859
of,elf,33840
am,eating,33829
the,mew,33824
on,urea,33816
of,owing,33760
as,wang,33742
of,icc,33693
of,sag,33688
be,hiv,33680
on,read,33662
thy,dead,33646
an,was,33635
in,tam,33626
in,era,33608
on,ruth,33588
er,war,33587
to,ran,33566
at,leaf,33549
of,noel,33544
no,lay,33515
the,hap,33510
in,fir,33509
or,jog,33500
we,led,33477
of,raj,33465
vs,non,33459
my,dry,33455
by,yon,33435
of,omb,33434
of,lang,33396
as,cal,33361
on,joy,33357
in,phi,33347
in,joel,33339
be,eye,33325
on,emu,33323
on,tel,33303
of,flea,33277
mo,and,33276
of,beak,33274
the,lei,33272
or,nor,33260
as,cos,33244
of,dvd,33239
at,kit,33229
no,ego,33222
by,aging,33196
of,wry,33194
on,pas,33192
ye,now,33172
the,sue,33170
or,ape,33161
or,deaf,33160
or,fin,33155
ma,con,33154
thy,arm,33136
or,ton,33119
at,eating,33103
as,rip,33089
if,east,33084
of,lon,33078
at,earl,33067
my,ice,33066
ad,res,33053
as,dim,33035
to,pas,32997
to,ole,32997
to,cum,32961
oz,per,32947
of,lid,32917
of,imp,32915
so,bear,32906
he,ill,32903
of,rev,32871
king,nor,32869
me,does,32868
up,end,32859
an,hon,32852
no,get,32848
the,esp,32842
as,yang,32817
it,sin,32811
at,lead,32800
or,res,32787
in,pol,32766
at,had,32745
in,usu,32744
be,sat,32725
by,ace,32722
of,leak,32699
my,inn,32688
as,var,32658
of,shy,32646
an,asia,32646
on,fan,32639
on,lie,32612
do,day,32606
if,led,32603
thing,led,32580
thing,his,32579
on,imf,32578
in,pas,32569
he,man,32543
by,bow,32521
an,adc,32496
am,lying,32486
at,pro,32447
the,rex,32445
no,win,32441
to,gen,32397
as,soy,32397
of,obs,32394
or,wok,32388
on,ram,32387
by,rod,32362
to,hal,32335
it,ere,32301
by,mpg,32281
us,fly,32277
the,hud,32270
the,rel,32262
is,ask,32244
the,roy,32242
up,fee,32239
on,nob,32238
to,way,32235
the,dst,32220
to,usa,32215
of,msw,32214
the,aux,32204
to,exp,32202
by,ham,32168
in,tlc,32158
in,dip,32153
tho,end,32147
king,are,32147
on,ali,32146
at,sky,32124
to,mir,32116
by,nih,32091
or,pith,32090
an,sos,32087
as,abc,32080
my,for,32078
by,cab,32070
the,pam,32045
in,dial,32035
of,pod,32028
the,hod,32024
to,diaz,32012
of,mus,32003
by,phi,31982
of,adc,31949
at,heat,31944
to,eec,31923
if,dry,31912
up,bar,31901
at,going,31901
the,sob,31896
as,rom,31892
of,cop,31881
as,rings,31861
up,set,31855
kg,was,31851
the,lon,31846
ed,out,31838
go,are,31811
the,any,31809
to,emu,31806
of,kay,31805
so,war,31787
hi,this,31783
by,raf,31782
we,bad,31781
is,max,31767
on,meal,31742
rs,and,31725
by,ringing,31714
the,mtv,31698
of,def,31697
of,hum,31681
in,elm,31681
la,fee,31642
st,thou,31639
he,him,31635
at,car,31626
as,tan,31621
or,ace,31606
on,leg,31568
no,awe,31561
of,sup,31559
in,sean,31555
my,that,31544
in,emu,31529
foe,than,31524
yo,soy,31523
in,mus,31518
the,than,31511
by,foes,31508
eat,can,31495
to,psi,31494
no,soy,31468
of,lam,31457
in,teak,31454
to,spa,31451
on,tying,31451
of,twa,31448
doe,all,31441
it,sung,31436
by,sgt,31421
us,old,31390
the,xingu,31386
of,xii,31360
be,vol,31359
the,ned,31350
as,bring,31330
of,lew,31299
as,hon,31297
us,end,31296
at,col,31288
in,apia,31280
an,emu,31279
en,for,31276
of,tam,31269
an,icu,31218
the,ply,31216
to,gil,31185
is,pay,31179
ox,was,31174
me,boy,31173
do,owe,31140
km,out,31110
wing,but,31102
to,leg,31102
er,that,31079
if,head,31073
of,fang,31069
of,lap,31057
so,mom,31056
on,dam,31035
at,gay,31034
we,dig,31011
by,bud,31004
of,fay,30986
ph,has,30954
me,hang,30885
my,foes,30876
ear,off,30871
of,alp,30855
by,gil,30855
foe,had,30852
as,path,30831
on,fdr,30827
the,jung,30819
no,ifs,30800
in,ida,30795
no,ten,30775
in,zoo,30771
of,pei,30765
my,run,30765
be,end,30756
am,sec,30719
the,org,30704
an,ave,30704
tea,are,30698
at,dog,30690
or,lid,30689
we,our,30686
so,pro,30644
of,fol,30639
on,rum,30633
me,fix,30625
on,ant,30598
on,iii,30592
by,gut,30589
hp,and,30579
us,dead,30564
in,inf,30553
as,pot,30550
so,air,30521
as,fdr,30518
by,hie,30491
by,tar,30477
nth,may,30463
no,kings,30463
or,thus,30441
or,leas,30435
eat,its,30422
us,cut,30420
king,now,30419
he,bet,30412
to,lou,30400
at,tie,30400
no,tinge,30396
is,bid,30389
in,eva,30378
thy,rod,30356
on,ann,30347
at,dean,30342
he,buy,30339
or,earl,30298
up,raw,30293
of,sic,30283
by,asia,30282
go,ill,30278
in,ids,30273
no,fig,30265
op,den,30250
or,rip,30242
at,lax,30242
in,ger,30206
the,nyc,30200
ear,had,30173
on,rca,30158
or,sling,30148
the,gad,30140
sea,fan,30134
at,fez,30118
id,for,30107
the,nfc,30093
ad,sec,30083
at,mac,30081
so,owing,30066
no,she,30056
of,crt,30050
us,cry,30030
the,did,30012
es,for,30004
nth,day,29984
to,lat,29982
so,fear,29980
to,bug,29978
on,bud,29976
king,set,29952
the,alb,29951
or,riot,29929
the,sang,29924
the,ifs,29919
of,tun,29903
my,wig,29900
on,seal,29896
to,cox,29887
sing,any,29878
to,cor,29871
to,lao,29866
is,jean,29865
of,icu,29837
in,earl,29834
if,mrs,29828
of,pad,29819
of,hmo,29809
no,any,29780
yr,for,29768
an,ins,29766
in,cox,29763
me,weak,29754
to,lbj,29746
in,ohm,29742
of,lib,29740
or,ohio,29723
the,kan,29714
the,cai,29701
as,hip,29700
of,fad,29699
to,dee,29697
to,eli,29682
of,kong,29678
an,rca,29674
to,mad,29646
rt,and,29619
of,hem,29591
by,seas,29582
to,res,29580
no,rear,29577
sea,lay,29559
cf,his,29546
the,voa,29535
king,does,29531
as,aol,29531
up,toy,29526
or,vol,29519
the,che,29505
in,tit,29505
the,gee,29494
to,path,29492
the,sot,29492
as,dye,29458
fl,and,29447
pa,was,29431
in,tic,29418
la,red,29416
or,atm,29415
go,lie,29412
fa,sol,29397
ion,peak,29379
if,yet,29367
we,earn,29356
es,mas,29353
of,ave,29351
my,using,29346
at,fol,29334
to,lit,29306
by,lip,29298
by,fay,29272
or,cos,29271
go,can,29270
the,npr,29261
is,pan,29242
of,est,29235
by,diaz,29224
the,xxi,29220
er,hat,29200
so,fig,29191
it,sings,29184
toe,that,29182
ring,any,29166
or,yes,29165
we,nor,29157
so,lax,29143
in,spa,29138
in,sci,29133
am,both,29128
the,asl,29126
as,abe,29119
ring,his,29116
mg,two,29108
by,cap,29108
on,ham,29106
go,try,29101
or,bob,29096
by,cat,29096
or,dos,29092
ft,can,29086
do,cut,29073
at,nil,29028
the,poi,29025
of,mum,28997
in,dvd,28985
the,bps,28982
sing,its,28978
of,inn,28968
so,lean,28953
if,had,28941
it,cry,28931
as,cap,28914
in,wei,28898
of,ftp,28817
on,dung,28795
he,new,28792
or,jug,28788
in,ste,28788
of,nra,28776
in,dec,28762
do,big,28755
or,fiat,28754
or,gym,28737
if,thus,28731
the,hep,28722
the,sse,28720
the,err,28720
on,does,28714
no,bus,28691
by,dion,28691
an,ada,28679
do,hang,28678
at,zion,28678
the,noes,28674
no,riot,28667
by,tao,28653
the,beg,28652
as,awe,28647
to,yen,28637
the,ods,28629
if,meat,28619
me,ere,28612
in,mon,28611
on,mir,28596
in,dot,28595
thing,nor,28592
on,uss,28580
in,nam,28574
to,bur,28562
if,big,28561
of,thaw,28555
no,song,28552
sing,god,28524
the,hmm,28506
tea,had,28501
by,lie,28488
by,ala,28478
thy,foes,28472
as,sat,28458
sea,not,28446
of,pam,28445
in,wang,28420
an,but,28414
as,thai,28409
to,rev,28388
in,sup,28381
of,cps,28377
of,eur,28372
of,vie,28351
in,pcs,28347
in,dad,28343
by,ore,28329
as,nat,28316
he,cry,28313
ion,being,28312
as,lip,28305
by,sum,28300
wing,beat,28291
in,tag,28287
in,cab,28279
as,spy,28256
on,mar,28254
an,ens,28246
to,bin,28233
if,wee,28212
on,vhf,28211
gm,and,28205
sing,two,28190
no,pet,28182
in,cur,28165
the,cst,28158
is,riot,28144
es,that,28137
my,rod,28133
of,mam,28132
go,dead,28130
by,ole,28121
no,neat,28116
of,jar,28111
thy,song,28110
my,ken,28110
on,yap,28103
in,lap,28098
by,nor,28088
as,win,28079
as,lion,28077
to,mob,28058
in,pie,28043
of,bot,28037
be,lax,28013
on,lap,28007
no,are,27992
or,eats,27987
by,dam,27985
ye,for,27971
of,tug,27964
of,kan,27962
thy,man,27949
in,deal,27946
is,suing,27938
we,one,27936
of,rhea,27921
by,che,27916
by,lew,27915
by,ike,27906
as,lin,27906
in,din,27898
it,pro,27880
by,gear,27869
as,beth,27862
on,atm,27842
as,lat,27842
by,plea,27832
an,ohm,27820
on,gal,27802
of,dag,27791
or,vat,27783
as,nan,27776
the,fpo,27759
be,raw,27751
as,ike,27732