government,915875664,1,ᚷᚩᚢᛖᚱᚾᛗᛖᚾᛏ,360
information,750552135,1,ᛁᚾᚠᚩᚱᛗᚪᛏᛡᚾ,443
university,672958930,1,ᚢᚾᛁᚢᛖᚱᛋᛁᛏᚣ,390
department,584007945,1,ᛞᛖᛈᚪᚱᛏᛗᛖᚾᛏ,592
management,384242032,1,ᛗᚪᚾᚪᚷᛖᛗᛖᚾᛏ,604
individual,376941360,1,ᛁᚾᛞᛁᚢᛁᛞᚢᚪᛚ,476
particular,359783710,1,ᛈᚪᚱᛏᛁᚳᚢᛚᚪᚱ,438
application,349984466,1,ᚪᛈᛈᛚᛁᚳᚪᛏᛡᚾ,592
considered,345198166,1,ᚳᚩᚾᛋᛁᛞᛖᚱᛖᛞ,456
experience,334734150,1,ᛖᛉᛈᛖᚱᛁᛖᚾᚳᛖ,442
activities,271388170,1,ᚪᚳᛏᛁᚢᛁᛏᛁᛖᛋ,444
corporation,265215551,1,ᚳᚩᚱᛈᚩᚱᚪᛏᛡᚾ,384
employment,230917064,1,ᛖᛗᛈᛚᚩᚣᛗᛖᚾᛏ,590
determined,226194555,1,ᛞᛖᛏᛖᚱᛗᛁᚾᛖᛞ,580
difference,208312742,1,ᛞᛁᚠᚠᛖᚱᛖᚾᚳᛖ,378
understand,202815309,1,ᚢᚾᛞᛖᚱᛋᛏᚪᚾᛞ,526
technology,202084818,1,ᛏᛖᚳᚻᚾᚩᛚᚩᚷᚣ,398
importance,199707254,1,ᛁᛗᛈᚩᚱᛏᚪᚾᚳᛖ,428
conference,197252825,1,ᚳᚩᚾᚠᛖᚱᛖᚾᚳᛖ,305
appropriate,193238008,1,ᚪᛈᛈᚱᚩᛈᚱᛡᛏᛖ,488
sufficient,191713914,1,ᛋᚢᚠᚠᛁᚳᛁᛖᚾᛏ,290
immediately,182546212,1,ᛁᛗᛗᛖᛞᛡᛏᛖᛚᚣ,738
assistance,174682856,1,ᚪᛋᛋᛁᛋᛏᚪᚾᚳᛖ,552
regulations,171470232,1,ᚱᛖᚷᚢᛚᚪᛏᛡᚾᛋ,516
literature,170884763,1,ᛚᛁᛏᛖᚱᚪᛏᚢᚱᛖ,478
investment,170314196,1,ᛁᚾᚢᛖᛋᛏᛗᛖᚾᛏ,468
facilities,170099383,1,ᚠᚪᚳᛁᛚᛁᛏᛁᛖᛋ,457
examination,164913197,1,ᛖᛉᚪᛗᛁᚾᚪᛏᛡᚾ,634
description,164673324,1,ᛞᛖᛋᚳᚱᛁᛈᛏᛡᚾ,502
properties,161767962,1,ᛈᚱᚩᛈᛖᚱᛏᛁᛖᛋ,392
principles,161092294,1,ᛈᚱᛁᚾᚳᛁᛈᛚᛖᛋ,394
educational,153634184,1,ᛖᛞᚢᚳᚪᛏᛡᚾᚪᛚ,634
historical,153381466,1,ᚻᛁᛋᛏᚩᚱᛁᚳᚪᛚ,398
scientific,152623776,1,ᛋᚳᛁᛖᚾᛏᛁᚠᛁᚳ,329
introduced,142375554,1,ᛁᚾᛏᚱᚩᛞᚢᚳᛖᛞ,398
successful,136663930,1,ᛋᚢᚳᚳᛖᛋᛋᚠᚢᛚ,333
frequently,135257998,1,ᚠᚱᛖᚳᚹᛖᚾᛏᛚᚣ,443
legislation,133101335,1,ᛚᛖᚷᛁᛋᛚᚪᛏᛡᚾ,606
assessment,128894406,1,ᚪᛋᛋᛖᛋᛋᛗᛖᚾᛏ,602
relatively,127716275,1,ᚱᛖᛚᚪᛏᛁᚢᛖᛚᚣ,584
publication,127000868,1,ᛈᚢᛒᛚᛁᚳᚪᛏᛡᚾ,516
completely,126925028,1,ᚳᚩᛗᛈᛚᛖᛏᛖᛚᚣ,576
procedures,125151956,1,ᛈᚱᚩᚳᛖᛞᚢᚱᛖᛋ,364
industries,122410184,1,ᛁᚾᛞᚢᛋᛏᚱᛁᛖᛋ,426
interested,121122625,1,ᛁᚾᛏᛖᚱᛖᛋᛏᛖᛞ,532
authorities,120303509,1,ᚪᚢᚦᚩᚱᛁᛏᛁᛖᛋ,364
laboratory,120069107,1,ᛚᚪᛒᚩᚱᚪᛏᚩᚱᚣ,526
comparison,119917485,1,ᚳᚩᛗᛈᚪᚱᛁᛋᚩᚾ,362
impossible,119707120,1,ᛁᛗᛈᚩᛋᛋᛁᛒᛚᛖ,490
resistance,118970710,1,ᚱᛖᛋᛁᛋᛏᚪᚾᚳᛖ,480
statistics,118111152,1,ᛋᛏᚪᛏᛁᛋᛏᛁᚳᛋ,508
institution,113996966,1,ᛁᚾᛋᛏᛁᛏᚢᛏᛡᚾ,460
techniques,112581599,1,ᛏᛖᚳᚻᚾᛁᚳᚹᛖᛋ,374
structures,112012564,1,ᛋᛏᚱᚢᚳᛏᚢᚱᛖᛋ,332
combination,111685357,1,ᚳᚩᛗᛒᛁᚾᚪᛏᛡᚾ,504
percentage,111140659,1,ᛈᛖᚱᚳᛖᚾᛏᚪᚷᛖ,470
subsequent,110310614,1,ᛋᚢᛒᛋᛖᚳᚹᛖᚾᛏ,424
accordance,109571653,1,ᚪᚳᚳᚩᚱᛞᚪᚾᚳᛖ,436
traditional,107193663,1,ᛏᚱᚪᛞᛁᛏᛡᚾᚪᛚ,652
recognized,105459250,1,ᚱᛖᚳᚩᚷᚾᛁᛋᛖᛞ,384
understood,105026309,1,ᚢᚾᛞᛖᚱᛋᛏᚩᚩᛞ,414
composition,104372133,1,ᚳᚩᛗᛈᚩᛋᛁᛏᛡᚾ,420
apparently,104353692,1,ᚪᛈᛈᚪᚱᛖᚾᛏᛚᚣ,622
instruction,104311509,1,ᛁᚾᛋᛏᚱᚢᚳᛏᛡᚾ,394
statements,103523918,1,ᛋᛏᚪᛏᛖᛗᛖᚾᛏᛋ,614
components,103381192,1,ᚳᚩᛗᛈᚩᚾᛖᚾᛏᛋ,378
preparation,103307459,1,ᛈᚱᛖᛈᚪᚱᚪᛏᛡᚾ,564
difficulty,102925807,1,ᛞᛁᚠᚠᛁᚳᚢᛚᛏᚣ,406
references,102630987,1,ᚱᛖᚠᛖᚱᛖᚾᚳᛖᛋ,387
experiment,101787141,1,ᛖᛉᛈᛖᚱᛁᛗᛖᚾᛏ,492
competition,101537728,1,ᚳᚩᛗᛈᛖᛏᛁᛏᛡᚾ,486
identified,100816128,1,ᛁᛞᛖᚾᛏᛁᚠᛁᛖᛞ,495
settlement,99404500,1,ᛋᛖᛏᛏᛚᛖᛗᛖᚾᛏ,604
substantial,99205023,1,ᛋᚢᛒᛋᛏᚪᚾᛏᛡᛚ,594
philosophy,97741165,1,ᛈᚻᛁᛚᚩᛋᚩᛈᚻᚣ,406
consumption,97329869,1,ᚳᚩᚾᛋᚢᛗᛈᛏᛡᚾ,414
applicable,97206756,1,ᚪᛈᛈᛚᛁᚳᚪᛒᛚᛖ,598
efficiency,97180793,1,ᛖᚠᚠᛁᚳᛁᛖᚾᚳᚣ,358
controlled,97096354,1,ᚳᚩᚾᛏᚱᚩᛚᛚᛖᛞ,428
electrical,96931099,1,ᛖᛚᛖᚳᛏᚱᛁᚳᚪᛚ,504
maintained,96354437,1,ᛗᚪᛁᚾᛏᚪᛁᚾᛖᛞ,600
mechanical,94656431,1,ᛗᛖᚳᚻᚪᚾᛁᚳᚪᛚ,514
instrument,92847724,1,ᛁᚾᛋᛏᚱᚢᛗᛖᚾᛏ,412
equivalent,92783192,1,ᛖᚳᚹᛁᚢᚪᛚᛖᚾᛏ,458
continuous,88820257,1,ᚳᚩᚾᛏᛁᚾᚢᚩᚢᛋ,234
discovered,88177337,1,ᛞᛁᛋᚳᚩᚢᛖᚱᛖᛞ,430
calculated,87924888,1,ᚳᚪᛚᚳᚢᛚᚪᛏᛖᛞ,584
represents,87706396,1,ᚱᛖᛈᚱᛖᛋᛖᚾᛏᛋ,460
background,86718167,1,ᛒᚪᚳᚳᚷᚱᚩᚢᚾᛞ,340
securities,86289106,1,ᛋᛖᚳᚢᚱᛁᛏᛁᛖᛋ,388
explanation,83206719,1,ᛖᛉᛈᛚᚪᚾᚪᛏᛡᚾ,648
confidence,82796624,1,ᚳᚩᚾᚠᛁᛞᛖᚾᚳᛖ,347
arrangement,82300947,1,ᚪᚱᚱᚪᛝᛖᛗᛖᚾᛏ,588
cooperation,82243807,1,ᚳᚩᚩᛈᛖᚱᚪᛏᛡᚾ,440
membership,82045934,1,ᛗᛖᛗᛒᛖᚱᛋᚻᛁᛈ,498
electronic,80641141,1,ᛖᛚᛖᚳᛏᚱᚩᚾᛁᚳ,370
recognition,79487711,1,ᚱᛖᚳᚩᚷᚾᛁᛏᛡᚾ,370
consistent,79387001,1,ᚳᚩᚾᛋᛁᛋᛏᛖᚾᛏ,400
structural,79206497,1,ᛋᛏᚱᚢᚳᛏᚢᚱᚪᛚ,382
democratic,78487971,1,ᛞᛖᛗᚩᚳᚱᚪᛏᛁᚳ,458
observation,78404859,1,ᚩᛒᛋᛖᚱᚢᚪᛏᛡᚾ,494
measurement,77595376,1,ᛗᛠᛋᚢᚱᛖᛗᛖᚾᛏ,540
respondent,76551598,1,ᚱᛖᛋᛈᚩᚾᛞᛖᚾᛏ,454
afterwards,71451974,1,ᚪᚠᛏᛖᚱᚹᚪᚱᛞᛋ,505
characters,71409977,1,ᚳᚻᚪᚱᚪᚳᛏᛖᚱᛋ,444
registered,71346487,1,ᚱᛖᚷᛁᛋᛏᛖᚱᛖᛞ,472
defendants,71160543,1,ᛞᛖᚠᛖᚾᛞᚪᚾᛏᛋ,581
interaction,71107964,1,ᛁᚾᛏᛖᚱᚪᚳᛏᛡᚾ,502
eventually,70725233,1,ᛖᚢᛖᚾᛏᚢᚪᛚᛚᚣ,574
originally,69038522,1,ᚩᚱᛁᚷᛁᚾᚪᛚᛚᚣ,472
amendments,68393062,1,ᚪᛗᛖᚾᛞᛗᛖᚾᛏᛋ,632
parameters,68069897,1,ᛈᚪᚱᚪᛗᛖᛏᛖᚱᛋ,576
psychology,67800662,1,ᛈᛋᚣᚳᚻᚩᛚᚩᚷᚣ,442
objectives,66925173,1,ᚩᛒᛂᛖᚳᛏᛁᚢᛖᛋ,398
distinction,66619105,1,ᛞᛁᛋᛏᛁᚾᚳᛏᛡᚾ,500
limitations,66502310,1,ᛚᛁᛗᛁᛏᚪᛏᛡᚾᛋ,610
advantages,66323380,1,ᚪᛞᚢᚪᚾᛏᚪᚷᛖᛋ,608
prescribed,65985033,1,ᛈᚱᛖᛋᚳᚱᛁᛒᛖᛞ,446
associations,65821503,1,ᚪᛋᛋᚩᚳᛡᛏᛡᚾᛋ,578
approaches,65472596,1,ᚪᛈᛈᚱᚩᚪᚳᚻᛖᛋ,454
enterprise,64944185,1,ᛖᚾᛏᛖᚱᛈᚱᛁᛋᛖ,438
designated,64916308,1,ᛞᛖᛋᛁᚷᚾᚪᛏᛖᛞ,598
conclusions,64893282,1,ᚳᚩᚾᚳᛚᚢᛋᛡᚾᛋ,380
remarkable,64425759,1,ᚱᛖᛗᚪᚱᚳᚪᛒᛚᛖ,568
agreements,63713308,1,ᚪᚷᚱᛖᛖᛗᛖᚾᛏᛋ,538
adjustment,63622022,1,ᚪᛞᛂᚢᛋᛏᛗᛖᚾᛏ,564
quantities,63616363,1,ᚳᚹᚪᚾᛏᛁᛏᛁᛖᛋ,458
constitute,63427043,1,ᚳᚩᚾᛋᛏᛁᛏᚢᛏᛖ,380
atmosphere,63406923,1,ᚪᛏᛗᚩᛋᛈᚻᛖᚱᛖ,498
categories,63111930,1,ᚳᚪᛏᛖᚷᚩᚱᛁᛖᛋ,422
obligations,63085250,1,ᚩᛒᛚᛁᚷᚪᛏᛡᚾᛋ,534
retirement,63074642,1,ᚱᛖᛏᛁᚱᛖᛗᛖᚾᛏ,472
translation,62685136,1,ᛏᚱᚪᚾᛋᛚᚪᛏᛡᚾ,614
committees,61759491,1,ᚳᚩᛗᛗᛁᛏᛏᛖᛖᛋ,498
furthermore,61647013,1,ᚠᚢᚱᚦᛖᚱᛗᚩᚱᛖ,255
acquisition,61588486,1,ᚪᚳᚳᚹᛁᛋᛁᛏᛡᚾ,452
absolutely,61206192,1,ᚪᛒᛋᚩᛚᚢᛏᛖᛚᚣ,596
essentially,60969345,1,ᛖᛋᛋᛖᚾᛏᛡᛚᛚᚣ,684
representing,60542374,1,ᚱᛖᛈᚱᛖᛋᛖᚾᛏᛝ,486
destruction,59534582,1,ᛞᛖᛋᛏᚱᚢᚳᛏᛡᚾ,490
strategies,58781824,1,ᛋᛏᚱᚪᛏᛖᚷᛁᛖᛋ,514
respective,58658036,1,ᚱᛖᛋᛈᛖᚳᛏᛁᚢᛖ,414
circulation,58575336,1,ᚳᛁᚱᚳᚢᛚᚪᛏᛡᚾ,436
declaration,58436888,1,ᛞᛖᚳᛚᚪᚱᚪᛏᛡᚾ,642
collective,57942355,1,ᚳᚩᛚᛚᛖᚳᛏᛁᚢᛖ,406
acceptance,56470997,1,ᚪᚳᚳᛖᛈᛏᚪᚾᚳᛖ,498
elementary,55877554,1,ᛖᛚᛖᛗᛖᚾᛏᚪᚱᚣ,644
commonwealth,55437467,1,ᚳᚩᛗᛗᚩᚾᚹᛠᛚᚦ,404
classified,54838197,1,ᚳᛚᚪᛋᛋᛁᚠᛁᛖᛞ,509
constantly,54634633,1,ᚳᚩᚾᛋᛏᚪᚾᛏᛚᚣ,522
supervision,53245137,1,ᛋᚢᛈᛖᚱᚢᛁᛋᛡᚾ,400
contribute,53032229,1,ᚳᚩᚾᛏᚱᛁᛒᚢᛏᛖ,340
establishing,52851303,1,ᛖᛋᛏᚪᛒᛚᛁᛋᚻᛝ,596
integration,52769587,1,ᛁᚾᛏᛖᚷᚱᚪᛏᛡᚾ,506
transaction,52252795,1,ᛏᚱᚪᚾᛋᚪᚳᛏᛡᚾ,554
integrated,52071675,1,ᛁᚾᛏᛖᚷᚱᚪᛏᛖᛞ,526
horizontal,52052329,1,ᚻᚩᚱᛁᛋᚩᚾᛏᚪᛚ,390
remembered,51552508,1,ᚱᛖᛗᛖᛗᛒᛖᚱᛖᛞ,582
plaintiffs,51452751,1,ᛈᛚᚪᛁᚾᛏᛁᚠᚠᛋ,420
restricted,51346823,1,ᚱᛖᛋᛏᚱᛁᚳᛏᛖᛞ,460
ultimately,50812192,1,ᚢᛚᛏᛁᛗᚪᛏᛖᛚᚣ,636
mechanisms,50510516,1,ᛗᛖᚳᚻᚪᚾᛁᛋᛗᛋ,508
lieutenant,50505616,1,ᛚᛁᛖᚢᛏᛖᚾᚪᚾᛏ,514
substances,50382761,1,ᛋᚢᛒᛋᛏᚪᚾᚳᛖᛋ,488
commitment,50161574,1,ᚳᚩᛗᛗᛁᛏᛗᛖᚾᛏ,478
punishment,50094418,1,ᛈᚢᚾᛁᛋᚻᛗᛖᚾᛏ,408
discipline,49811695,1,ᛞᛁᛋᚳᛁᛈᛚᛁᚾᛖ,460
regulatory,49096862,1,ᚱᛖᚷᚢᛚᚪᛏᚩᚱᚣ,448
boundaries,48961618,1,ᛒᚩᚢᚾᛞᚪᚱᛁᛖᛋ,448
mathematics,48792686,1,ᛗᚪᚦᛖᛗᚪᛏᛁᚳᛋ,564
correlation,48630271,1,ᚳᚩᚱᚱᛖᛚᚪᛏᛡᚾ,474
contractor,48471515,1,ᚳᚩᚾᛏᚱᚪᚳᛏᚩᚱ,306
negotiations,47604135,1,ᚾᛖᚷᚩᛏᛡᛏᛡᚾᛋ,534
candidates,47526397,1,ᚳᚪᚾᛞᛁᛞᚪᛏᛖᛋ,624
assignment,47347127,1,ᚪᛋᛋᛁᚷᚾᛗᛖᚾᛏ,506
disposition,47264320,1,ᛞᛁᛋᛈᚩᛋᛁᛏᛡᚾ,502
discussions,46707898,1,ᛞᛁᛋᚳᚢᛋᛋᛡᚾᛋ,484
guidelines,46362741,1,ᚷᚢᛁᛞᛖᛚᛁᚾᛖᛋ,460
disability,46207899,1,ᛞᛁᛋᚪᛒᛁᛚᛁᛏᚣ,628
collections,45961190,1,ᚳᚩᛚᛚᛖᚳᛏᛡᚾᛋ,494
newspapers,45917999,1,ᚾᛖᚹᛋᛈᚪᛈᛖᚱᛋ,482
occurrence,45701563,1,ᚩᚳᚳᚢᚱᚱᛖᚾᚳᛖ,234
proposition,45441195,1,ᛈᚱᚩᛈᚩᛋᛁᛏᛡᚾ,390
attendance,44797144,1,ᚪᛏᛏᛖᚾᛞᚪᚾᚳᛖ,606
acceptable,44778780,1,ᚪᚳᚳᛖᛈᛏᚪᛒᛚᛖ,590
preference,44626814,1,ᛈᚱᛖᚠᛖᚱᛖᚾᚳᛖ,377
populations,44582665,1,ᛈᚩᛈᚢᛚᚪᛏᛡᚾᛋ,514
interstate,44264408,1,ᛁᚾᛏᛖᚱᛋᛏᚪᛏᛖ,532
scientists,44231214,1,ᛋᚳᛁᛖᚾᛏᛁᛋᛏᛋ,448
translated,44198631,1,ᛏᚱᚪᚾᛋᛚᚪᛏᛖᛞ,634
republican,43902195,1,ᚱᛖᛈᚢᛒᛚᛁᚳᚪᚾ,428
influenced,43785810,1,ᛁᚾᚠᛚᚢᛖᚾᚳᛖᛞ,403
everywhere,43578572,1,ᛖᚢᛖᚱᚣᚹᚻᛖᚱᛖ,438
encouraged,43501961,1,ᛖᚾᚳᚩᚢᚱᚪᚷᛖᛞ,400
imagination,43246296,1,ᛁᛗᚪᚷᛁᚾᚪᛏᛡᚾ,568
regardless,43053684,1,ᚱᛖᚷᚪᚱᛞᛚᛖᛋᛋ,538
attractive,42751611,1,ᚪᛏᛏᚱᚪᚳᛏᛁᚢᛖ,496
convenient,42723941,1,ᚳᚩᚾᚢᛖᚾᛁᛖᚾᛏ,334
automobile,42502487,1,ᚪᚢᛏᚩᛗᚩᛒᛁᛚᛖ,476
phenomenon,42452465,1,ᛈᚻᛖᚾᚩᛗᛖᚾᚩᚾ,372
suggestions,42381539,1,ᛋᚢᚷᚷᛖᛋᛏᛡᚾᛋ,458
undertaken,42048834,1,ᚢᚾᛞᛖᚱᛏᚪᚳᛖᚾ,464
dependence,41963267,1,ᛞᛖᛈᛖᚾᛞᛖᚾᚳᛖ,560
liabilities,41735047,1,ᛚᛡᛒᛁᛚᛁᛏᛁᛖᛋ,586
curriculum,41721265,1,ᚳᚢᚱᚱᛁᚳᚢᛚᚢᛗ,232
discharged,41453633,1,ᛞᛁᛋᚳᚻᚪᚱᚷᛖᛞ,490
substitute,41099990,1,ᛋᚢᛒᛋᛏᛁᛏᚢᛏᛖ,448
calculation,40877922,1,ᚳᚪᛚᚳᚢᛚᚪᛏᛡᚾ,564
separately,40781631,1,ᛋᛖᛈᚪᚱᚪᛏᛖᛚᚣ,670
comparable,40712356,1,ᚳᚩᛗᛈᚪᚱᚪᛒᛚᛖ,540
definitions,40529310,1,ᛞᛖᚠᛁᚾᛁᛏᛡᚾᛋ,497
connections,40229553,1,ᚳᚩᚾᚾᛖᚳᛏᛡᚾᛋ,406
coefficient,40102386,1,ᚳᛟᚠᚠᛁᚳᛁᛖᚾᛏ,330
productive,39528611,1,ᛈᚱᚩᛞᚢᚳᛏᛁᚢᛖ,326
attributed,39285741,1,ᚪᛏᛏᚱᛁᛒᚢᛏᛖᛞ,536
personally,39015301,1,ᛈᛖᚱᛋᚩᚾᚪᛚᛚᚣ,556
netherlands,39002008,1,ᚾᛖᚦᛖᚱᛚᚪᚾᛞᛋ,520
attachment,38777533,1,ᚪᛏᛏᚪᚳᚻᛗᛖᚾᛏ,574
systematic,38554357,1,ᛋᚣᛋᛏᛖᛗᚪᛏᛁᚳ,606
orientation,38444171,1,ᚩᚱᛁᛖᚾᛏᚪᛏᛡᚾ,496
supplement,38394905,1,ᛋᚢᛈᛈᛚᛖᛗᛖᚾᛏ,508
negligence,38218700,1,ᚾᛖᚷᛚᛁᚷᛖᚾᚳᛖ,410
operational,38217852,1,ᚩᛈᛖᚱᚪᛏᛡᚾᚪᛚ,590
dimensional,38202378,1,ᛞᛁᛗᛖᚾᛋᛡᚾᚪᛚ,646
surrounded,37788813,1,ᛋᚢᚱᚱᚩᚢᚾᛞᛖᛞ,362
termination,37706038,1,ᛏᛖᚱᛗᛁᚾᚪᛏᛡᚾ,560
publishers,37453776,1,ᛈᚢᛒᛚᛁᛋᚻᛖᚱᛋ,418
friendship,37282938,1,ᚠᚱᛁᛖᚾᛞᛋᚻᛁᛈ,379
deficiency,37014236,1,ᛞᛖᚠᛁᚳᛁᛖᚾᚳᚣ,445
researchers,36967294,1,ᚱᛖᛋᛠᚱᚳᚻᛖᚱᛋ,418
businesses,36881727,1,ᛒᚢᛋᛁᚾᛖᛋᛋᛖᛋ,470
influences,36570548,1,ᛁᚾᚠᛚᚢᛖᚾᚳᛖᛋ,367
utilization,36484363,1,ᚢᛏᛁᛚᛁᛋᚪᛏᛡᚾ,542
immigration,36339939,1,ᛁᛗᛗᛁᚷᚱᚪᛏᛡᚾ,524
inadequate,36046345,1,ᛁᚾᚪᛞᛖᚳᚹᚪᛏᛖ,568
residential,35924697,1,ᚱᛖᛋᛁᛞᛖᚾᛏᛡᛚ,586
prosecution,35858212,1,ᛈᚱᚩᛋᛖᚳᚢᛏᛡᚾ,392
cultivation,35734471,1,ᚳᚢᛚᛏᛁᚢᚪᛏᛡᚾ,474
assumptions,35696130,1,ᚪᛋᛋᚢᛗᛈᛏᛡᚾᛋ,568
arbitration,35503914,1,ᚪᚱᛒᛁᛏᚱᚪᛏᛡᚾ,562
exploration,35420187,1,ᛖᛉᛈᛚᚩᚱᚪᛏᛡᚾ,540
restoration,35413915,1,ᚱᛖᛋᛏᚩᚱᚪᛏᛡᚾ,500
protective,34779778,1,ᛈᚱᚩᛏᛖᚳᛏᛁᚢᛖ,360
definitely,34659118,1,ᛞᛖᚠᛁᚾᛁᛏᛖᛚᚣ,551
analytical,34566119,1,ᚪᚾᚪᛚᚣᛏᛁᚳᚪᛚ,672
subdivision,34476559,1,ᛋᚢᛒᛞᛁᚢᛁᛋᛡᚾ,460
expressions,34011024,1,ᛖᛉᛈᚱᛖᛋᛋᛡᚾᛋ,530
privileges,33994834,1,ᛈᚱᛁᚢᛁᛚᛖᚷᛖᛋ,396
facilitate,33973254,1,ᚠᚪᚳᛁᛚᛁᛏᚪᛏᛖ,529
manuscript,33618027,1,ᛗᚪᚾᚢᛋᚳᚱᛁᛈᛏ,410
appreciation,33380803,1,ᚪᛈᛈᚱᛖᚳᛡᛏᛡᚾ,576
bankruptcy,33360289,1,ᛒᚪᚾᚳᚱᚢᛈᛏᚳᚣ,432
resolutions,33310170,1,ᚱᛖᛋᚩᛚᚢᛏᛡᚾᛋ,462
generations,33256707,1,ᚷᛖᚾᛖᚱᚪᛏᛡᚾᛋ,536
approached,33248329,1,ᚪᛈᛈᚱᚩᚪᚳᚻᛖᛞ,490
complaints,33215705,1,ᚳᚩᛗᛈᛚᚪᛁᚾᛏᛋ,476
applicants,33059305,1,ᚪᛈᛈᛚᛁᚳᚪᚾᛏᛋ,538
pittsburgh,32914422,1,ᛈᛁᛏᛏᛋᛒᚢᚱᚷᚻ,360
illustrate,32899655,1,ᛁᛚᛚᚢᛋᛏᚱᚪᛏᛖ,526
legitimate,32872196,1,ᛚᛖᚷᛁᛏᛁᛗᚪᛏᛖ,572
disappeared,32802124,1,ᛞᛁᛋᚪᛈᛈᛠᚱᛖᛞ,632
complexity,32709541,1,ᚳᚩᛗᛈᛚᛖᛉᛁᛏᚣ,514
vegetables,32440034,1,ᚢᛖᚷᛖᛏᚪᛒᛚᛖᛋ,564
capability,32262336,1,ᚳᚪᛈᚪᛒᛁᛚᛁᛏᚣ,608
reliability,31923707,1,ᚱᛖᛚᛡᛒᛁᛚᛁᛏᚣ,616
shakespeare,31710968,1,ᛋᚻᚪᚳᛖᛋᛈᛠᚱᛖ,536
memorandum,31671763,1,ᛗᛖᛗᚩᚱᚪᚾᛞᚢᛗ,516
households,31467159,1,ᚻᚩᚢᛋᛖᚻᚩᛚᛞᛋ,398
manchester,31425260,1,ᛗᚪᚾᚳᚻᛖᛋᛏᛖᚱ,490
guaranteed,31415374,1,ᚷᚢᚪᚱᚪᚾᛏᛖᛖᛞ,536
celebrated,31343477,1,ᚳᛖᛚᛖᛒᚱᚪᛏᛖᛞ,604
prohibited,31324823,1,ᛈᚱᚩᚻᛁᛒᛁᛏᛖᛞ,422
pronounced,31245117,1,ᛈᚱᚩᚾᚩᚢᚾᚳᛖᛞ,298
specialized,31231977,1,ᛋᛈᛖᚳᛡᛚᛁᛋᛖᛞ,596
conscience,31224191,1,ᚳᚩᚾᛋᚳᛁᛖᚾᚳᛖ,322
programmes,30906258,1,ᛈᚱᚩᚷᚱᚪᛗᛗᛖᛋ,448
successive,30821864,1,ᛋᚢᚳᚳᛖᛋᛋᛁᚢᛖ,356
disclosure,30758224,1,ᛞᛁᛋᚳᛚᚩᛋᚢᚱᛖ,400
prosperity,30730163,1,ᛈᚱᚩᛋᛈᛖᚱᛁᛏᚣ,428
supervisor,30692204,1,ᛋᚢᛈᛖᚱᚢᛁᛋᚩᚱ,282
foundations,30617827,1,ᚠᚩᚢᚾᛞᚪᛏᛡᚾᛋ,475
chancellor,30431613,1,ᚳᚻᚪᚾᚳᛖᛚᛚᚩᚱ,406
accurately,30386021,1,ᚪᚳᚳᚢᚱᚪᛏᛖᛚᚣ,536
accompanying,30306471,1,ᚪᚳᚳᚩᛗᛈᚪᚾᚣᛝ,552
presumably,30275635,1,ᛈᚱᛖᛋᚢᛗᚪᛒᛚᚣ,582
depreciation,29959110,1,ᛞᛖᛈᚱᛖᚳᛡᛏᛡᚾ,592
determines,29763709,1,ᛞᛖᛏᛖᚱᛗᛁᚾᛖᛋ,544
restaurant,29611760,1,ᚱᛖᛋᛏᚪᚢᚱᚪᚾᛏ,486
accomplish,29452965,1,ᚪᚳᚳᚩᛗᛈᛚᛁᛋᚻ,424
ambassador,29071952,1,ᚪᛗᛒᚪᛋᛋᚪᛞᚩᚱ,636
eliminated,29005689,1,ᛖᛚᛁᛗᛁᚾᚪᛏᛖᛞ,614
potentially,28827853,1,ᛈᚩᛏᛖᚾᛏᛡᛚᛚᚣ,620
attributes,28827600,1,ᚪᛏᛏᚱᛁᛒᚢᛏᛖᛋ,500
inevitable,28818746,1,ᛁᚾᛖᚢᛁᛏᚪᛒᛚᛖ,518
compromise,28750603,1,ᚳᚩᛗᛈᚱᚩᛗᛁᛋᛖ,374
conjunction,28739446,1,ᚳᚩᚾᛂᚢᚾᚳᛏᛡᚾ,326
proportions,28434838,1,ᛈᚱᚩᛈᚩᚱᛏᛡᚾᛋ,370
instructed,28323560,1,ᛁᚾᛋᛏᚱᚢᚳᛏᛖᛞ,414
commissions,27848171,1,ᚳᚩᛗᛗᛁᛋᛋᛡᚾᛋ,488
cultivated,27840129,1,ᚳᚢᛚᛏᛁᚢᚪᛏᛖᛞ,494
photograph,27739725,1,ᛈᚻᚩᛏᚩᚷᚱᚪᛈᚻ,330
cincinnati,27691718,1,ᚳᛁᚾᚳᛁᚾᚾᚪᛏᛁ,362
interviews,27509320,1,ᛁᚾᛏᛖᚱᚢᛁᛖᚹᛋ,370
emphasized,27491617,1,ᛖᛗᛈᚻᚪᛋᛁᛋᛖᛞ,594
protestant,27343468,1,ᛈᚱᚩᛏᛖᛋᛏᚪᚾᛏ,484
tremendous,27099785,1,ᛏᚱᛖᛗᛖᚾᛞᚩᚢᛋ,456
providence,27017088,1,ᛈᚱᚩᚢᛁᛞᛖᚾᚳᛖ,360
occupations,26969304,1,ᚩᚳᚳᚢᛈᚪᛏᛡᚾᛋ,424
territorial,26807032,1,ᛏᛖᚱᚱᛁᛏᚩᚱᛡᛚ,436
accessible,26734118,1,ᚪᚳᚳᛖᛋᛋᛁᛒᛚᛖ,528
excitement,26535057,1,ᛖᛉᚳᛁᛏᛖᛗᛖᚾᛏ,510
prohibition,26483464,1,ᛈᚱᚩᚻᛁᛒᛁᛏᛡᚾ,402
restriction,26444509,1,ᚱᛖᛋᛏᚱᛁᚳᛏᛡᚾ,440
metabolism,26351398,1,ᛗᛖᛏᚪᛒᚩᛚᛁᛋᛗ,590
wilderness,26270739,1,ᚹᛁᛚᛞᛖᚱᚾᛖᛋᛋ,492
profitable,26259956,1,ᛈᚱᚩᚠᛁᛏᚪᛒᛚᛖ,451
elimination,26257183,1,ᛖᛚᛁᛗᛁᚾᚪᛏᛡᚾ,594
physically,26156768,1,ᛈᚻᚣᛋᛁᚳᚪᛚᛚᚣ,612
methodology,25857388,1,ᛗᛖᚦᚩᛞᚩᛚᚩᚷᚣ,446
destination,25834094,1,ᛞᛖᛋᛏᛁᚾᚪᛏᛡᚾ,620
distinctly,25639666,1,ᛞᛁᛋᛏᛁᚾᚳᛏᛚᚣ,540
reservation,25501399,1,ᚱᛖᛋᛖᚱᚢᚪᛏᛡᚾ,504
adequately,25470702,1,ᚪᛞᛖᚳᚹᚪᛏᛖᛚᚣ,684
compression,25439254,1,ᚳᚩᛗᛈᚱᛖᛋᛋᛡᚾ,454
paragraphs,25419395,1,ᛈᚪᚱᚪᚷᚱᚪᛈᚻᛋ,492
indigenous,25102959,1,ᛁᚾᛞᛁᚷᛖᚾᚩᚢᛋ,356
indicators,25044190,1,ᛁᚾᛞᛁᚳᚪᛏᚩᚱᛋ,420
transverse,25011758,1,ᛏᚱᚪᚾᛋᚢᛖᚱᛋᛖ,450
indirectly,24940665,1,ᛁᚾᛞᛁᚱᛖᚳᛏᛚᚣ,506
diplomatic,24936644,1,ᛞᛁᛈᛚᚩᛗᚪᛏᛁᚳ,514
therapeutic,24862747,1,ᚦᛖᚱᚪᛈᛖᚢᛏᛁᚳ,396
acquainted,24730203,1,ᚪᚳᚳᚹᚪᛁᚾᛏᛖᛞ,514
exceptional,24688774,1,ᛖᛉᚳᛖᛈᛏᛡᚾᚪᛚ,602
stimulation,24586304,1,ᛋᛏᛁᛗᚢᛚᚪᛏᛡᚾ,582
reproduced,24584933,1,ᚱᛖᛈᚱᚩᛞᚢᚳᛖᛞ,400
instructor,24557619,1,ᛁᚾᛋᛏᚱᚢᚳᛏᚩᚱ,276
recognised,24274234,1,ᚱᛖᚳᚩᚷᚾᛁᛋᛖᛞ,384
correspond,24266625,1,ᚳᚩᚱᚱᛖᛋᛈᚩᚾᛞ,330
honourable,24192477,1,ᚻᚩᚾᚩᚢᚱᚪᛒᛚᛖ,378
broadcasting,24175792,1,ᛒᚱᚩᚪᛞᚳᚪᛋᛏᛝ,566
complained,23959910,1,ᚳᚩᛗᛈᛚᚪᛁᚾᛖᛞ,520
peripheral,23863474,1,ᛈᛖᚱᛁᛈᚻᛖᚱᚪᛚ,466
immigrants,23861813,1,ᛁᛗᛗᛁᚷᚱᚪᚾᛏᛋ,470
designation,23761281,1,ᛞᛖᛋᛁᚷᚾᚪᛏᛡᚾ,578
volunteers,23723787,1,ᚢᚩᛚᚢᚾᛏᛖᛖᚱᛋ,372
formulation,23500731,1,ᚠᚩᚱᛗᚢᛚᚪᛏᛡᚾ,459
commentary,23482026,1,ᚳᚩᛗᛗᛖᚾᛏᚪᚱᚣ,528
simplicity,23325749,1,ᛋᛁᛗᛈᛚᛁᚳᛁᛏᚣ,508
reinforced,23299699,1,ᚱᛖᛁᚾᚠᚩᚱᚳᛖᛞ,327
cumulative,23226122,1,ᚳᚢᛗᚢᛚᚪᛏᛁᚢᛖ,420
minneapolis,23188644,1,ᛗᛁᚾᚾᛠᛈᚩᛚᛁᛋ,476
expectation,23131343,1,ᛖᛉᛈᛖᚳᛏᚪᛏᛡᚾ,588
terminated,23106892,1,ᛏᛖᚱᛗᛁᚾᚪᛏᛖᛞ,580
allowances,23103563,1,ᚪᛚᛚᚩᚹᚪᚾᚳᛖᛋ,528
continuity,23042458,1,ᚳᚩᚾᛏᛁᚾᚢᛁᛏᚣ,364
specialists,23011763,1,ᛋᛈᛖᚳᛡᛚᛁᛋᛏᛋ,552
aggressive,23001830,1,ᚪᚷᚷᚱᛖᛋᛋᛁᚢᛖ,416
explicitly,22988080,1,ᛖᛉᛈᛚᛁᚳᛁᛏᛚᚣ,540
computation,22982439,1,ᚳᚩᛗᛈᚢᛏᚪᛏᛡᚾ,488
indications,22949290,1,ᛁᚾᛞᛁᚳᚪᛏᛡᚾᛋ,538
fertilizer,22606617,1,ᚠᛖᚱᛏᛁᛚᛁᛋᛖᚱ,405
inspiration,22472620,1,ᛁᚾᛋᛈᛁᚱᚪᛏᛡᚾ,490
ordinarily,22319566,1,ᚩᚱᛞᛁᚾᚪᚱᛁᛚᚣ,482
favourable,22294382,1,ᚠᚪᚢᚩᚢᚱᚪᛒᛚᛖ,421
diminished,22231212,1,ᛞᛁᛗᛁᚾᛁᛋᚻᛖᛞ,514
ecological,22193572,1,ᛖᚳᚩᛚᚩᚷᛁᚳᚪᛚ,398
unexpected,22166266,1,ᚢᚾᛖᛉᛈᛖᚳᛏᛖᛞ,484
accustomed,22152205,1,ᚪᚳᚳᚢᛋᛏᚩᛗᛖᛞ,472
controller,22138308,1,ᚳᚩᚾᛏᚱᚩᛚᛚᛖᚱ,350
magistrate,22115768,1,ᛗᚪᚷᛁᛋᛏᚱᚪᛏᛖ,562
conventions,22092119,1,ᚳᚩᚾᚢᛖᚾᛏᛡᚾᛋ,396
incomplete,22084172,1,ᛁᚾᚳᚩᛗᛈᛚᛖᛏᛖ,460
implementing,22061571,1,ᛁᛗᛈᛚᛖᛗᛖᚾᛏᛝ,590
charitable,21984325,1,ᚳᚻᚪᚱᛁᛏᚪᛒᛚᛖ,532
contracted,21947535,1,ᚳᚩᚾᛏᚱᚪᚳᛏᛖᛞ,444
containers,21940046,1,ᚳᚩᚾᛏᚪᛁᚾᛖᚱᛋ,396
inevitably,21828135,1,ᛁᚾᛖᚢᛁᛏᚪᛒᛚᚣ,554
propagation,21815403,1,ᛈᚱᚩᛈᚪᚷᚪᛏᛡᚾ,510
likelihood,21778316,1,ᛚᛁᚳᛖᛚᛁᚻᚩᚩᛞ,414
persistent,21776812,1,ᛈᛖᚱᛋᛁᛋᛏᛖᚾᛏ,472
compulsory,21661268,1,ᚳᚩᛗᛈᚢᛚᛋᚩᚱᚣ,384
montgomery,21633757,1,ᛗᚩᚾᛏᚷᚩᛗᛖᚱᚣ,442
politicians,21627985,1,ᛈᚩᛚᛁᛏᛁᚳᛡᚾᛋ,446
standpoint,21586454,1,ᛋᛏᚪᚾᛞᛈᚩᛁᚾᛏ,496
grandfather,21549174,1,ᚷᚱᚪᚾᛞᚠᚪᚦᛖᚱ,425
summarized,21536527,1,ᛋᚢᛗᛗᚪᚱᛁᛋᛖᛞ,546
coordinate,21474787,1,ᚳᚩᚩᚱᛞᛁᚾᚪᛏᛖ,410
suppressed,21452251,1,ᛋᚢᛈᛈᚱᛖᛋᛋᛖᛞ,482
portuguese,21433835,1,ᛈᚩᚱᛏᚢᚷᚢᛖᛋᛖ,330
conceptual,21380866,1,ᚳᚩᚾᚳᛖᛈᛏᚢᚪᛚ,404
localities,21354873,1,ᛚᚩᚳᚪᛚᛁᛏᛁᛖᛋ,504
subjective,21205662,1,ᛋᚢᛒᛂᛖᚳᛏᛁᚢᛖ,394
heretofore,21200578,1,ᚻᛖᚱᛖᛏᚩᚠᚩᚱᛖ,321
contributing,21166012,1,ᚳᚩᚾᛏᚱᛁᛒᚢᛏᛝ,352
similarity,21028549,1,ᛋᛁᛗᛁᛚᚪᚱᛁᛏᚣ,560
psychiatric,20908731,1,ᛈᛋᚣᚳᚻᛡᛏᚱᛁᚳ,456
incentives,20883669,1,ᛁᚾᚳᛖᚾᛏᛁᚢᛖᛋ,382
degradation,20858637,1,ᛞᛖᚷᚱᚪᛞᚪᛏᛡᚾ,662
unconscious,20818531,1,ᚢᚾᚳᚩᚾᛋᚳᛡᚢᛋ,310
collateral,20708994,1,ᚳᚩᛚᛚᚪᛏᛖᚱᚪᛚ,570
excellence,20694430,1,ᛖᛉᚳᛖᛚᛚᛖᚾᚳᛖ,516
dissolution,20672480,1,ᛞᛁᛋᛋᚩᛚᚢᛏᛡᚾ,504
indictment,20670579,1,ᛁᚾᛞᛁᚳᛏᛗᛖᚾᛏ,478
economical,20630033,1,ᛖᚳᚩᚾᚩᛗᛁᚳᚪᛚ,408
appreciated,20620572,1,ᚪᛈᛈᚱᛖᚳᛡᛏᛖᛞ,596
impressive,20613605,1,ᛁᛗᛈᚱᛖᛋᛋᛁᚢᛖ,430
spontaneous,20544641,1,ᛋᛈᚩᚾᛏᚪᚾᛇᚢᛋ,414
enrollment,20425452,1,ᛖᚾᚱᚩᛚᛚᛗᛖᚾᛏ,486
sympathetic,20348582,1,ᛋᚣᛗᛈᚪᚦᛖᛏᛁᚳ,542
instituted,20327407,1,ᛁᚾᛋᛏᛁᛏᚢᛏᛖᛞ,480
seventeenth,20274567,1,ᛋᛖᚢᛖᚾᛏᛖᛖᚾᚦ,446
alterations,20085964,1,ᚪᛚᛏᛖᚱᚪᛏᛡᚾᛋ,652
richardson,19795517,1,ᚱᛁᚳᚻᚪᚱᛞᛋᚩᚾ,364
positively,19746913,1,ᛈᚩᛋᛁᛏᛁᚢᛖᛚᚣ,470
competence,19685745,1,ᚳᚩᛗᛈᛖᛏᛖᚾᚳᛖ,436
congregation,19682354,1,ᚳᚩᛝᚱᛖᚷᚪᛏᛡᚾ,486
corrections,19623587,1,ᚳᚩᚱᚱᛖᚳᛏᛡᚾᛋ,370
consultant,19606734,1,ᚳᚩᚾᛋᚢᛚᛏᚪᚾᛏ,422
unemployed,19557265,1,ᚢᚾᛖᛗᛈᛚᚩᚣᛖᛞ,552
phosphorus,19548299,1,ᛈᚻᚩᛋᛈᚻᚩᚱᚢᛋ,266
governance,19476878,1,ᚷᚩᚢᛖᚱᚾᚪᚾᚳᛖ,340
presumption,19458208,1,ᛈᚱᛖᛋᚢᛗᛈᛏᛡᚾ,486
inspectors,19389552,1,ᛁᚾᛋᛈᛖᚳᛏᚩᚱᛋ,366
nonetheless,19358913,1,ᚾᚩᚾᛖᚦᛖᛚᛖᛋᛋ,450
assistants,19300001,1,ᚪᛋᛋᛁᛋᛏᚪᚾᛏᛋ,584
beneficiary,19274032,1,ᛒᛖᚾᛖᚠᛁᚳᛡᚱᚣ,491
propaganda,19233375,1,ᛈᚱᚩᛈᚪᚷᚪᚾᛞᚪ,530
conveyance,19178662,1,ᚳᚩᚾᚢᛖᚣᚪᚾᚳᛖ,428
professors,19101347,1,ᛈᚱᚩᚠᛖᛋᛋᚩᚱᛋ,307
ventilation,19097962,1,ᚢᛖᚾᛏᛁᛚᚪᛏᛡᚾ,554
architects,19092193,1,ᚪᚱᚳᚻᛁᛏᛖᚳᛏᛋ,426
periodicals,19091311,1,ᛈᛖᚱᛡᛞᛁᚳᚪᛚᛋ,584
compatible,19078880,1,ᚳᚩᛗᛈᚪᛏᛁᛒᛚᛖ,522
influential,19001318,1,ᛁᚾᚠᛚᚢᛖᚾᛏᛡᛚ,473
radioactive,18995577,1,ᚱᚪᛞᛡᚪᚳᛏᛁᚢᛖ,574
initiatives,18860006,1,ᛁᚾᛁᛏᛡᛏᛁᚢᛖᛋ,470
capitalism,18853529,1,ᚳᚪᛈᛁᛏᚪᛚᛁᛋᛗ,568
projections,18831772,1,ᛈᚱᚩᛂᛖᚳᛏᛡᚾᛋ,426
conformity,18759336,1,ᚳᚩᚾᚠᚩᚱᛗᛁᛏᚣ,333
variability,18635859,1,ᚢᚪᚱᛡᛒᛁᛚᛁᛏᚣ,576
provisional,18614312,1,ᛈᚱᚩᚢᛁᛋᛡᚾᚪᛚ,454
vulnerable,18541427,1,ᚢᚢᛚᚾᛖᚱᚪᛒᛚᛖ,484
conspiracy,18518235,1,ᚳᚩᚾᛋᛈᛁᚱᚪᚳᚣ,400
perceptions,18434075,1,ᛈᛖᚱᚳᛖᛈᛏᛡᚾᛋ,492
fellowship,18388580,1,ᚠᛖᛚᛚᚩᚹᛋᚻᛁᛈ,391
ideological,18374921,1,ᛁᛞᛇᛚᚩᚷᛁᚳᚪᛚ,472
moderately,18355379,1,ᛗᚩᛞᛖᚱᚪᛏᛖᛚᚣ,644
allegations,18294165,1,ᚪᛚᛚᛖᚷᚪᛏᛡᚾᛋ,672
suppression,18232351,1,ᛋᚢᛈᛈᚱᛖᛋᛋᛡᚾ,462
executives,18211418,1,ᛖᛉᛖᚳᚢᛏᛁᚢᛖᛋ,410
archbishop,18191405,1,ᚪᚱᚳᚻᛒᛁᛋᚻᚩᛈ,362
capitalist,18142406,1,ᚳᚪᛈᛁᛏᚪᛚᛁᛋᛏ,556
constructing,18052727,1,ᚳᚩᚾᛋᛏᚱᚢᚳᛏᛝ,326
popularity,18006622,1,ᛈᚩᛈᚢᛚᚪᚱᛁᛏᚣ,470
recreational,17934525,1,ᚱᛖᚳᚱᛠᛏᛡᚾᚪᛚ,576
reflections,17926465,1,ᚱᛖᚠᛚᛖᚳᛏᛡᚾᛋ,481
administer,17895840,1,ᚪᛞᛗᛁᚾᛁᛋᛏᛖᚱ,538
homogeneous,17889484,1,ᚻᚩᛗᚩᚷᛖᚾᛇᚢᛋ,318
possessions,17844990,1,ᛈᚩᛋᛋᛖᛋᛋᛡᚾᛋ,518
vocabulary,17836269,1,ᚢᚩᚳᚪᛒᚢᛚᚪᚱᚣ,468
sentiments,17751288,1,ᛋᛖᚾᛏᛁᛗᛖᚾᛏᛋ,518
originated,17731462,1,ᚩᚱᛁᚷᛁᚾᚪᛏᛖᛞ,438
documented,17682202,1,ᛞᚩᚳᚢᛗᛖᚾᛏᛖᛞ,494
stimulated,17677120,1,ᛋᛏᛁᛗᚢᛚᚪᛏᛖᛞ,602
presidents,17637049,1,ᛈᚱᛖᛋᛁᛞᛖᚾᛏᛋ,502
correlated,17631642,1,ᚳᚩᚱᚱᛖᛚᚪᛏᛖᛞ,494
contraction,17629533,1,ᚳᚩᚾᛏᚱᚪᚳᛏᛡᚾ,424
deformation,17588585,1,ᛞᛖᚠᚩᚱᛗᚪᛏᛡᚾ,539
conditional,17427042,1,ᚳᚩᚾᛞᛁᛏᛡᚾᚪᛚ,534
productions,17420198,1,ᛈᚱᚩᛞᚢᚳᛏᛡᚾᛋ,414
impressions,17411669,1,ᛁᛗᛈᚱᛖᛋᛋᛡᚾᛋ,518
superficial,17371916,1,ᛋᚢᛈᛖᚱᚠᛁᚳᛡᛚ,403
penetration,17319873,1,ᛈᛖᚾᛖᛏᚱᚪᛏᛡᚾ,568
inequality,17211298,1,ᛁᚾᛖᚳᚹᚪᛚᛁᛏᚣ,522
concurrent,17180172,1,ᚳᚩᚾᚳᚢᚱᚱᛖᚾᛏ,242
capacities,17174052,1,ᚳᚪᛈᚪᚳᛁᛏᛁᛖᛋ,504
strengthened,17169382,1,ᛋᛏᚱᛖᛝᚦᛖᚾᛖᛞ,526
complement,17085548,1,ᚳᚩᛗᛈᛚᛖᛗᛖᚾᛏ,500
obstruction,17066859,1,ᚩᛒᛋᛏᚱᚢᚳᛏᛡᚾ,402
consequent,17004411,1,ᚳᚩᚾᛋᛖᚳᚹᛖᚾᛏ,356
veterinary,17000116,1,ᚢᛖᛏᛖᚱᛁᚾᚪᚱᚣ,478
foreigners,16963131,1,ᚠᚩᚱᛖᛁᚷᚾᛖᚱᛋ,295
superiority,16941374,1,ᛋᚢᛈᛖᚱᛡᚱᛁᛏᚣ,488
uniformity,16936554,1,ᚢᚾᛁᚠᚩᚱᛗᛁᛏᚣ,347
overwhelming,16928774,1,ᚩᚢᛖᚱᚹᚻᛖᛚᛗᛝ,420
compressed,16899338,1,ᚳᚩᛗᛈᚱᛖᛋᛋᛖᛞ,474
prevalence,16893749,1,ᛈᚱᛖᚢᚪᛚᛖᚾᚳᛖ,470
deliberate,16842597,1,ᛞᛖᛚᛁᛒᛖᚱᚪᛏᛖ,622
structured,16791433,1,ᛋᛏᚱᚢᚳᛏᚢᚱᛖᛞ,368
remarkably,16783172,1,ᚱᛖᛗᚪᚱᚳᚪᛒᛚᚣ,604
innovative,16574982,1,ᛁᚾᚾᚩᚢᚪᛏᛁᚢᛖ,356
institutes,16571109,1,ᛁᚾᛋᛏᛁᛏᚢᛏᛖᛋ,444
recommends,16526770,1,ᚱᛖᚳᚩᛗᛗᛖᚾᛞᛋ,478
usefulness,16508625,1,ᚢᛋᛖᚠᚢᛚᚾᛖᛋᛋ,403
formulated,16505214,1,ᚠᚩᚱᛗᚢᛚᚪᛏᛖᛞ,479
speculation,16426462,1,ᛋᛈᛖᚳᚢᛚᚪᛏᛡᚾ,544
resignation,16415073,1,ᚱᛖᛋᛁᚷᚾᚪᛏᛡᚾ,500
grandmother,16385039,1,ᚷᚱᚪᚾᛞᛗᚩᚦᛖᚱ,404
supporters,16316841,1,ᛋᚢᛈᛈᚩᚱᛏᛖᚱᛋ,350
manifested,16308837,1,ᛗᚪᚾᛁᚠᛖᛋᛏᛖᛞ,565
confronted,16127281,1,ᚳᚩᚾᚠᚱᚩᚾᛏᛖᛞ,313
delightful,16126085,1,ᛞᛖᛚᛁᚷᚻᛏᚠᚢᛚ,437
recipients,16078390,1,ᚱᛖᚳᛁᛈᛁᛖᚾᛏᛋ,404
derivative,16048802,1,ᛞᛖᚱᛁᚢᚪᛏᛁᚢᛖ,458
communists,15984105,1,ᚳᚩᛗᛗᚢᚾᛁᛋᛏᛋ,390
incidental,15962010,1,ᛁᚾᚳᛁᛞᛖᚾᛏᚪᛚ,518
appellants,15918123,1,ᚪᛈᛈᛖᛚᛚᚪᚾᛏᛋ,634
predictions,15902842,1,ᛈᚱᛖᛞᛁᚳᛏᛡᚾᛋ,502
feasibility,15867731,1,ᚠᛠᛋᛁᛒᛁᛚᛁᛏᚣ,553
reclamation,15866601,1,ᚱᛖᚳᛚᚪᛗᚪᛏᛡᚾ,624
frightened,15822099,1,ᚠᚱᛁᚷᚻᛏᛖᚾᛖᛞ,395
tendencies,15820935,1,ᛏᛖᚾᛞᛖᚾᚳᛁᛖᛋ,504
imperative,15804155,1,ᛁᛗᛈᛖᚱᚪᛏᛁᚢᛖ,480
guarantees,15800792,1,ᚷᚢᚪᚱᚪᚾᛏᛖᛖᛋ,500
simplified,15758873,1,ᛋᛁᛗᛈᛚᛁᚠᛁᛖᛞ,491
rectangular,15687996,1,ᚱᛖᚳᛏᚪᛝᚢᛚᚪᚱ,510
presidency,15661596,1,ᛈᚱᛖᛋᛁᛞᛖᚾᚳᚣ,506
microscope,15655723,1,ᛗᛁᚳᚱᚩᛋᚳᚩᛈᛖ,316
nationalism,15650516,1,ᚾᚪᛏᛡᚾᚪᛚᛁᛋᛗ,646
celebration,15628783,1,ᚳᛖᛚᛖᛒᚱᚪᛏᛡᚾ,584
reformation,15599731,1,ᚱᛖᚠᚩᚱᛗᚪᛏᛡᚾ,461
professions,15590073,1,ᛈᚱᚩᚠᛖᛋᛋᛡᚾᛋ,425
accidental,15588809,1,ᚪᚳᚳᛁᛞᛖᚾᛏᚪᛚ,568
locomotive,15548894,1,ᛚᚩᚳᚩᛗᚩᛏᛁᚢᛖ,338
excellency,15548758,1,ᛖᛉᚳᛖᛚᛚᛖᚾᚳᚣ,552
evaporation,15545448,1,ᛖᚢᚪᛈᚩᚱᚪᛏᛡᚾ,520
automotive,15496416,1,ᚪᚢᛏᚩᛗᚩᛏᛁᚢᛖ,404
recognizes,15476608,1,ᚱᛖᚳᚩᚷᚾᛁᛋᛖᛋ,348
implication,15469318,1,ᛁᛗᛈᛚᛁᚳᚪᛏᛡᚾ,554
inscription,15463553,1,ᛁᚾᛋᚳᚱᛁᛈᛏᛡᚾ,406
louisville,15412837,1,ᛚᚩᚢᛁᛋᚢᛁᛚᛚᛖ,414
conditioned,15411653,1,ᚳᚩᚾᛞᛁᛏᛡᚾᛖᛞ,520
minorities,15359059,1,ᛗᛁᚾᚩᚱᛁᛏᛁᛖᛋ,390
surroundings,15281627,1,ᛋᚢᚱᚱᚩᚢᚾᛞᛝᛋ,338
successors,15281256,1,ᛋᚢᚳᚳᛖᛋᛋᚩᚱᛋ,326
scriptures,15269385,1,ᛋᚳᚱᛁᛈᛏᚢᚱᛖᛋ,344
nationality,15266504,1,ᚾᚪᛏᛡᚾᚪᛚᛁᛏᚣ,684
surprisingly,15205503,1,ᛋᚢᚱᛈᚱᛁᛋᛝᛚᚣ,460
overlooked,15188515,1,ᚩᚢᛖᚱᛚᚩᚩᚳᛖᛞ,344
reciprocal,15167609,1,ᚱᛖᚳᛁᛈᚱᚩᚳᚪᛚ,366
intestinal,15166965,1,ᛁᚾᛏᛖᛋᛏᛁᚾᚪᛚ,528
philippine,15126208,1,ᛈᚻᛁᛚᛁᛈᛈᛁᚾᛖ,414
hemisphere,14999240,1,ᚻᛖᛗᛁᛋᛈᚻᛖᚱᛖ,456
concessions,14980299,1,ᚳᚩᚾᚳᛖᛋᛋᛡᚾᛋ,424
charleston,14892691,1,ᚳᚻᚪᚱᛚᛖᛋᛏᚩᚾ,432
enthusiastic,14850556,1,ᛖᚾᚦᚢᛋᛡᛋᛏᛁᚳ,420
proclaimed,14835409,1,ᛈᚱᚩᚳᛚᚪᛁᛗᛖᛞ,502
conclusive,14771158,1,ᚳᚩᚾᚳᛚᚢᛋᛁᚢᛖ,292
preventive,14770488,1,ᛈᚱᛖᚢᛖᚾᛏᛁᚢᛖ,380
antibodies,14757470,1,ᚪᚾᛏᛁᛒᚩᛞᛁᛖᛋ,524
impairment,14756438,1,ᛁᛗᛈᚪᛁᚱᛗᛖᚾᛏ,510
distributing,14718941,1,ᛞᛁᛋᛏᚱᛁᛒᚢᛏᛝ,476
distribute,14704645,1,ᛞᛁᛋᛏᚱᛁᛒᚢᛏᛖ,464
calibration,14701666,1,ᚳᚪᛚᛁᛒᚱᚪᛏᛡᚾ,578
sacramento,14696110,1,ᛋᚪᚳᚱᚪᛗᛖᚾᛏᚩ,504
privileged,14647973,1,ᛈᚱᛁᚢᛁᛚᛖᚷᛖᛞ,432
precautions,14644397,1,ᛈᚱᛖᚳᚪᚢᛏᛡᚾᛋ,482
procedural,14393724,1,ᛈᚱᚩᚳᛖᛞᚢᚱᚪᛚ,414
fraudulent,14383527,1,ᚠᚱᚪᚢᛞᚢᛚᛖᚾᛏ,433
constraint,14338313,1,ᚳᚩᚾᛋᛏᚱᚪᛁᚾᛏ,388
autonomous,14298227,1,ᚪᚢᛏᚩᚾᚩᛗᚩᚢᛋ,336
convictions,14267880,1,ᚳᚩᚾᚢᛁᚳᛏᛡᚾᛋ,344
transitions,14258738,1,ᛏᚱᚪᚾᛋᛁᛏᛡᚾᛋ,528
petitioners,14221249,1,ᛈᛖᛏᛁᛏᛡᚾᛖᚱᛋ,526
responsive,14200392,1,ᚱᛖᛋᛈᚩᚾᛋᛁᚢᛖ,364
transcript,14191791,1,ᛏᚱᚪᚾᛋᚳᚱᛁᛈᛏ,406
morphology,14180184,1,ᛗᚩᚱᛈᚻᚩᛚᚩᚷᚣ,362
ceremonies,14096802,1,ᚳᛖᚱᛖᛗᚩᚾᛁᛖᛋ,416
implements,14091325,1,ᛁᛗᛈᛚᛖᛗᛖᚾᛏᛋ,564
adolescent,14088271,1,ᚪᛞᚩᛚᛖᛋᚳᛖᚾᛏ,554
attainment,14018940,1,ᚪᛏᛏᚪᛁᚾᛗᛖᚾᛏ,598
multiplied,13993521,1,ᛗᚢᛚᛏᛁᛈᛚᛁᛖᛞ,540
appearances,13965815,1,ᚪᛈᛈᛠᚱᚪᚾᚳᛖᛋ,562
transmitting,13887460,1,ᛏᚱᚪᚾᛋᛗᛁᛏᛏᛝ,548
electrodes,13790636,1,ᛖᛚᛖᚳᛏᚱᚩᛞᛖᛋ,506
proprietor,13784309,1,ᛈᚱᚩᛈᚱᛁᛖᛏᚩᚱ,290
formidable,13767664,1,ᚠᚩᚱᛗᛁᛞᚪᛒᛚᛖ,509
inclination,13755362,1,ᛁᚾᚳᛚᛁᚾᚪᛏᛡᚾ,498
adventures,13656669,1,ᚪᛞᚢᛖᚾᛏᚢᚱᛖᛋ,478
importation,13638665,1,ᛁᛗᛈᚩᚱᛏᚪᛏᛡᚾ,514
negligible,13637059,1,ᚾᛖᚷᛚᛁᚷᛁᛒᛚᛖ,466
southeastern,13573696,1,ᛋᚩᚢᚦᛠᛋᛏᛖᚱᚾ,396
neighbours,13469298,1,ᚾᛖᛁᚷᚻᛒᚩᚢᚱᛋ,302
brotherhood,13432367,1,ᛒᚱᚩᚦᛖᚱᚻᚩᚩᛞ,288
irrelevant,13425575,1,ᛁᚱᚱᛖᛚᛖᚢᚪᚾᛏ,448
distinguishing,13418938,1,ᛞᛁᛋᛏᛝᚢᛁᛋᚻᛝ,500
identifies,13403559,1,ᛁᛞᛖᚾᛏᛁᚠᛁᛖᛋ,459
economists,13392056,1,ᛖᚳᚩᚾᚩᛗᛁᛋᛏᛋ,390
neighbouring,13287987,1,ᚾᛖᛁᚷᚻᛒᚩᚢᚱᛝ,328
constituting,13273202,1,ᚳᚩᚾᛋᛏᛁᛏᚢᛏᛝ,392
prosperous,13218510,1,ᛈᚱᚩᛋᛈᛖᚱᚩᚢᛋ,298
discharges,13200911,1,ᛞᛁᛋᚳᚻᚪᚱᚷᛖᛋ,454
collectors,13168306,1,ᚳᚩᛚᛚᛖᚳᛏᚩᚱᛋ,376
anticipate,13124462,1,ᚪᚾᛏᛁᚳᛁᛈᚪᛏᛖ,526
ordinances,13112289,1,ᚩᚱᛞᛁᚾᚪᚾᚳᛖᛋ,426
compensate,13089848,1,ᚳᚩᛗᛈᛖᚾᛋᚪᛏᛖ,506
ridiculous,13087001,1,ᚱᛁᛞᛁᚳᚢᛚᚩᚢᛋ,314
archaeology,13071440,1,ᚪᚱᚳᚻᚫᚩᛚᚩᚷᚣ,452
cumberland,13053522,1,ᚳᚢᛗᛒᛖᚱᛚᚪᚾᛞ,514
plantations,13052331,1,ᛈᛚᚪᚾᛏᚪᛏᛡᚾᛋ,646
forfeiture,13042607,1,ᚠᚩᚱᚠᛖᛁᛏᚢᚱᛖ,260
segregation,12975305,1,ᛋᛖᚷᚱᛖᚷᚪᛏᛡᚾ,524
chromosome,12966685,1,ᚳᚻᚱᚩᛗᚩᛋᚩᛗᛖ,330
melancholy,12964442,1,ᛗᛖᛚᚪᚾᚳᚻᚩᛚᚣ,556
nutritional,12957817,1,ᚾᚢᛏᚱᛁᛏᛡᚾᚪᛚ,498
admissible,12918289,1,ᚪᛞᛗᛁᛋᛋᛁᛒᛚᛖ,626
incredible,12874827,1,ᛁᚾᚳᚱᛖᛞᛁᛒᛚᛖ,472
interpreting,12851956,1,ᛁᚾᛏᛖᚱᛈᚱᛖᛏᛝ,456
evaluations,12840990,1,ᛖᚢᚪᛚᚢᚪᛏᛡᚾᛋ,588
indefinite,12816843,1,ᛁᚾᛞᛖᚠᛁᚾᛁᛏᛖ,435
innovations,12754786,1,ᛁᚾᚾᚩᚢᚪᛏᛡᚾᛋ,444
solidarity,12742123,1,ᛋᚩᛚᛁᛞᚪᚱᛁᛏᚣ,554
prosecutor,12671098,1,ᛈᚱᚩᛋᛖᚳᚢᛏᚩᚱ,274
aspirations,12660845,1,ᚪᛋᛈᛁᚱᚪᛏᛡᚾᛋ,580
postmaster,12656195,1,ᛈᚩᛋᛏᛗᚪᛋᛏᛖᚱ,520
petersburg,12631393,1,ᛈᛖᛏᛖᚱᛋᛒᚢᚱᚷ,392
purchasers,12609004,1,ᛈᚢᚱᚳᚻᚪᛋᛖᚱᛋ,374
experiencing,12609001,1,ᛖᛉᛈᛖᚱᛁᛖᚾᚳᛝ,454
progression,12596195,1,ᛈᚱᚩᚷᚱᛖᛋᛋᛡᚾ,398
assemblies,12592239,1,ᚪᛋᛋᛖᛗᛒᛚᛁᛖᛋ,626
accountant,12517480,1,ᚪᚳᚳᚩᚢᚾᛏᚪᚾᛏ,406
dependency,12515554,1,ᛞᛖᛈᛖᚾᛞᛖᚾᚳᚣ,596
frustration,12494661,1,ᚠᚱᚢᛋᛏᚱᚪᛏᛡᚾ,431
narratives,12466643,1,ᚾᚪᚱᚱᚪᛏᛁᚢᛖᛋ,458
respiration,12464699,1,ᚱᛖᛋᛈᛁᚱᚪᛏᛡᚾ,508
highlights,12420177,1,ᚻᛁᚷᚻᛚᛁᚷᚻᛏᛋ,350
imprisoned,12383976,1,ᛁᛗᛈᚱᛁᛋᚩᚾᛖᛞ,432
hereditary,12363537,1,ᚻᛖᚱᛖᛞᛁᛏᚪᚱᚣ,558
sacrifices,12300256,1,ᛋᚪᚳᚱᛁᚠᛁᚳᛖᛋ,371
secretariat,12264739,1,ᛋᛖᚳᚱᛖᛏᚪᚱᛡᛏ,544
liquidation,12246583,1,ᛚᛁᚳᚹᛁᛞᚪᛏᛡᚾ,548
diffraction,12239089,1,ᛞᛁᚠᚠᚱᚪᚳᛏᛡᚾ,440
compilation,12208065,1,ᚳᚩᛗᛈᛁᛚᚪᛏᛡᚾ,530
beautifully,12206504,1,ᛒᛠᚢᛏᛁᚠᚢᛚᛚᚣ,517
nationalist,12199410,1,ᚾᚪᛏᛡᚾᚪᛚᛁᛋᛏ,634
persecution,12198324,1,ᛈᛖᚱᛋᛖᚳᚢᛏᛡᚾ,452
identities,12192108,1,ᛁᛞᛖᚾᛏᛁᛏᛁᛖᛋ,516
emphasizes,12171576,1,ᛖᛗᛈᚻᚪᛋᛁᛋᛖᛋ,558
enumerated,12122425,1,ᛖᚾᚢᛗᛖᚱᚪᛏᛖᛞ,560
reservoirs,12115120,1,ᚱᛖᛋᛖᚱᚢᚩᛁᚱᛋ,314
preferable,12105391,1,ᛈᚱᛖᚠᛖᚱᚪᛒᛚᛖ,499
elasticity,12028024,1,ᛖᛚᚪᛋᛏᛁᚳᛁᛏᚣ,586
vietnamese,12000780,1,ᚢᛁᛖᛏᚾᚪᛗᛖᛋᛖ,544
indicative,11933502,1,ᛁᚾᛞᛁᚳᚪᛏᛁᚢᛖ,450
newsletter,11846823,1,ᚾᛖᚹᛋᛚᛖᛏᛏᛖᚱ,504
velocities,11816910,1,ᚢᛖᛚᚩᚳᛁᛏᛁᛖᛋ,404
apartments,11810333,1,ᚪᛈᚪᚱᛏᛗᛖᚾᛏᛋ,586
commanders,11788216,1,ᚳᚩᛗᛗᚪᚾᛞᛖᚱᛋ,508
aeronautics,11786078,1,ᚫᚱᚩᚾᚪᚢᛏᛁᚳᛋ,404
technicians,11706790,1,ᛏᛖᚳᚻᚾᛁᚳᛡᚾᛋ,424
queensland,11696165,1,ᚳᚹᛖᛖᚾᛋᛚᚪᚾᛞ,536
journalism,11681046,1,ᛂᚩᚢᚱᚾᚪᛚᛁᛋᛗ,412
conceptions,11663480,1,ᚳᚩᚾᚳᛖᛈᛏᛡᚾᛋ,420
criticized,11644783,1,ᚳᚱᛁᛏᛁᚳᛁᛋᛖᛞ,398
appreciable,11638505,1,ᚪᛈᛈᚱᛖᚳᛡᛒᛚᛖ,582
inspections,11626168,1,ᛁᚾᛋᛈᛖᚳᛏᛡᚾᛋ,484
introduces,11625751,1,ᛁᚾᛏᚱᚩᛞᚢᚳᛖᛋ,362
principals,11579177,1,ᛈᚱᛁᚾᚳᛁᛈᚪᛚᛋ,424
generators,11562292,1,ᚷᛖᚾᛖᚱᚪᛏᚩᚱᛋ,418
stipulated,11558679,1,ᛋᛏᛁᛈᚢᛚᚪᛏᛖᛞ,574
substituting,11519360,1,ᛋᚢᛒᛋᛏᛁᛏᚢᛏᛝ,460
tenderness,11513517,1,ᛏᛖᚾᛞᛖᚱᚾᛖᛋᛋ,524
disastrous,11493356,1,ᛞᛁᛋᚪᛋᛏᚱᚩᚢᛋ,456
fabrication,11477298,1,ᚠᚪᛒᚱᛁᚳᚪᛏᛡᚾ,507
conversely,11461624,1,ᚳᚩᚾᚢᛖᚱᛋᛖᛚᚣ,426
misconduct,11456226,1,ᛗᛁᛋᚳᚩᚾᛞᚢᚳᛏ,368
delinquent,11415401,1,ᛞᛖᛚᛁᚾᚳᚹᛖᚾᛏ,476
conductors,11392849,1,ᚳᚩᚾᛞᚢᚳᛏᚩᚱᛋ,284
supportive,11348825,1,ᛋᚢᛈᛈᚩᚱᛏᛁᚢᛖ,320
infinitely,11339361,1,ᛁᚾᚠᛁᚾᛁᛏᛖᛚᚣ,455
congressman,11329880,1,ᚳᚩᛝᚱᛖᛋᛋᛗᚪᚾ,480
detachment,11278694,1,ᛞᛖᛏᚪᚳᚻᛗᛖᚾᛏ,574
northeastern,11275851,1,ᚾᚩᚱᚦᛠᛋᛏᛖᚱᚾ,380
biochemical,11237807,1,ᛒᛡᚳᚻᛖᛗᛁᚳᚪᛚ,556
infringement,11219624,1,ᛁᚾᚠᚱᛝᛖᛗᛖᚾᛏ,445
criticisms,11211278,1,ᚳᚱᛁᛏᛁᚳᛁᛋᛗᛋ,366
exhibitions,11189614,1,ᛖᛉᚻᛁᛒᛁᛏᛡᚾᛋ,508
preferably,11188969,1,ᛈᚱᛖᚠᛖᚱᚪᛒᛚᚣ,535
terrestrial,11164498,1,ᛏᛖᚱᚱᛖᛋᛏᚱᛡᛚ,518
definitive,11078056,1,ᛞᛖᚠᛁᚾᛁᛏᛁᚢᛖ,409
vigorously,11045943,1,ᚢᛁᚷᚩᚱᚩᚢᛋᛚᚣ,308
aboriginal,11031610,1,ᚪᛒᚩᚱᛁᚷᛁᚾᚪᛚ,454
undertakings,10984404,1,ᚢᚾᛞᛖᚱᛏᚪᚳᛝᛋ,500
canterbury,10983585,1,ᚳᚪᚾᛏᛖᚱᛒᚢᚱᚣ,454
cigarettes,10971264,1,ᚳᛁᚷᚪᚱᛖᛏᛏᛖᛋ,474
greenhouse,10953846,1,ᚷᚱᛖᛖᚾᚻᚩᚢᛋᛖ,344
satellites,10935255,1,ᛋᚪᛏᛖᛚᛚᛁᛏᛖᛋ,632
vertically,10914176,1,ᚢᛖᚱᛏᛁᚳᚪᛚᛚᚣ,530
arbitrator,10890742,1,ᚪᚱᛒᛁᛏᚱᚪᛏᚩᚱ,444
decorative,10889538,1,ᛞᛖᚳᚩᚱᚪᛏᛁᚢᛖ,444
dielectric,10828937,1,ᛞᛁᛖᛚᛖᚳᛏᚱᛁᚳ,454
subscribed,10757764,1,ᛋᚢᛒᛋᚳᚱᛁᛒᛖᛞ,442
safeguards,10716480,1,ᛋᚪᚠᛖᚷᚢᚪᚱᛞᛋ,489
travellers,10683843,1,ᛏᚱᚪᚢᛖᛚᛚᛖᚱᛋ,514
mercantile,10679182,1,ᛗᛖᚱᚳᚪᚾᛏᛁᛚᛖ,518
humanities,10641311,1,ᚻᚢᛗᚪᚾᛁᛏᛁᛖᛋ,464
transferring,10614136,1,ᛏᚱᚪᚾᛋᚠᛖᚱᚱᛝ,419
circulated,10598666,1,ᚳᛁᚱᚳᚢᛚᚪᛏᛖᛞ,456
explosives,10591870,1,ᛖᛉᛈᛚᚩᛋᛁᚢᛖᛋ,444
grievances,10588881,1,ᚷᚱᛁᛖᚢᚪᚾᚳᛖᛋ,388
legitimacy,10548938,1,ᛚᛖᚷᛁᛏᛁᛗᚪᚳᚣ,562
suggestive,10528891,1,ᛋᚢᚷᚷᛖᛋᛏᛁᚢᛖ,370
brightness,10526095,1,ᛒᚱᛁᚷᚻᛏᚾᛖᛋᛋ,404
pesticides,10466768,1,ᛈᛖᛋᛏᛁᚳᛁᛞᛖᛋ,506
deployment,10434357,1,ᛞᛖᛈᛚᚩᚣᛗᛖᚾᛏ,608
microscopy,10432636,1,ᛗᛁᚳᚱᚩᛋᚳᚩᛈᚣ,352
coordinating,10415031,1,ᚳᚩᚩᚱᛞᛁᚾᚪᛏᛝ,422
financially,10394360,1,ᚠᛁᚾᚪᚾᚳᛡᛚᛚᚣ,557
imperialism,10389606,1,ᛁᛗᛈᛖᚱᛡᛚᛁᛋᛗ,558
duplicated,10377269,1,ᛞᚢᛈᛚᛁᚳᚪᛏᛖᛞ,564
comprehend,10322370,1,ᚳᚩᛗᛈᚱᛖᚻᛖᚾᛞ,420
supervised,10320042,1,ᛋᚢᛈᛖᚱᚢᛁᛋᛖᛞ,420
simulations,10290596,1,ᛋᛁᛗᚢᛚᚪᛏᛡᚾᛋ,576
ornamental,10270706,1,ᚩᚱᚾᚪᛗᛖᚾᛏᚪᛚ,540
ministerial,10267816,1,ᛗᛁᚾᛁᛋᛏᛖᚱᛡᛚ,532
critically,10244668,1,ᚳᚱᛁᛏᛁᚳᚪᛚᛚᚣ,504
invaluable,10239342,1,ᛁᚾᚢᚪᛚᚢᚪᛒᛚᛖ,534
resentment,10229756,1,ᚱᛖᛋᛖᚾᛏᛗᛖᚾᛏ,512
encourages,10227500,1,ᛖᚾᚳᚩᚢᚱᚪᚷᛖᛋ,364
advertised,10205288,1,ᚪᛞᚢᛖᚱᛏᛁᛋᛖᛞ,566
topography,10194098,1,ᛏᚩᛈᚩᚷᚱᚪᛈᚻᚣ,410
deliveries,10193051,1,ᛞᛖᛚᛁᚢᛖᚱᛁᛖᛋ,492
adjustable,10148025,1,ᚪᛞᛂᚢᛋᛏᚪᛒᛚᛖ,636
revolutions,10124340,1,ᚱᛖᚢᚩᛚᚢᛏᛡᚾᛋ,412
solubility,10081984,1,ᛋᚩᛚᚢᛒᛁᛚᛁᛏᚣ,494
internally,10075127,1,ᛁᚾᛏᛖᚱᚾᚪᛚᛚᚣ,572
encounters,10055088,1,ᛖᚾᚳᚩᚢᚾᛏᛖᚱᛋ,338
journalist,10006264,1,ᛂᚩᚢᚱᚾᚪᛚᛁᛋᛏ,400
expressive,10002379,1,ᛖᛉᛈᚱᛖᛋᛋᛁᚢᛖ,442
signatures,9981657,1,ᛋᛁᚷᚾᚪᛏᚢᚱᛖᛋ,420
palestinian,9975824,1,ᛈᚪᛚᛖᛋᛏᛁᚾᛡᚾ,588
winchester,9936868,1,ᚹᛁᚾᚳᚻᛖᛋᛏᛖᚱ,372
countrymen,9912484,1,ᚳᚩᚢᚾᛏᚱᚣᛗᛖᚾ,392
hemorrhage,9900536,1,ᚻᛖᛗᚩᚱᚱᚻᚪᚷᛖ,394
illustrating,9873925,1,ᛁᛚᛚᚢᛋᛏᚱᚪᛏᛝ,538
interchange,9845553,1,ᛁᚾᛏᛖᚱᚳᚻᚪᛝᛖ,476
helicopter,9837974,1,ᚻᛖᛚᛁᚳᚩᛈᛏᛖᚱ,394
neutrality,9820094,1,ᚾᛖᚢᛏᚱᚪᛚᛁᛏᚣ,532
casualties,9784038,1,ᚳᚪᛋᚢᚪᛚᛏᛁᛖᛋ,546
discomfort,9779841,1,ᛞᛁᛋᚳᚩᛗᚠᚩᚱᛏ,343
frustrated,9757689,1,ᚠᚱᚢᛋᛏᚱᚪᛏᛖᛞ,451
bureaucracy,9750866,1,ᛒᚢᚱᛠᚢᚳᚱᚪᚳᚣ,424
fabricated,9745876,1,ᚠᚪᛒᚱᛁᚳᚪᛏᛖᛞ,527
reluctance,9739487,1,ᚱᛖᛚᚢᚳᛏᚪᚾᚳᛖ,432
consciously,9723240,1,ᚳᚩᚾᛋᚳᛡᚢᛋᛚᚣ,454
discourses,9712097,1,ᛞᛁᛋᚳᚩᚢᚱᛋᛖᛋ,380
intimately,9711005,1,ᛁᚾᛏᛁᛗᚪᛏᛖᛚᚣ,620
observance,9710388,1,ᚩᛒᛋᛖᚱᚢᚪᚾᚳᛖ,408
misfortune,9701769,1,ᛗᛁᛋᚠᚩᚱᛏᚢᚾᛖ,333
restrained,9681474,1,ᚱᛖᛋᛏᚱᚪᛁᚾᛖᛞ,514
indignation,9679502,1,ᛁᚾᛞᛁᚷᚾᚪᛏᛡᚾ,518
bituminous,9673279,1,ᛒᛁᛏᚢᛗᛁᚾᚩᚢᛋ,348
evangelical,9672204,1,ᛖᚢᚪᛝᛖᛚᛁᚳᚪᛚ,600
impurities,9649286,1,ᛁᛗᛈᚢᚱᛁᛏᛁᛖᛋ,400
intentional,9644062,1,ᛁᚾᛏᛖᚾᛏᛡᚾᚪᛚ,580
turbulence,9631483,1,ᛏᚢᚱᛒᚢᛚᛖᚾᚳᛖ,386
recurrence,9597275,1,ᚱᛖᚳᚢᚱᚱᛖᚾᚳᛖ,292
prominence,9558361,1,ᛈᚱᚩᛗᛁᚾᛖᚾᚳᛖ,368
hutchinson,9526870,1,ᚻᚢᛏᚳᚻᛁᚾᛋᚩᚾ,270
contrasted,9526151,1,ᚳᚩᚾᛏᚱᚪᛋᛏᛖᛞ,484
refinement,9514781,1,ᚱᛖᚠᛁᚾᛖᛗᛖᚾᛏ,433
transporting,9505113,1,ᛏᚱᚪᚾᛋᛈᚩᚱᛏᛝ,448
obtainable,9501532,1,ᚩᛒᛏᚪᛁᚾᚪᛒᛚᛖ,582
recommending,9484178,1,ᚱᛖᚳᚩᛗᛗᛖᚾᛞᛝ,504
corrective,9476191,1,ᚳᚩᚱᚱᛖᚳᛏᛁᚢᛖ,282
accumulate,9473520,1,ᚪᚳᚳᚢᛗᚢᛚᚪᛏᛖ,496
accredited,9467149,1,ᚪᚳᚳᚱᛖᛞᛁᛏᛖᛞ,536
visibility,9467040,1,ᚢᛁᛋᛁᛒᛁᛚᛁᛏᚣ,476
entertaining,9461141,1,ᛖᚾᛏᛖᚱᛏᚪᛁᚾᛝ,528
sacrificed,9452565,1,ᛋᚪᚳᚱᛁᚠᛁᚳᛖᛞ,407
prejudices,9421705,1,ᛈᚱᛖᛂᚢᛞᛁᚳᛖᛋ,414
benevolent,9415884,1,ᛒᛖᚾᛖᚢᚩᛚᛖᚾᛏ,462
replication,9415485,1,ᚱᛖᛈᛚᛁᚳᚪᛏᛡᚾ,530
receivable,9388087,1,ᚱᛖᚳᛖᛁᚢᚪᛒᛚᛖ,490
inhibitors,9346736,1,ᛁᚾᚻᛁᛒᛁᛏᚩᚱᛋ,336
fashionable,9333826,1,ᚠᚪᛋᚻᛡᚾᚪᛒᛚᛖ,609
yourselves,9332187,1,ᚣᚩᚢᚱᛋᛖᛚᚢᛖᛋ,440
medications,9331435,1,ᛗᛖᛞᛁᚳᚪᛏᛡᚾᛋ,616
stipulation,9301703,1,ᛋᛏᛁᛈᚢᛚᚪᛏᛡᚾ,554
profoundly,9275948,1,ᛈᚱᚩᚠᚩᚢᚾᛞᛚᚣ,367
generosity,9275099,1,ᚷᛖᚾᛖᚱᚩᛋᛁᛏᚣ,444
pollutants,9274615,1,ᛈᚩᛚᛚᚢᛏᚪᚾᛏᛋ,496
astonished,9225864,1,ᚪᛋᛏᚩᚾᛁᛋᚻᛖᛞ,508
ministries,9209065,1,ᛗᛁᚾᛁᛋᛏᚱᛁᛖᛋ,436
familiarity,9198810,1,ᚠᚪᛗᛁᛚᛡᚱᛁᛏᚣ,585
optimistic,9175230,1,ᚩᛈᛏᛁᛗᛁᛋᛏᛁᚳ,398
dependents,9134078,1,ᛞᛖᛈᛖᚾᛞᛖᚾᛏᛋ,592
copenhagen,9124532,1,ᚳᚩᛈᛖᚾᚻᚪᚷᛖᚾ,392
referendum,9084136,1,ᚱᛖᚠᛖᚱᛖᚾᛞᚢᛗ,417
antibiotics,9076301,1,ᚪᚾᛏᛁᛒᛡᛏᛁᚳᛋ,540
gloucester,9068396,1,ᚷᛚᚩᚢᚳᛖᛋᛏᛖᚱ,370
enrichment,9037152,1,ᛖᚾᚱᛁᚳᚻᛗᛖᚾᛏ,400
interfaces,8996776,1,ᛁᚾᛏᛖᚱᚠᚪᚳᛖᛋ,429
fitzgerald,8996600,1,ᚠᛁᛏᛋᚷᛖᚱᚪᛚᛞ,499
reversible,8993372,1,ᚱᛖᚢᛖᚱᛋᛁᛒᛚᛖ,444
processors,8948833,1,ᛈᚱᚩᚳᛖᛋᛋᚩᚱᛋ,318
compressor,8931573,1,ᚳᚩᛗᛈᚱᛖᛋᛋᚩᚱ,336
metropolis,8926587,1,ᛗᛖᛏᚱᚩᛈᚩᛚᛁᛋ,422
unilateral,8879454,1,ᚢᚾᛁᛚᚪᛏᛖᚱᚪᛚ,540
supposedly,8860977,1,ᛋᚢᛈᛈᚩᛋᛖᛞᛚᚣ,534
subscriber,8860367,1,ᛋᚢᛒᛋᚳᚱᛁᛒᛖᚱ,364
hydrolysis,8849547,1,ᚻᚣᛞᚱᚩᛚᚣᛋᛁᛋ,546
aggregates,8839040,1,ᚪᚷᚷᚱᛖᚷᚪᛏᛖᛋ,502
rhetorical,8812266,1,ᚱᚻᛖᛏᚩᚱᛁᚳᚪᛚ,392
developers,8808929,1,ᛞᛖᚢᛖᛚᚩᛈᛖᚱᛋ,480
emotionally,8807271,1,ᛖᛗᚩᛏᛡᚾᚪᛚᛚᚣ,686
basketball,8799571,1,ᛒᚪᛋᚳᛖᛏᛒᚪᛚᛚ,654
abstraction,8796703,1,ᚪᛒᛋᛏᚱᚪᚳᛏᛡᚾ,586
attendants,8792737,1,ᚪᛏᛏᛖᚾᛞᚪᚾᛏᛋ,638
prosecuted,8770708,1,ᛈᚱᚩᛋᛖᚳᚢᛏᛖᛞ,412
quarantine,8759973,1,ᚳᚹᚪᚱᚪᚾᛏᛁᚾᛖ,452
shipbuilding,8736676,1,ᛋᚻᛁᛈᛒᚢᛁᛚᛞᛝ,486
warehouses,8732709,1,ᚹᚪᚱᛖᚻᚩᚢᛋᛖᛋ,400
transforming,8719913,1,ᛏᚱᚪᚾᛋᚠᚩᚱᛗᛝ,419
eisenhower,8719209,1,ᛖᛁᛋᛖᚾᚻᚩᚹᛖᚱ,374
deprivation,8708745,1,ᛞᛖᛈᚱᛁᚢᚪᛏᛡᚾ,536
misdemeanor,8697621,1,ᛗᛁᛋᛞᛖᛗᛠᚾᚩᚱ,538
thermometer,8691434,1,ᚦᛖᚱᛗᚩᛗᛖᛏᛖᚱ,436
retardation,8653657,1,ᚱᛖᛏᚪᚱᛞᚪᛏᛡᚾ,626
contiguous,8635061,1,ᚳᚩᚾᛏᛁᚷᚢᚩᚢᛋ,222
dislocation,8613418,1,ᛞᛁᛋᛚᚩᚳᚪᛏᛡᚾ,558
exhaustive,8606614,1,ᛖᛉᚻᚪᚢᛋᛏᛁᚢᛖ,450
regularity,8586784,1,ᚱᛖᚷᚢᛚᚪᚱᛁᛏᚣ,472
penetrated,8520815,1,ᛈᛖᚾᛖᛏᚱᚪᛏᛖᛞ,588
conciliation,8513998,1,ᚳᚩᚾᚳᛁᛚᛡᛏᛡᚾ,468
dysfunction,8510760,1,ᛞᚣᛋᚠᚢᚾᚳᛏᛡᚾ,487
wastewater,8484799,1,ᚹᚪᛋᛏᛖᚹᚪᛏᛖᚱ,548
spacecraft,8477804,1,ᛋᛈᚪᚳᛖᚳᚱᚪᚠᛏ,455
vaccination,8477366,1,ᚢᚪᚳᚳᛁᚾᚪᛏᛡᚾ,478
conjecture,8474335,1,ᚳᚩᚾᛂᛖᚳᛏᚢᚱᛖ,306
aggregation,8457234,1,ᚪᚷᚷᚱᛖᚷᚪᛏᛡᚾ,518
alcoholism,8452723,1,ᚪᛚᚳᚩᚻᚩᛚᛁᛋᛗ,448
exponential,8445637,1,ᛖᛉᛈᚩᚾᛖᚾᛏᛡᛚ,528
unfinished,8425081,1,ᚢᚾᚠᛁᚾᛁᛋᚻᛖᛞ,357
culturally,8413306,1,ᚳᚢᛚᛏᚢᚱᚪᛚᛚᚣ,508
excavations,8401123,1,ᛖᛉᚳᚪᚢᚪᛏᛡᚾᛋ,572
reflective,8400388,1,ᚱᛖᚠᛚᛖᚳᛏᛁᚢᛖ,393
anatomical,8391693,1,ᚪᚾᚪᛏᚩᛗᛁᚳᚪᛚ,574
superseded,8358711,1,ᛋᚢᛈᛖᚱᛋᛖᛞᛖᛞ,542
classrooms,8348491,1,ᚳᛚᚪᛋᛋᚱᚩᚩᛗᛋ,438
duplication,8328642,1,ᛞᚢᛈᛚᛁᚳᚪᛏᛡᚾ,544
bitterness,8323055,1,ᛒᛁᛏᛏᛖᚱᚾᛖᛋᛋ,490
apprentice,8303329,1,ᚪᛈᛈᚱᛖᚾᛏᛁᚳᛖ,460
insistence,8292873,1,ᛁᚾᛋᛁᛋᛏᛖᚾᚳᛖ,432
chemically,8280917,1,ᚳᚻᛖᛗᛁᚳᚪᛚᛚᚣ,564
illustrious,8246207,1,ᛁᛚᛚᚢᛋᛏᚱᛡᚢᛋ,466
landowners,8245614,1,ᛚᚪᚾᛞᚩᚹᚾᛖᚱᛋ,474
harassment,8235139,1,ᚻᚪᚱᚪᛋᛋᛗᛖᚾᛏ,560
inferences,8201335,1,ᛁᚾᚠᛖᚱᛖᚾᚳᛖᛋ,369
endeavoured,8199078,1,ᛖᚾᛞᛠᚢᚩᚢᚱᛖᛞ,474
assurances,8197338,1,ᚪᛋᛋᚢᚱᚪᚾᚳᛖᛋ,476
illuminating,8189687,1,ᛁᛚᛚᚢᛗᛁᚾᚪᛏᛝ,546
solicitors,8184819,1,ᛋᚩᛚᛁᚳᛁᛏᚩᚱᛋ,338
facilitating,8169456,1,ᚠᚪᚳᛁᛚᛁᛏᚪᛏᛝ,541
negatively,8151291,1,ᚾᛖᚷᚪᛏᛁᚢᛖᛚᚣ,546
debentures,8143411,1,ᛞᛖᛒᛖᚾᛏᚢᚱᛖᛋ,506
fraternity,8140866,1,ᚠᚱᚪᛏᛖᚱᚾᛁᛏᚣ,469
improperly,8140348,1,ᛁᛗᛈᚱᚩᛈᛖᚱᛚᚣ,460
freshwater,8134934,1,ᚠᚱᛖᛋᚻᚹᚪᛏᛖᚱ,409
deductible,8119976,1,ᛞᛖᛞᚢᚳᛏᛁᛒᛚᛖ,552
unaffected,8112609,1,ᚢᚾᚪᚠᚠᛖᚳᛏᛖᛞ,428
trajectory,8110674,1,ᛏᚱᚪᛂᛖᚳᛏᚩᚱᚣ,464
germination,8104108,1,ᚷᛖᚱᛗᛁᚾᚪᛏᛡᚾ,518
temperance,8086724,1,ᛏᛖᛗᛈᛖᚱᚪᚾᚳᛖ,524
stochastic,8082918,1,ᛋᛏᚩᚳᚻᚪᛋᛏᛁᚳ,408
observable,8079803,1,ᚩᛒᛋᛖᚱᚢᚪᛒᛚᛖ,500
implicitly,8045309,1,ᛁᛗᛈᛚᛁᚳᛁᛏᛚᚣ,528
attractions,8032554,1,ᚪᛏᛏᚱᚪᚳᛏᛡᚾᛋ,584
discourage,8030622,1,ᛞᛁᛋᚳᚩᚢᚱᚪᚷᛖ,388
kilometers,8006389,1,ᚳᛁᛚᚩᛗᛖᛏᛖᚱᛋ,452
ecosystems,8002025,1,ᛖᚳᚩᛋᚣᛋᛏᛖᛗᛋ,546
dissociation,7990107,1,ᛞᛁᛋᛋᚩᚳᛡᛏᛡᚾ,548
summarizes,7978377,1,ᛋᚢᛗᛗᚪᚱᛁᛋᛖᛋ,510
progressed,7972780,1,ᛈᚱᚩᚷᚱᛖᛋᛋᛖᛞ,418
substrates,7970555,1,ᛋᚢᛒᛋᛏᚱᚪᛏᛖᛋ,516
competitor,7969690,1,ᚳᚩᛗᛈᛖᛏᛁᛏᚩᚱ,368
aggravated,7969298,1,ᚪᚷᚷᚱᚪᚢᚪᛏᛖᛞ,554
translator,7968473,1,ᛏᚱᚪᚾᛋᛚᚪᛏᚩᚱ,496
competency,7947119,1,ᚳᚩᛗᛈᛖᛏᛖᚾᚳᚣ,472
allocations,7944495,1,ᚪᛚᛚᚩᚳᚪᛏᛡᚾᛋ,608
inherently,7941717,1,ᛁᚾᚻᛖᚱᛖᚾᛏᛚᚣ,492
refractory,7935663,1,ᚱᛖᚠᚱᚪᚳᛏᚩᚱᚣ,381
perceptual,7933338,1,ᛈᛖᚱᚳᛖᛈᛏᚢᚪᛚ,476
supposition,7919889,1,ᛋᚢᛈᛈᚩᛋᛁᛏᛡᚾ,428
luxembourg,7907868,1,ᛚᚢᛉᛖᛗᛒᚩᚢᚱᚷ,360
currencies,7901791,1,ᚳᚢᚱᚱᛖᚾᚳᛁᛖᛋ,298
abundantly,7886936,1,ᚪᛒᚢᚾᛞᚪᚾᛏᛚᚣ,640
landscapes,7885255,1,ᛚᚪᚾᛞᛋᚳᚪᛈᛖᛋ,614
improbable,7870170,1,ᛁᛗᛈᚱᚩᛒᚪᛒᛚᛖ,522
reconsider,7853283,1,ᚱᛖᚳᚩᚾᛋᛁᛞᛖᚱ,378
lancashire,7804633,1,ᛚᚪᚾᚳᚪᛋᚻᛁᚱᛖ,494
liberalism,7802071,1,ᛚᛁᛒᛖᚱᚪᛚᛁᛋᛗ,568
ultraviolet,7785222,1,ᚢᛚᛏᚱᚪᚢᛡᛚᛖᛏ,552
articulate,7763032,1,ᚪᚱᛏᛁᚳᚢᛚᚪᛏᛖ,510
divergence,7753416,1,ᛞᛁᚢᛖᚱᚷᛖᚾᚳᛖ,394
credentials,7751955,1,ᚳᚱᛖᛞᛖᚾᛏᛡᛚᛋ,568
depository,7747879,1,ᛞᛖᛈᚩᛋᛁᛏᚩᚱᚣ,470
downstairs,7745821,1,ᛞᚩᚹᚾᛋᛏᚪᛁᚱᛋ,448
geometrical,7727395,1,ᚷᛇᛗᛖᛏᚱᛁᚳᚪᛚ,480
spectators,7714027,1,ᛋᛈᛖᚳᛏᚪᛏᚩᚱᛋ,462
clinically,7710800,1,ᚳᛚᛁᚾᛁᚳᚪᛚᛚᚣ,536
regulators,7693519,1,ᚱᛖᚷᚢᛚᚪᛏᚩᚱᛋ,398
externally,7672799,1,ᛖᛉᛏᛖᚱᚾᚪᛚᛚᚣ,626
unification,7668082,1,ᚢᚾᛁᚠᛁᚳᚪᛏᛡᚾ,401
admittedly,7650426,1,ᚪᛞᛗᛁᛏᛏᛖᛞᛚᚣ,738
indulgence,7650030,1,ᛁᚾᛞᚢᛚᚷᛖᚾᚳᛖ,418
shortcomings,7649544,1,ᛋᚻᚩᚱᛏᚳᚩᛗᛝᛋ,376
engagements,7636839,1,ᛖᛝᚪᚷᛖᛗᛖᚾᛏᛋ,606
chloroform,7629177,1,ᚳᚻᛚᚩᚱᚩᚠᚩᚱᛗ,225
nominations,7598085,1,ᚾᚩᛗᛁᚾᚪᛏᛡᚾᛋ,512
geophysical,7595019,1,ᚷᛇᛈᚻᚣᛋᛁᚳᚪᛚ,494
discontent,7581746,1,ᛞᛁᛋᚳᚩᚾᛏᛖᚾᛏ,436
connective,7561872,1,ᚳᚩᚾᚾᛖᚳᛏᛁᚢᛖ,318
performers,7526742,1,ᛈᛖᚱᚠᚩᚱᛗᛖᚱᛋ,343
expectancy,7523814,1,ᛖᛉᛈᛖᚳᛏᚪᚾᚳᚣ,538
ascertaining,7514143,1,ᚪᛋᚳᛖᚱᛏᚪᛁᚾᛝ,536
seriousness,7506522,1,ᛋᛖᚱᛡᚢᛋᚾᛖᛋᛋ,496
enumeration,7498456,1,ᛖᚾᚢᛗᛖᚱᚪᛏᛡᚾ,540
chronology,7460436,1,ᚳᚻᚱᚩᚾᚩᛚᚩᚷᚣ,290
compliment,7451196,1,ᚳᚩᛗᛈᛚᛁᛗᛖᚾᛏ,464
repentance,7450484,1,ᚱᛖᛈᛖᚾᛏᚪᚾᚳᛖ,482
millennium,7448268,1,ᛗᛁᛚᛚᛖᚾᚾᛁᚢᛗ,478
inoculation,7423682,1,ᛁᚾᚩᚳᚢᛚᚪᛏᛡᚾ,448
interfered,7417369,1,ᛁᚾᛏᛖᚱᚠᛖᚱᛖᛞ,433
horsepower,7416451,1,ᚻᚩᚱᛋᛖᛈᚩᚹᛖᚱ,308
attenuation,7412265,1,ᚪᛏᛏᛖᚾᚢᚪᛏᛡᚾ,606
persuasive,7407502,1,ᛈᛖᚱᛋᚢᚪᛋᛁᚢᛖ,428
pilgrimage,7406432,1,ᛈᛁᛚᚷᚱᛁᛗᚪᚷᛖ,458
eliminates,7396242,1,ᛖᛚᛁᛗᛁᚾᚪᛏᛖᛋ,578
distressed,7378379,1,ᛞᛁᛋᛏᚱᛖᛋᛋᛖᛞ,572
telephones,7328748,1,ᛏᛖᛚᛖᛈᚻᚩᚾᛖᛋ,488
ironically,7323784,1,ᛁᚱᚩᚾᛁᚳᚪᛚᛚᚣ,468
rationality,7318167,1,ᚱᚪᛏᛡᚾᚪᛚᛁᛏᚣ,666
southampton,7310370,1,ᛋᚩᚢᚦᚪᛗᛈᛏᚩᚾ,374
accelerate,7310237,1,ᚪᚳᚳᛖᛚᛖᚱᚪᛏᛖ,564
consortium,7308955,1,ᚳᚩᚾᛋᚩᚱᛏᛁᚢᛗ,284
precedence,7306835,1,ᛈᚱᛖᚳᛖᛞᛖᚾᚳᛖ,466
heightened,7265282,1,ᚻᛖᛁᚷᚻᛏᛖᚾᛖᛞ,472
microfiche,7262950,1,ᛗᛁᚳᚱᚩᚠᛁᚳᚻᛖ,269
directives,7252289,1,ᛞᛁᚱᛖᚳᛏᛁᚢᛖᛋ,424
compounded,7238895,1,ᚳᚩᛗᛈᚩᚢᚾᛞᛖᛞ,418
restitution,7203545,1,ᚱᛖᛋᛏᛁᛏᚢᛏᛡᚾ,478
consolation,7188561,1,ᚳᚩᚾᛋᚩᛚᚪᛏᛡᚾ,474
affidavits,7180667,1,ᚪᚠᚠᛁᛞᚪᚢᛁᛏᛋ,464
normalized,7142925,1,ᚾᚩᚱᛗᚪᛚᛁᛋᛖᛞ,528
synthesized,7142543,1,ᛋᚣᚾᚦᛖᛋᛁᛋᛖᛞ,550
livelihood,7138773,1,ᛚᛁᚢᛖᛚᛁᚻᚩᚩᛞ,404
inaccurate,7122368,1,ᛁᚾᚪᚳᚳᚢᚱᚪᛏᛖ,420
censorship,7122084,1,ᚳᛖᚾᛋᚩᚱᛋᚻᛁᛈ,330
programmed,7109170,1,ᛈᚱᚩᚷᚱᚪᛗᛗᛖᛞ,484
promissory,7104949,1,ᛈᚱᚩᛗᛁᛋᛋᚩᚱᚣ,390
predictive,7083133,1,ᛈᚱᛖᛞᛁᚳᛏᛁᚢᛖ,414
westinghouse,7075653,1,ᚹᛖᛋᛏᛝᚻᚩᚢᛋᛖ,430
expeditions,7073101,1,ᛖᛉᛈᛖᛞᛁᛏᛡᚾᛋ,592
durability,7062071,1,ᛞᚢᚱᚪᛒᛁᛚᛁᛏᚣ,558
evaporated,7056270,1,ᛖᚢᚪᛈᚩᚱᚪᛏᛖᛞ,540
restraints,7034501,1,ᚱᛖᛋᛏᚱᚪᛁᚾᛏᛋ,470
stabilized,7034451,1,ᛋᛏᚪᛒᛁᛚᛁᛋᛖᛞ,614
composites,7022667,1,ᚳᚩᛗᛈᚩᛋᛁᛏᛖᛋ,404
oppressive,6988724,1,ᚩᛈᛈᚱᛖᛋᛋᛁᚢᛖ,378
metallurgy,6981949,1,ᛗᛖᛏᚪᛚᛚᚢᚱᚷᚣ,574
elaborated,6973704,1,ᛖᛚᚪᛒᚩᚱᚪᛏᛖᛞ,628
prejudicial,6963026,1,ᛈᚱᛖᛂᚢᛞᛁᚳᛡᛚ,474
specialties,6952248,1,ᛋᛈᛖᚳᛡᛚᛏᛁᛖᛋ,566
fulfilment,6948794,1,ᚠᚢᛚᚠᛁᛚᛗᛖᚾᛏ,410
oscillation,6940189,1,ᚩᛋᚳᛁᛚᛚᚪᛏᛡᚾ,542
counselors,6922082,1,ᚳᚩᚢᚾᛋᛖᛚᚩᚱᛋ,316
assemblage,6916084,1,ᚪᛋᛋᛖᛗᛒᛚᚪᚷᛖ,656
constructs,6874043,1,ᚳᚩᚾᛋᛏᚱᚢᚳᛏᛋ,300
affirmation,6872373,1,ᚪᚠᚠᛁᚱᛗᚪᛏᛡᚾ,506
randomized,6858259,1,ᚱᚪᚾᛞᚩᛗᛁᛋᛖᛞ,544
enormously,6847668,1,ᛖᚾᚩᚱᛗᚩᚢᛋᛚᚣ,424
subdivided,6830814,1,ᛋᚢᛒᛞᛁᚢᛁᛞᛖᛞ,516
endogenous,6816900,1,ᛖᚾᛞᚩᚷᛖᚾᚩᚢᛋ,368
oscillator,6811628,1,ᚩᛋᚳᛁᛚᛚᚪᛏᚩᚱ,424
directional,6802166,1,ᛞᛁᚱᛖᚳᛏᛡᚾᚪᛚ,576
operatives,6797915,1,ᚩᛈᛖᚱᚪᛏᛁᚢᛖᛋ,438
marvellous,6753335,1,ᛗᚪᚱᚢᛖᛚᛚᚩᚢᛋ,458
residences,6740062,1,ᚱᛖᛋᛁᛞᛖᚾᚳᛖᛋ,480
promotional,6707984,1,ᛈᚱᚩᛗᚩᛏᛡᚾᚪᛚ,504
reconciled,6699522,1,ᚱᛖᚳᚩᚾᚳᛁᛚᛖᛞ,400
flourished,6697430,1,ᚠᛚᚩᚢᚱᛁᛋᚻᛖᛞ,359
perforated,6669481,1,ᛈᛖᚱᚠᚩᚱᚪᛏᛖᛞ,453
intoxicating,6660653,1,ᛁᚾᛏᚩᛉᛁᚳᚪᛏᛝ,452
decorations,6629322,1,ᛞᛖᚳᚩᚱᚪᛏᛡᚾᛋ,532
transistor,6611713,1,ᛏᚱᚪᚾᛋᛁᛋᛏᚩᚱ,410
underwater,6600284,1,ᚢᚾᛞᛖᚱᚹᚪᛏᛖᚱ,452
chronicles,6577955,1,ᚳᚻᚱᚩᚾᛁᚳᛚᛖᛋ,320
extinguished,6569487,1,ᛖᛉᛏᛝᚢᛁᛋᚻᛖᛞ,518
parentheses,6550902,1,ᛈᚪᚱᛖᚾᚦᛖᛋᛖᛋ,492
ultrasound,6547595,1,ᚢᛚᛏᚱᚪᛋᚩᚢᚾᛞ,424
catalogues,6538704,1,ᚳᚪᛏᚪᛚᚩᚷᚢᛖᛋ,486
protracted,6523518,1,ᛈᚱᚩᛏᚱᚪᚳᛏᛖᛞ,456
manifestly,6515199,1,ᛗᚪᚾᛁᚠᛖᛋᛏᛚᚣ,585
transplant,6496900,1,ᛏᚱᚪᚾᛋᛈᛚᚪᚾᛏ,550
inhibitory,6496712,1,ᛁᚾᚻᛁᛒᛁᛏᚩᚱᚣ,386
outpatient,6488063,1,ᚩᚢᛏᛈᚪᛏᛁᛖᚾᛏ,454
insolvency,6469675,1,ᛁᚾᛋᚩᛚᚢᛖᚾᚳᚣ,408
repository,6453588,1,ᚱᛖᛈᚩᛋᛁᛏᚩᚱᚣ,392
elaboration,6450449,1,ᛖᛚᚪᛒᚩᚱᚪᛏᛡᚾ,608
triumphant,6448524,1,ᛏᚱᛁᚢᛗᛈᚻᚪᚾᛏ,426
unsuitable,6429298,1,ᚢᚾᛋᚢᛁᛏᚪᛒᛚᛖ,476
segregated,6427968,1,ᛋᛖᚷᚱᛖᚷᚪᛏᛖᛞ,544
loneliness,6425150,1,ᛚᚩᚾᛖᛚᛁᚾᛖᛋᛋ,482
allotments,6409874,1,ᚪᛚᛚᚩᛏᛗᛖᚾᛏᛋ,588
discounted,6404440,1,ᛞᛁᛋᚳᚩᚢᚾᛏᛖᛞ,440
penicillin,6400318,1,ᛈᛖᚾᛁᚳᛁᛚᛚᛁᚾ,420
molybdenum,6386008,1,ᛗᚩᛚᚣᛒᛞᛖᚾᚢᛗ,574
beforehand,6385321,1,ᛒᛖᚠᚩᚱᛖᚻᚪᚾᛞ,453
miraculous,6374291,1,ᛗᛁᚱᚪᚳᚢᛚᚩᚢᛋ,362
monumental,6361246,1,ᛗᚩᚾᚢᛗᛖᚾᛏᚪᛚ,506
decomposed,6354490,1,ᛞᛖᚳᚩᛗᛈᚩᛋᛖᛞ,506
synonymous,6334573,1,ᛋᚣᚾᚩᚾᚣᛗᚩᚢᛋ,458
distracted,6305128,1,ᛞᛁᛋᛏᚱᚪᚳᛏᛖᛞ,568
affordable,6304362,1,ᚪᚠᚠᚩᚱᛞᚪᛒᛚᛖ,506
heidelberg,6303983,1,ᚻᛖᛁᛞᛖᛚᛒᛖᚱᚷ,506
scholastic,6288706,1,ᛋᚳᚻᚩᛚᚪᛋᛏᛁᚳ,422
homosexual,6282590,1,ᚻᚩᛗᚩᛋᛖᛉᚢᚪᛚ,448
carpenters,6279440,1,ᚳᚪᚱᛈᛖᚾᛏᛖᚱᛋ,450
cleanliness,6266464,1,ᚳᛚᛠᚾᛚᛁᚾᛖᛋᛋ,530
fluctuation,6259482,1,ᚠᛚᚢᚳᛏᚢᚪᛏᛡᚾ,445
hemoglobin,6246776,1,ᚻᛖᛗᚩᚷᛚᚩᛒᛁᚾ,386
proponents,6206121,1,ᛈᚱᚩᛈᚩᚾᛖᚾᛏᛋ,348
referenced,6203200,1,ᚱᛖᚠᛖᚱᛖᚾᚳᛖᛞ,423
auditorium,6194582,1,ᚪᚢᛞᛁᛏᚩᚱᛁᚢᛗ,402
dissipation,6190799,1,ᛞᛁᛋᛋᛁᛈᚪᛏᛡᚾ,592
vernacular,6163499,1,ᚢᛖᚱᚾᚪᚳᚢᛚᚪᚱ,404
cheerfully,6148480,1,ᚳᚻᛖᛖᚱᚠᚢᛚᛚᚣ,435
foodstuffs,6147799,1,ᚠᚩᚩᛞᛋᛏᚢᚠᚠᛋ,277
commandant,6124968,1,ᚳᚩᛗᛗᚪᚾᛞᚪᚾᛏ,562
repetitive,6109269,1,ᚱᛖᛈᛖᛏᛁᛏᛁᚢᛖ,438
receptacle,6090231,1,ᚱᛖᚳᛖᛈᛏᚪᚳᛚᛖ,510
accusations,6082116,1,ᚪᚳᚳᚢᛋᚪᛏᛡᚾᛋ,524
underwriting,6078500,1,ᚢᚾᛞᛖᚱᚹᚱᛁᛏᛝ,398
justifiable,6067973,1,ᛂᚢᛋᛏᛁᚠᛡᛒᛚᛖ,493
precedents,6066905,1,ᛈᚱᛖᚳᛖᛞᛖᚾᛏᛋ,498
monographs,6049551,1,ᛗᚩᚾᚩᚷᚱᚪᛈᚻᛋ,358
implicated,6047395,1,ᛁᛗᛈᛚᛁᚳᚪᛏᛖᛞ,574
northampton,6047110,1,ᚾᚩᚱᚦᚪᛗᛈᛏᚩᚾ,358
obligatory,6035257,1,ᚩᛒᛚᛁᚷᚪᛏᚩᚱᚣ,466
dispatched,6034055,1,ᛞᛁᛋᛈᚪᛏᚳᚻᛖᛞ,564
concentric,6019359,1,ᚳᚩᚾᚳᛖᚾᛏᚱᛁᚳ,272
approbation,6014773,1,ᚪᛈᛈᚱᚩᛒᚪᛏᛡᚾ,554
continents,6013823,1,ᚳᚩᚾᛏᛁᚾᛖᚾᛏᛋ,376
foreground,6010763,1,ᚠᚩᚱᛖᚷᚱᚩᚢᚾᛞ,243
increments,6008465,1,ᛁᚾᚳᚱᛖᛗᛖᚾᛏᛋ,430
terrorists,6001574,1,ᛏᛖᚱᚱᚩᚱᛁᛋᛏᛋ,362
contradict,5966203,1,ᚳᚩᚾᛏᚱᚪᛞᛁᚳᛏ,408
reportedly,5943458,1,ᚱᛖᛈᚩᚱᛏᛖᛞᛚᚣ,530
advertiser,5939131,1,ᚪᛞᚢᛖᚱᛏᛁᛋᛖᚱ,488
ultrasonic,5931529,1,ᚢᛚᛏᚱᚪᛋᚩᚾᛁᚳ,376
embarrassing,5884926,1,ᛖᛗᛒᚪᚱᚱᚪᛋᛋᛝ,600
playground,5875968,1,ᛈᛚᚪᚣᚷᚱᚩᚢᚾᛞ,472
apportioned,5867758,1,ᚪᛈᛈᚩᚱᛏᛡᚾᛖᛞ,552
exportation,5865014,1,ᛖᛉᛈᚩᚱᛏᚪᛏᛡᚾ,526
generously,5857229,1,ᚷᛖᚾᛖᚱᚩᚢᛋᛚᚣ,430
refractive,5847211,1,ᚱᛖᚠᚱᚪᚳᛏᛁᚢᛖ,361
appreciably,5846452,1,ᚪᛈᛈᚱᛖᚳᛡᛒᛚᚣ,618
adaptations,5841606,1,ᚪᛞᚪᛈᛏᚪᛏᛡᚾᛋ,730
trademarks,5838770,1,ᛏᚱᚪᛞᛖᛗᚪᚱᚳᛋ,568
stereotypes,5834366,1,ᛋᛏᛖᚱᛇᛏᚣᛈᛖᛋ,556
dependable,5831499,1,ᛞᛖᛈᛖᚾᛞᚪᛒᛚᛖ,682
inoculated,5818848,1,ᛁᚾᚩᚳᚢᛚᚪᛏᛖᛞ,468
subsurface,5818611,1,ᛋᚢᛒᛋᚢᚱᚠᚪᚳᛖ,363
catholicism,5801890,1,ᚳᚪᚦᚩᛚᛁᚳᛁᛋᛗ,394
phosphoric,5801107,1,ᛈᚻᚩᛋᛈᚻᚩᚱᛁᚳ,254
impatience,5790394,1,ᛁᛗᛈᚪᛏᛁᛖᚾᚳᛖ,508
subsections,5779521,1,ᛋᚢᛒᛋᛖᚳᛏᛡᚾᛋ,498
electorate,5774802,1,ᛖᛚᛖᚳᛏᚩᚱᚪᛏᛖ,520
prospectus,5772835,1,ᛈᚱᚩᛋᛈᛖᚳᛏᚢᛋ,352
stratified,5772760,1,ᛋᛏᚱᚪᛏᛁᚠᛁᛖᛞ,499
colonialism,5770164,1,ᚳᚩᛚᚩᚾᛡᛚᛁᛋᛗ,464
manipulate,5768431,1,ᛗᚪᚾᛁᛈᚢᛚᚪᛏᛖ,570
accelerating,5764799,1,ᚪᚳᚳᛖᛚᛖᚱᚪᛏᛝ,576
utterances,5757433,1,ᚢᛏᛏᛖᚱᚪᚾᚳᛖᛋ,458
kilometres,5751738,1,ᚳᛁᛚᚩᛗᛖᛏᚱᛖᛋ,452
impeachment,5734091,1,ᛁᛗᛈᛠᚳᚻᛗᛖᚾᛏ,516
vegetative,5731522,1,ᚢᛖᚷᛖᛏᚪᛏᛁᚢᛖ,470
confessions,5727582,1,ᚳᚩᚾᚠᛖᛋᛋᛡᚾᛋ,413
franchises,5726508,1,ᚠᚱᚪᚾᚳᚻᛁᛋᛖᛋ,379
degenerate,5722706,1,ᛞᛖᚷᛖᚾᛖᚱᚪᛏᛖ,570
inadequacy,5718488,1,ᛁᚾᚪᛞᛖᚳᚹᚪᚳᚣ,558
harrisburg,5716720,1,ᚻᚪᚱᚱᛁᛋᛒᚢᚱᚷ,318
strawberry,5714669,1,ᛋᛏᚱᚪᚹᛒᛖᚱᚱᚣ,492
fascination,5709080,1,ᚠᚪᛋᚳᛁᚾᚪᛏᛡᚾ,517
depositions,5708685,1,ᛞᛖᛈᚩᛋᛁᛏᛡᚾᛋ,538
prejudiced,5688736,1,ᛈᚱᛖᛂᚢᛞᛁᚳᛖᛞ,450
industrious,5685206,1,ᛁᚾᛞᚢᛋᛏᚱᛡᚢᛋ,438
transports,5681494,1,ᛏᚱᚪᚾᛋᛈᚩᚱᛏᛋ,422
coagulation,5674664,1,ᚳᚩᚪᚷᚢᛚᚪᛏᛡᚾ,502
typewriter,5647844,1,ᛏᚣᛈᛖᚹᚱᛁᛏᛖᚱ,470
adjectives,5633819,1,ᚪᛞᛂᛖᚳᛏᛁᚢᛖᛋ,516
naturalist,5630284,1,ᚾᚪᛏᚢᚱᚪᛚᛁᛋᛏ,512
descendant,5629846,1,ᛞᛖᛋᚳᛖᚾᛞᚪᚾᛏ,592
respectful,5621980,1,ᚱᛖᛋᛈᛖᚳᛏᚠᚢᛚ,391
calibrated,5621823,1,ᚳᚪᛚᛁᛒᚱᚪᛏᛖᛞ,598
incredibly,5609180,1,ᛁᚾᚳᚱᛖᛞᛁᛒᛚᚣ,508
incapacity,5602611,1,ᛁᚾᚳᚪᛈᚪᚳᛁᛏᚣ,516
postulated,5602219,1,ᛈᚩᛋᛏᚢᛚᚪᛏᛖᛞ,550
submarines,5594174,1,ᛋᚢᛒᛗᚪᚱᛁᚾᛖᛋ,476
lubrication,5580501,1,ᛚᚢᛒᚱᛁᚳᚪᛏᛡᚾ,484
punishable,5572582,1,ᛈᚢᚾᛁᛋᚻᚪᛒᛚᛖ,480
volatility,5571637,1,ᚢᚩᛚᚪᛏᛁᛚᛁᛏᚣ,536
undermined,5561594,1,ᚢᚾᛞᛖᚱᛗᛁᚾᛖᛞ,486
microphone,5561019,1,ᛗᛁᚳᚱᚩᛈᚻᚩᚾᛖ,302
antecedent,5536112,1,ᚪᚾᛏᛖᚳᛖᛞᛖᚾᛏ,576
versailles,5531943,1,ᚢᛖᚱᛋᚪᛁᛚᛚᛖᛋ,528
bourgeoisie,5530916,1,ᛒᚩᚢᚱᚷᛇᛁᛋᛁᛖ,322
interviewing,5526958,1,ᛁᚾᛏᛖᚱᚢᛁᛖᚹᛝ,396
appendices,5521034,1,ᚪᛈᛈᛖᚾᛞᛁᚳᛖᛋ,532
submissions,5514206,1,ᛋᚢᛒᛗᛁᛋᛋᛡᚾᛋ,514
tournament,5513677,1,ᛏᚩᚢᚱᚾᚪᛗᛖᚾᛏ,432
biographies,5507416,1,ᛒᛡᚷᚱᚪᛈᚻᛁᛖᛋ,510
subsidized,5502771,1,ᛋᚢᛒᛋᛁᛞᛁᛋᛖᛞ,530
erroneously,5498327,1,ᛖᚱᚱᚩᚾᛇᚢᛋᛚᚣ,398
appalachian,5496156,1,ᚪᛈᛈᚪᛚᚪᚳᚻᛡᚾ,622
fascinated,5479983,1,ᚠᚪᛋᚳᛁᚾᚪᛏᛖᛞ,537
propensity,5454164,1,ᛈᚱᚩᛈᛖᚾᛋᛁᛏᚣ,446
disposable,5438991,1,ᛞᛁᛋᛈᚩᛋᚪᛒᛚᛖ,574
incarnation,5425508,1,ᛁᚾᚳᚪᚱᚾᚪᛏᛡᚾ,502
detectable,5424111,1,ᛞᛖᛏᛖᚳᛏᚪᛒᛚᛖ,652
frameworks,5412847,1,ᚠᚱᚪᛗᛖᚹᚩᚱᚳᛋ,351
convulsions,5409799,1,ᚳᚩᚾᚢᚢᛚᛋᛡᚾᛋ,370
behavioural,5391292,1,ᛒᛖᚻᚪᚢᛡᚢᚱᚪᛚ,542
profitably,5379011,1,ᛈᚱᚩᚠᛁᛏᚪᛒᛚᚣ,487
eradication,5367829,1,ᛖᚱᚪᛞᛁᚳᚪᛏᛡᚾ,600
sandstones,5357068,1,ᛋᚪᚾᛞᛋᛏᚩᚾᛖᛋ,536
patriarchal,5345883,1,ᛈᚪᛏᚱᛡᚱᚳᚻᚪᛚ,534
predicated,5339891,1,ᛈᚱᛖᛞᛁᚳᚪᛏᛖᛞ,566
embankment,5332684,1,ᛖᛗᛒᚪᚾᚳᛗᛖᚾᛏ,564
breakthrough,5320741,1,ᛒᚱᛠᚳᚦᚱᚩᚢᚷᚻ,260
antagonism,5320471,1,ᚪᚾᛏᚪᚷᚩᚾᛁᛋᛗ,490
wickedness,5318679,1,ᚹᛁᚳᚳᛖᛞᚾᛖᛋᛋ,434
terminates,5297779,1,ᛏᛖᚱᛗᛁᚾᚪᛏᛖᛋ,544
asymptotic,5287495,1,ᚪᛋᚣᛗᛈᛏᚩᛏᛁᚳ,536
worshipped,5274862,1,ᚹᚩᚱᛋᚻᛁᛈᛈᛖᛞ,386
asymmetric,5270700,1,ᚪᛋᚣᛗᛗᛖᛏᚱᛁᚳ,576
unrealistic,5262763,1,ᚢᚾᚱᛠᛚᛁᛋᛏᛁᚳ,412
transforms,5260063,1,ᛏᚱᚪᚾᛋᚠᚩᚱᛗᛋ,393
repertoire,5255136,1,ᚱᛖᛈᛖᚱᛏᚩᛁᚱᛖ,374
interposed,5245306,1,ᛁᚾᛏᛖᚱᛈᚩᛋᛖᛞ,456
requisition,5239335,1,ᚱᛖᚳᚹᛁᛋᛁᛏᛡᚾ,420
girlfriend,5236272,1,ᚷᛁᚱᛚᚠᚱᛁᛖᚾᛞ,361
inquisition,5211963,1,ᛁᚾᚳᚹᛁᛋᛁᛏᛡᚾ,402
correlates,5199360,1,ᚳᚩᚱᚱᛖᛚᚪᛏᛖᛋ,458
enforceable,5193692,1,ᛖᚾᚠᚩᚱᚳᛠᛒᛚᛖ,439
confounded,5186987,1,ᚳᚩᚾᚠᚩᚢᚾᛞᛖᛞ,335
embodiment,5179957,1,ᛖᛗᛒᚩᛞᛁᛗᛖᚾᛏ,552
monopolies,5177776,1,ᛗᚩᚾᚩᛈᚩᛚᛁᛖᛋ,388
insecurity,5177268,1,ᛁᚾᛋᛖᚳᚢᚱᛁᛏᚣ,400
quaternary,5166621,1,ᚳᚹᚪᛏᛖᚱᚾᚪᚱᚣ,506
unlawfully,5141551,1,ᚢᚾᛚᚪᚹᚠᚢᛚᛚᚣ,475
meteorology,5116763,1,ᛗᛖᛏᛇᚱᚩᛚᚩᚷᚣ,456
revelations,5116286,1,ᚱᛖᚢᛖᛚᚪᛏᛡᚾᛋ,566
broadcasts,5113866,1,ᛒᚱᚩᚪᛞᚳᚪᛋᛏᛋ,540
entomology,5111616,1,ᛖᚾᛏᚩᛗᚩᛚᚩᚷᚣ,440
trustworthy,5108310,1,ᛏᚱᚢᛋᛏᚹᚩᚱᚦᚣ,330
distortions,5106030,1,ᛞᛁᛋᛏᚩᚱᛏᛡᚾᛋ,498
depressions,5101604,1,ᛞᛖᛈᚱᛖᛋᛋᛡᚾᛋ,572
delegations,5097262,1,ᛞᛖᛚᛖᚷᚪᛏᛡᚾᛋ,658
fragmented,5077897,1,ᚠᚱᚪᚷᛗᛖᚾᛏᛖᛞ,509
materialism,5073768,1,ᛗᚪᛏᛖᚱᛡᛚᛁᛋᛗ,640
progresses,5061436,1,ᛈᚱᚩᚷᚱᛖᛋᛋᛖᛋ,382
contextual,5060311,1,ᚳᚩᚾᛏᛖᛉᛏᚢᚪᛚ,454
expediency,5053161,1,ᛖᛉᛈᛖᛞᛁᛖᚾᚳᚣ,556
pretensions,5038797,1,ᛈᚱᛖᛏᛖᚾᛋᛡᚾᛋ,518
powerfully,5030249,1,ᛈᚩᚹᛖᚱᚠᚢᛚᛚᚣ,401
abbreviated,5030104,1,ᚪᛒᛒᚱᛖᚢᛡᛏᛖᛞ,622
limestones,5025946,1,ᛚᛁᛗᛖᛋᛏᚩᚾᛖᛋ,510
specialised,5020417,1,ᛋᛈᛖᚳᛡᛚᛁᛋᛖᛞ,596
bartholomew,5003204,1,ᛒᚪᚱᚦᚩᛚᚩᛗᛖᚹ,418
zoological,4993184,1,ᛋᚩᚩᛚᚩᚷᛁᚳᚪᛚ,378
concealment,4984953,1,ᚳᚩᚾᚳᛠᛚᛗᛖᚾᛏ,470
stephenson,4981473,1,ᛋᛏᛖᛈᚻᛖᚾᛋᚩᚾ,430
intervened,4978600,1,ᛁᚾᛏᛖᚱᚢᛖᚾᛖᛞ,452
diminishes,4978171,1,ᛞᛁᛗᛁᚾᛁᛋᚻᛖᛋ,478
impersonal,4977373,1,ᛁᛗᛈᛖᚱᛋᚩᚾᚪᛚ,482
invitations,4976647,1,ᛁᚾᚢᛁᛏᚪᛏᛡᚾᛋ,498
peculiarity,4971098,1,ᛈᛖᚳᚢᛚᛡᚱᛁᛏᚣ,510
withdrawals,4967900,1,ᚹᛁᚦᛞᚱᚪᚹᚪᛚᛋ,494
aggregated,4957362,1,ᚪᚷᚷᚱᛖᚷᚪᛏᛖᛞ,538
amplitudes,4950283,1,ᚪᛗᛈᛚᛁᛏᚢᛞᛖᛋ,586
stimulates,4947516,1,ᛋᛏᛁᛗᚢᛚᚪᛏᛖᛋ,566
transducer,4943033,1,ᛏᚱᚪᚾᛋᛞᚢᚳᛖᚱ,432
proletariat,4934092,1,ᛈᚱᚩᛚᛖᛏᚪᚱᛡᛏ,534
propagated,4932664,1,ᛈᚱᚩᛈᚪᚷᚪᛏᛖᛞ,530
elliptical,4927534,1,ᛖᛚᛚᛁᛈᛏᛁᚳᚪᛚ,560
witchcraft,4926207,1,ᚹᛁᛏᚳᚻᚳᚱᚪᚠᛏ,327
motivations,4919656,1,ᛗᚩᛏᛁᚢᚪᛏᛡᚾᛋ,516
reiterated,4917159,1,ᚱᛖᛁᛏᛖᚱᚪᛏᛖᛞ,558
sculptures,4914730,1,ᛋᚳᚢᛚᛈᛏᚢᚱᛖᛋ,378
infrequent,4908859,1,ᛁᚾᚠᚱᛖᚳᚹᛖᚾᛏ,327
liquidated,4888437,1,ᛚᛁᚳᚹᛁᛞᚪᛏᛖᛞ,568
toxicology,4886432,1,ᛏᚩᛉᛁᚳᚩᛚᚩᚷᚣ,364
parametric,4886391,1,ᛈᚪᚱᚪᛗᛖᛏᚱᛁᚳ,500
anticipating,4882466,1,ᚪᚾᛏᛁᚳᛁᛈᚪᛏᛝ,538
elizabethan,4880844,1,ᛖᛚᛁᛋᚪᛒᛖᚦᚪᚾ,580
emphasised,4877124,1,ᛖᛗᛈᚻᚪᛋᛁᛋᛖᛞ,594
undisputed,4873173,1,ᚢᚾᛞᛁᛋᛈᚢᛏᛖᛞ,466
dissimilar,4869007,1,ᛞᛁᛋᛋᛁᛗᛁᛚᚪᚱ,540
housekeeping,4866379,1,ᚻᚩᚢᛋᛖᚳᛖᛖᛈᛝ,422
accumulating,4865786,1,ᚪᚳᚳᚢᛗᚢᛚᚪᛏᛝ,508
preoccupied,4864800,1,ᛈᚱᛇᚳᚳᚢᛈᛁᛖᛞ,354
phenomenal,4862353,1,ᛈᚻᛖᚾᚩᛗᛖᚾᚪᛚ,506
relativity,4859246,1,ᚱᛖᛚᚪᛏᛁᚢᛁᛏᚣ,534
imperialist,4858223,1,ᛁᛗᛈᛖᚱᛡᛚᛁᛋᛏ,546
generality,4856082,1,ᚷᛖᚾᛖᚱᚪᛚᛁᛏᚣ,554
greenville,4855113,1,ᚷᚱᛖᛖᚾᚢᛁᛚᛚᛖ,438
inducement,4847457,1,ᛁᚾᛞᚢᚳᛖᛗᛖᚾᛏ,458
spectacles,4846979,1,ᛋᛈᛖᚳᛏᚪᚳᛚᛖᛋ,538
undertakes,4825540,1,ᚢᚾᛞᛖᚱᛏᚪᚳᛖᛋ,488
tablespoon,4824584,1,ᛏᚪᛒᛚᛖᛋᛈᚩᚩᚾ,496
gratefully,4824484,1,ᚷᚱᚪᛏᛖᚠᚢᛚᛚᚣ,505
existential,4812325,1,ᛖᛉᛁᛋᛏᛖᚾᛏᛡᛚ,592
organizers,4805031,1,ᚩᚱᚷᚪᚾᛁᛋᛖᚱᛋ,376
antagonist,4801068,1,ᚪᚾᛏᚪᚷᚩᚾᛁᛋᛏ,478
uniqueness,4797571,1,ᚢᚾᛁᚳᚹᛖᚾᛖᛋᛋ,364
posteriorly,4792689,1,ᛈᚩᛋᛏᛖᚱᛡᚱᛚᚣ,534
corrugated,4783317,1,ᚳᚩᚱᚱᚢᚷᚪᛏᛖᛞ,374
redundancy,4780244,1,ᚱᛖᛞᚢᚾᛞᚪᚾᚳᚣ,530
magnitudes,4767016,1,ᛗᚪᚷᚾᛁᛏᚢᛞᛖᛋ,516
bewildered,4758119,1,ᛒᛖᚹᛁᛚᛞᛖᚱᛖᛞ,574
protections,4755147,1,ᛈᚱᚩᛏᛖᚳᛏᛡᚾᛋ,448
depositors,4750883,1,ᛞᛖᛈᚩᛋᛁᛏᚩᚱᛋ,420
ostensibly,4748236,1,ᚩᛋᛏᛖᚾᛋᛁᛒᛚᚣ,536
disordered,4746485,1,ᛞᛁᛋᚩᚱᛞᛖᚱᛖᛞ,514
multiplier,4745285,1,ᛗᚢᛚᛏᛁᛈᛚᛁᛖᚱ,462
illiterate,4737159,1,ᛁᛚᛚᛁᛏᛖᚱᚪᛏᛖ,568
endowments,4728876,1,ᛖᚾᛞᚩᚹᛗᛖᚾᛏᛋ,490
deportation,4725564,1,ᛞᛖᛈᚩᚱᛏᚪᛏᛡᚾ,568
tolerances,4713604,1,ᛏᚩᛚᛖᚱᚪᚾᚳᛖᛋ,476
phosphates,4712427,1,ᛈᚻᚩᛋᛈᚻᚪᛏᛖᛋ,468
meritorious,4709169,1,ᛗᛖᚱᛁᛏᚩᚱᛡᚢᛋ,420
vibrational,4705516,1,ᚢᛁᛒᚱᚪᛏᛡᚾᚪᛚ,568
transfusion,4705071,1,ᛏᚱᚪᚾᛋᚠᚢᛋᛡᚾ,443
counteract,4697997,1,ᚳᚩᚢᚾᛏᛖᚱᚪᚳᛏ,358
perpetuate,4690264,1,ᛈᛖᚱᛈᛖᛏᚢᚪᛏᛖ,516
diligently,4686119,1,ᛞᛁᛚᛁᚷᛖᚾᛏᛚᚣ,572
reorganized,4684785,1,ᚱᛇᚱᚷᚪᚾᛁᛋᛖᛞ,446
departures,4671031,1,ᛞᛖᛈᚪᚱᛏᚢᚱᛖᛋ,500
serviceable,4665638,1,ᛋᛖᚱᚢᛁᚳᛠᛒᛚᛖ,488
utilisation,4652104,1,ᚢᛏᛁᛚᛁᛋᚪᛏᛡᚾ,542
motorcycle,4651822,1,ᛗᚩᛏᚩᚱᚳᚣᚳᛚᛖ,424
depressive,4646713,1,ᛞᛖᛈᚱᛖᛋᛋᛁᚢᛖ,484
marketable,4645603,1,ᛗᚪᚱᚳᛖᛏᚪᛒᛚᛖ,616
ornamented,4641148,1,ᚩᚱᚾᚪᛗᛖᚾᛏᛖᛞ,526
intrastate,4628728,1,ᛁᚾᛏᚱᚪᛋᛏᚪᛏᛖ,562
foreseeable,4626679,1,ᚠᚩᚱᛖᛋᛖᛠᛒᛚᛖ,517
distraction,4614920,1,ᛞᛁᛋᛏᚱᚪᚳᛏᛡᚾ,548
contentions,4608921,1,ᚳᚩᚾᛏᛖᚾᛏᛡᚾᛋ,452
mozambique,4606705,1,ᛗᚩᛋᚪᛗᛒᛁᚳᚹᛖ,490
amplifiers,4594532,1,ᚪᛗᛈᛚᛁᚠᛁᛖᚱᛋ,479
temptations,4591956,1,ᛏᛖᛗᛈᛏᚪᛏᛡᚾᛋ,644
subversive,4590677,1,ᛋᚢᛒᚢᛖᚱᛋᛁᚢᛖ,352
dehydration,4586718,1,ᛞᛖᚻᚣᛞᚱᚪᛏᛡᚾ,674
compensating,4580402,1,ᚳᚩᛗᛈᛖᚾᛋᚪᛏᛝ,518
dissipated,4578852,1,ᛞᛁᛋᛋᛁᛈᚪᛏᛖᛞ,612
madagascar,4572859,1,ᛗᚪᛞᚪᚷᚪᛋᚳᚪᚱ,642
retrospect,4562721,1,ᚱᛖᛏᚱᚩᛋᛈᛖᚳᛏ,390
unresolved,4559203,1,ᚢᚾᚱᛖᛋᚩᛚᚢᛖᛞ,402
intestines,4555403,1,ᛁᚾᛏᛖᛋᛏᛁᚾᛖᛋ,478
counsellor,4554963,1,ᚳᚩᚢᚾᛋᛖᛚᛚᚩᚱ,336
habitually,4539704,1,ᚻᚪᛒᛁᛏᚢᚪᛚᛚᚣ,620
disruptive,4534219,1,ᛞᛁᛋᚱᚢᛈᛏᛁᚢᛖ,390
precursors,4527307,1,ᛈᚱᛖᚳᚢᚱᛋᚩᚱᛋ,272
reimbursed,4522794,1,ᚱᛖᛁᛗᛒᚢᚱᛋᛖᛞ,464
suspensions,4515700,1,ᛋᚢᛋᛈᛖᚾᛋᛡᚾᛋ,490
persecuted,4498997,1,ᛈᛖᚱᛋᛖᚳᚢᛏᛖᛞ,472
tomography,4491726,1,ᛏᚩᛗᚩᚷᚱᚪᛈᚻᚣ,438
furtherance,4488892,1,ᚠᚢᚱᚦᛖᚱᚪᚾᚳᛖ,305
translates,4476717,1,ᛏᚱᚪᚾᛋᛚᚪᛏᛖᛋ,598
transferee,4473903,1,ᛏᚱᚪᚾᛋᚠᛖᚱᛖᛖ,463
refineries,4463173,1,ᚱᛖᚠᛁᚾᛖᚱᛁᛖᛋ,369
attribution,4456876,1,ᚪᛏᛏᚱᛁᛒᚢᛏᛡᚾ,516
volumetric,4438200,1,ᚢᚩᛚᚢᛗᛖᛏᚱᛁᚳ,338
sovereigns,4434791,1,ᛋᚩᚢᛖᚱᛖᛁᚷᚾᛋ,338
attainable,4432357,1,ᚪᛏᛏᚪᛁᚾᚪᛒᛚᛖ,670
rheumatism,4429607,1,ᚱᚻᛖᚢᛗᚪᛏᛁᛋᛗ,486
resilience,4429540,1,ᚱᛖᛋᛁᛚᛁᛖᚾᚳᛖ,442
injunctions,4429489,1,ᛁᚾᛂᚢᚾᚳᛏᛡᚾᛋ,390
punctuation,4428840,1,ᛈᚢᚾᚳᛏᚢᚪᛏᛡᚾ,442
desperation,4428555,1,ᛞᛖᛋᛈᛖᚱᚪᛏᛡᚾ,622
treacherous,4428457,1,ᛏᚱᛠᚳᚻᛖᚱᚩᚢᛋ,356
despatched,4427411,1,ᛞᛖᛋᛈᚪᛏᚳᚻᛖᛞ,600
discouraging,4419988,1,ᛞᛁᛋᚳᚩᚢᚱᚪᚷᛝ,400
displeasure,4419165,1,ᛞᛁᛋᛈᛚᛠᛋᚢᚱᛖ,532
enactments,4404180,1,ᛖᚾᚪᚳᛏᛗᛖᚾᛏᛋ,544
plasticity,4388805,1,ᛈᛚᚪᛋᛏᛁᚳᛁᛏᚣ,562
ubiquitous,4383399,1,ᚢᛒᛁᚳᚹᛁᛏᚩᚢᛋ,280
conversions,4383063,1,ᚳᚩᚾᚢᛖᚱᛋᛡᚾᛋ,372
inferiority,4380482,1,ᛁᚾᚠᛖᚱᛡᚱᛁᛏᚣ,451
bridgeport,4374064,1,ᛒᚱᛁᛞᚷᛖᛈᚩᚱᛏ,396
informants,4369641,1,ᛁᚾᚠᚩᚱᛗᚪᚾᛏᛋ,389
constables,4369636,1,ᚳᚩᚾᛋᛏᚪᛒᛚᛖᛋ,512
viewpoints,4367820,1,ᚢᛁᛖᚹᛈᚩᛁᚾᛏᛋ,342
discursive,4362360,1,ᛞᛁᛋᚳᚢᚱᛋᛁᚢᛖ,354
aerodynamic,4357399,1,ᚫᚱᚩᛞᚣᚾᚪᛗᛁᚳ,552
thicknesses,4356348,1,ᚦᛁᚳᚳᚾᛖᛋᛋᛖᛋ,384
registrant,4353139,1,ᚱᛖᚷᛁᛋᛏᚱᚪᚾᛏ,434
biosynthesis,4351820,1,ᛒᛡᛋᚣᚾᚦᛖᛋᛁᛋ,562
demolished,4340602,1,ᛞᛖᛗᚩᛚᛁᛋᚻᛖᛞ,570
assortment,4331900,1,ᚪᛋᛋᚩᚱᛏᛗᛖᚾᛏ,506
subsidence,4331411,1,ᛋᚢᛒᛋᛁᛞᛖᚾᚳᛖ,466
infestation,4330396,1,ᛁᚾᚠᛖᛋᛏᚪᛏᛡᚾ,533
dangerously,4325275,1,ᛞᚪᛝᛖᚱᚩᚢᛋᛚᚣ,582
enclosures,4313929,1,ᛖᚾᚳᛚᚩᛋᚢᚱᛖᛋ,376
enterprising,4293493,1,ᛖᚾᛏᛖᚱᛈᚱᛁᛋᛝ,450
encompassing,4292994,1,ᛖᚾᚳᚩᛗᛈᚪᛋᛋᛝ,512
postmodern,4290658,1,ᛈᚩᛋᛏᛗᚩᛞᛖᚱᚾ,436
originates,4288898,1,ᚩᚱᛁᚷᛁᚾᚪᛏᛖᛋ,402
supersonic,4280064,1,ᛋᚢᛈᛖᚱᛋᚩᚾᛁᚳ,310
obstetrics,4271683,1,ᚩᛒᛋᛏᛖᛏᚱᛁᚳᛋ,414
hysterical,4263843,1,ᚻᚣᛋᛏᛖᚱᛁᚳᚪᛚ,530
indistinct,4262861,1,ᛁᚾᛞᛁᛋᛏᛁᚾᚳᛏ,424
skepticism,4261939,1,ᛋᚳᛖᛈᛏᛁᚳᛁᛋᛗ,434
parliaments,4261771,1,ᛈᚪᚱᛚᛡᛗᛖᚾᛏᛋ,610
permanence,4258965,1,ᛈᛖᚱᛗᚪᚾᛖᚾᚳᛖ,494
mineralogy,4241691,1,ᛗᛁᚾᛖᚱᚪᛚᚩᚷᚣ,506
liturgical,4240373,1,ᛚᛁᛏᚢᚱᚷᛁᚳᚪᛚ,408
ineligible,4221434,1,ᛁᚾᛖᛚᛁᚷᛁᛒᛚᛖ,480
criticised,4219221,1,ᚳᚱᛁᛏᛁᚳᛁᛋᛖᛞ,398
reinstated,4218500,1,ᚱᛖᛁᚾᛋᛏᚪᛏᛖᛞ,562
sandwiches,4214237,1,ᛋᚪᚾᛞᚹᛁᚳᚻᛖᛋ,474
commissary,4197580,1,ᚳᚩᛗᛗᛁᛋᛋᚪᚱᚣ,510
disorderly,4197181,1,ᛞᛁᛋᚩᚱᛞᛖᚱᛚᚣ,534
scriptural,4192385,1,ᛋᚳᚱᛁᛈᛏᚢᚱᚪᛚ,394
mclaughlin,4188319,1,ᛗᚳᛚᚪᚢᚷᚻᛚᛁᚾ,430
entrenched,4188288,1,ᛖᚾᛏᚱᛖᚾᚳᚻᛖᛞ,454
herbicides,4186946,1,ᚻᛖᚱᛒᛁᚳᛁᛞᛖᛋ,446
creditable,4185723,1,ᚳᚱᛖᛞᛁᛏᚪᛒᛚᛖ,568
abstracted,4181969,1,ᚪᛒᛋᛏᚱᚪᚳᛏᛖᛞ,606
voluminous,4181366,1,ᚢᚩᛚᚢᛗᛁᚾᚩᚢᛋ,280
extradition,4181058,1,ᛖᛉᛏᚱᚪᛞᛁᛏᛡᚾ,596
perforation,4176568,1,ᛈᛖᚱᚠᚩᚱᚪᛏᛡᚾ,433
favourably,4168279,1,ᚠᚪᚢᚩᚢᚱᚪᛒᛚᚣ,457
enlistment,4166069,1,ᛖᚾᛚᛁᛋᛏᛗᛖᚾᛏ,538
utilitarian,4155964,1,ᚢᛏᛁᛚᛁᛏᚪᚱᛡᚾ,500
hopelessly,4151414,1,ᚻᚩᛈᛖᛚᛖᛋᛋᛚᚣ,562
galvanized,4145480,1,ᚷᚪᛚᚢᚪᚾᛁᛋᛖᛞ,556
prestigious,4140207,1,ᛈᚱᛖᛋᛏᛁᚷᛡᚢᛋ,444
logarithmic,4138797,1,ᛚᚩᚷᚪᚱᛁᚦᛗᛁᚳ,356
unexpended,4137706,1,ᚢᚾᛖᛉᛈᛖᚾᛞᛖᛞ,530
cemeteries,4133993,1,ᚳᛖᛗᛖᛏᛖᚱᛁᛖᛋ,506
projectile,4133981,1,ᛈᚱᚩᛂᛖᚳᛏᛁᛚᛖ,408
prescribes,4128178,1,ᛈᚱᛖᛋᚳᚱᛁᛒᛖᛋ,410
provocation,4127554,1,ᛈᚱᚩᚢᚩᚳᚪᛏᛡᚾ,376
auxiliaries,4123346,1,ᚪᚢᛉᛁᛚᛡᚱᛁᛖᛋ,520
dispensary,4120486,1,ᛞᛁᛋᛈᛖᚾᛋᚪᚱᚣ,576
obstructed,4112115,1,ᚩᛒᛋᛏᚱᚢᚳᛏᛖᛞ,422
antarctica,4100904,1,ᚪᚾᛏᚪᚱᚳᛏᛁᚳᚪ,506
earnestness,4090352,1,ᛠᚱᚾᛖᛋᛏᚾᛖᛋᛋ,530
physiologic,4089210,1,ᛈᚻᚣᛋᛡᛚᚩᚷᛁᚳ,470
separations,4087679,1,ᛋᛖᛈᚪᚱᚪᛏᛡᚾᛋ,616
pharmacist,4082880,1,ᛈᚻᚪᚱᛗᚪᚳᛁᛋᛏ,498
tabernacle,4079397,1,ᛏᚪᛒᛖᚱᚾᚪᚳᛚᛖ,574
prophecies,4078603,1,ᛈᚱᚩᛈᚻᛖᚳᛁᛖᛋ,358
sacraments,4067165,1,ᛋᚪᚳᚱᚪᛗᛖᚾᛏᛋ,550
programmer,4067026,1,ᛈᚱᚩᚷᚱᚪᛗᛗᛖᚱ,406
cytochrome,4064700,1,ᚳᚣᛏᚩᚳᚻᚱᚩᛗᛖ,374
rendezvous,4061771,1,ᚱᛖᚾᛞᛖᛋᚢᚩᚢᛋ,382
anisotropy,4049311,1,ᚪᚾᛁᛋᚩᛏᚱᚩᛈᚣ,440
turpentine,4044322,1,ᛏᚢᚱᛈᛖᚾᛏᛁᚾᛖ,398
congressmen,4039712,1,ᚳᚩᛝᚱᛖᛋᛋᛗᛖᚾ,450
deterrence,4037620,1,ᛞᛖᛏᛖᚱᚱᛖᚾᚳᛖ,480
inhabitant,4031430,1,ᛁᚾᚻᚪᛒᛁᛏᚪᚾᛏ,516
subtraction,4027737,1,ᛋᚢᛒᛏᚱᚪᚳᛏᛡᚾ,492
vanderbilt,4022348,1,ᚢᚪᚾᛞᛖᚱᛒᛁᛚᛏ,520
surmounted,4021988,1,ᛋᚢᚱᛗᚩᚢᚾᛏᛖᛞ,392
lubricants,4021412,1,ᛚᚢᛒᚱᛁᚳᚪᚾᛏᛋ,430
cottonseed,4020185,1,ᚳᚩᛏᛏᚩᚾᛋᛖᛖᛞ,450
annotations,4011721,1,ᚪᚾᚾᚩᛏᚪᛏᛡᚾᛋ,566
ventilated,4007918,1,ᚢᛖᚾᛏᛁᛚᚪᛏᛖᛞ,574
abstinence,4006275,1,ᚪᛒᛋᛏᛁᚾᛖᚾᚳᛖ,506
monotonous,4004456,1,ᛗᚩᚾᚩᛏᚩᚾᚩᚢᛋ,272
unforeseen,3996980,1,ᚢᚾᚠᚩᚱᛖᛋᛖᛖᚾ,335
aborigines,3994555,1,ᚪᛒᚩᚱᛁᚷᛁᚾᛖᛋ,404
khrushchev,3991139,1,ᚳᚻᚱᚢᛋᚻᚳᚻᛖᚢ,232
affinities,3987206,1,ᚪᚠᚠᛁᚾᛁᛏᛁᛖᛋ,402
waterworks,3985834,1,ᚹᚪᛏᛖᚱᚹᚩᚱᚳᛋ,356
sensational,3982822,1,ᛋᛖᚾᛋᚪᛏᛡᚾᚪᛚ,664
dialectical,3980471,1,ᛞᛡᛚᛖᚳᛏᛁᚳᚪᛚ,622
legislator,3979902,1,ᛚᛖᚷᛁᛋᛚᚪᛏᚩᚱ,488
safeguarding,3974796,1,ᛋᚪᚠᛖᚷᚢᚪᚱᛞᛝ,515
carelessly,3973449,1,ᚳᚪᚱᛖᛚᛖᛋᛋᛚᚣ,610
relentless,3971733,1,ᚱᛖᛚᛖᚾᛏᛚᛖᛋᛋ,552
regimental,3967735,1,ᚱᛖᚷᛁᛗᛖᚾᛏᚪᛚ,522
multitudes,3965988,1,ᛗᚢᛚᛏᛁᛏᚢᛞᛖᛋ,508
metastases,3956789,1,ᛗᛖᛏᚪᛋᛏᚪᛋᛖᛋ,676
federalism,3950986,1,ᚠᛖᛞᛖᚱᚪᛚᛁᛋᛗ,561
hamiltonian,3949473,1,ᚻᚪᛗᛁᛚᛏᚩᚾᛡᚾ,526
metastatic,3949008,1,ᛗᛖᛏᚪᛋᛏᚪᛏᛁᚳ,606
relinquish,3943201,1,ᚱᛖᛚᛁᚾᚳᚹᛁᛋᚻ,350
deplorable,3941770,1,ᛞᛖᛈᛚᚩᚱᚪᛒᛚᛖ,588
liberality,3938649,1,ᛚᛁᛒᛖᚱᚪᛚᛁᛏᚣ,606
insurgents,3931312,1,ᛁᚾᛋᚢᚱᚷᛖᚾᛏᛋ,352
interlocking,3930635,1,ᛁᚾᛏᛖᚱᛚᚩᚳᚳᛝ,382
abnormally,3926887,1,ᚪᛒᚾᚩᚱᛗᚪᛚᛚᚣ,622
homologous,3925335,1,ᚻᚩᛗᚩᛚᚩᚷᚩᚢᛋ,268
wheelchair,3912671,1,ᚹᚻᛖᛖᛚᚳᚻᚪᛁᚱ,424
bookseller,3905116,1,ᛒᚩᚩᚳᛋᛖᛚᛚᛖᚱ,432
attenuated,3897323,1,ᚪᛏᛏᛖᚾᚢᚪᛏᛖᛞ,626
embroidery,3897119,1,ᛖᛗᛒᚱᚩᛁᛞᛖᚱᚣ,518
deleterious,3895738,1,ᛞᛖᛚᛖᛏᛖᚱᛡᚢᛋ,596
antiseptic,3893341,1,ᚪᚾᛏᛁᛋᛖᛈᛏᛁᚳ,482
polymerase,3888788,1,ᛈᚩᛚᚣᛗᛖᚱᚪᛋᛖ,592
devonshire,3883965,1,ᛞᛖᚢᚩᚾᛋᚻᛁᚱᛖ,380
interferes,3873058,1,ᛁᚾᛏᛖᚱᚠᛖᚱᛖᛋ,397
waterfront,3869734,1,ᚹᚪᛏᛖᚱᚠᚱᚩᚾᛏ,361
playwright,3865244,1,ᛈᛚᚪᚣᚹᚱᛁᚷᚻᛏ,476
lymphocyte,3864135,1,ᛚᚣᛗᛈᚻᚩᚳᚣᛏᛖ,562
perishable,3860641,1,ᛈᛖᚱᛁᛋᚻᚪᛒᛚᛖ,526
councillor,3849209,1,ᚳᚩᚢᚾᚳᛁᛚᛚᚩᚱ,260
cumbersome,3849125,1,ᚳᚢᛗᛒᛖᚱᛋᚩᛗᛖ,424
immunities,3838189,1,ᛁᛗᛗᚢᚾᛁᛏᛁᛖᛋ,446
underlined,3831161,1,ᚢᚾᛞᛖᚱᛚᛁᚾᛖᛞ,488
instalment,3824237,1,ᛁᚾᛋᛏᚪᛚᛗᛖᚾᛏ,568
appendages,3819818,1,ᚪᛈᛈᛖᚾᛞᚪᚷᛖᛋ,602
marguerite,3818831,1,ᛗᚪᚱᚷᚢᛖᚱᛁᛏᛖ,434
transitory,3813114,1,ᛏᚱᚪᚾᛋᛁᛏᚩᚱᚣ,460
confluence,3812225,1,ᚳᚩᚾᚠᛚᚢᛖᚾᚳᛖ,303
middletown,3812109,1,ᛗᛁᛞᛞᛚᛖᛏᚩᚹᚾ,534
cartridges,3811442,1,ᚳᚪᚱᛏᚱᛁᛞᚷᛖᛋ,448
brilliantly,3807088,1,ᛒᚱᛁᛚᛚᛡᚾᛏᛚᚣ,620
photocopying,3806833,1,ᛈᚻᚩᛏᚩᚳᚩᛈᚣᛝ,384
amusements,3806337,1,ᚪᛗᚢᛋᛖᛗᛖᚾᛏᛋ,570
physicists,3806120,1,ᛈᚻᚣᛋᛁᚳᛁᛋᛏᛋ,462
recoveries,3801686,1,ᚱᛖᚳᚩᚢᛖᚱᛁᛖᛋ,330
impediment,3792731,1,ᛁᛗᛈᛖᛞᛁᛗᛖᚾᛏ,558
conductive,3788404,1,ᚳᚩᚾᛞᚢᚳᛏᛁᚢᛖ,314
bronchitis,3784040,1,ᛒᚱᚩᚾᚳᚻᛁᛏᛁᛋ,318
sacrificial,3782948,1,ᛋᚪᚳᚱᛁᚠᛁᚳᛡᛚ,431
exigencies,3782791,1,ᛖᛉᛁᚷᛖᚾᚳᛁᛖᛋ,422
informally,3779793,1,ᛁᚾᚠᚩᚱᛗᚪᛚᛚᚣ,497
immunology,3775885,1,ᛁᛗᛗᚢᚾᚩᛚᚩᚷᚣ,412
disallowed,3775706,1,ᛞᛁᛋᚪᛚᛚᚩᚹᛖᛞ,598
whereabouts,3771263,1,ᚹᚻᛖᚱᛠᛒᚩᚢᛏᛋ,412
abbreviation,3766369,1,ᚪᛒᛒᚱᛖᚢᛡᛏᛡᚾ,602
devaluation,3764928,1,ᛞᛖᚢᚪᛚᚢᚪᛏᛡᚾ,624
monoclonal,3764872,1,ᛗᚩᚾᚩᚳᛚᚩᚾᚪᛚ,406
scandinavia,3764735,1,ᛋᚳᚪᚾᛞᛁᚾᚪᚢᛡ,548
rheumatoid,3755041,1,ᚱᚻᛖᚢᛗᚪᛏᚩᛁᛞ,458
vertebrate,3753379,1,ᚢᛖᚱᛏᛖᛒᚱᚪᛏᛖ,502
forefathers,3751830,1,ᚠᚩᚱᛖᚠᚪᚦᛖᚱᛋ,322
churchyard,3748466,1,ᚳᚻᚢᚱᚳᚻᚣᚪᚱᛞ,386
atrocities,3739436,1,ᚪᛏᚱᚩᚳᛁᛏᛁᛖᛋ,428
betterment,3735153,1,ᛒᛖᛏᛏᛖᚱᛗᛖᚾᛏ,550
dissenters,3732741,1,ᛞᛁᛋᛋᛖᚾᛏᛖᚱᛋ,512
dermatitis,3729755,1,ᛞᛖᚱᛗᚪᛏᛁᛏᛁᛋ,568
renunciation,3724043,1,ᚱᛖᚾᚢᚾᚳᛡᛏᛡᚾ,454
judgements,3724023,1,ᛂᚢᛞᚷᛖᛗᛖᚾᛏᛋ,492
radiotherapy,3716833,1,ᚱᚪᛞᛡᚦᛖᚱᚪᛈᚣ,630
cognizance,3716264,1,ᚳᚩᚷᚾᛁᛋᚪᚾᚳᛖ,356
subtracted,3713546,1,ᛋᚢᛒᛏᚱᚪᚳᛏᛖᛞ,512
devastated,3707152,1,ᛞᛖᚢᚪᛋᛏᚪᛏᛖᛞ,680
inductance,3706823,1,ᛁᚾᛞᚢᚳᛏᚪᚾᚳᛖ,430
interrupting,3698999,1,ᛁᚾᛏᛖᚱᚱᚢᛈᛏᛝ,392
illuminate,3687199,1,ᛁᛚᛚᚢᛗᛁᚾᚪᛏᛖ,534
escherichia,3685736,1,ᛖᛋᚳᚻᛖᚱᛁᚳᚻᛡ,408
consonants,3684230,1,ᚳᚩᚾᛋᚩᚾᚪᚾᛏᛋ,376
drosophila,3679850,1,ᛞᚱᚩᛋᚩᛈᚻᛁᛚᚪ,434
corpuscles,3677086,1,ᚳᚩᚱᛈᚢᛋᚳᛚᛖᛋ,336
requisites,3667075,1,ᚱᛖᚳᚹᛁᛋᛁᛏᛖᛋ,404
secretarial,3666376,1,ᛋᛖᚳᚱᛖᛏᚪᚱᛡᛚ,558
infallible,3663884,1,ᛁᚾᚠᚪᛚᛚᛁᛒᛚᛖ,537
hypotension,3662720,1,ᚻᚣᛈᚩᛏᛖᚾᛋᛡᚾ,520
modalities,3661877,1,ᛗᚩᛞᚪᛚᛁᛏᛁᛖᛋ,578
interprets,3658939,1,ᛁᚾᛏᛖᚱᛈᚱᛖᛏᛋ,430
bureaucrats,3652103,1,ᛒᚢᚱᛠᚢᚳᚱᚪᛏᛋ,420
encampment,3649011,1,ᛖᚾᚳᚪᛗᛈᛗᛖᚾᛏ,546
calculator,3646015,1,ᚳᚪᛚᚳᚢᛚᚪᛏᚩᚱ,446
fatalities,3645040,1,ᚠᚪᛏᚪᛚᛁᛏᛁᛖᛋ,569
overturned,3634500,1,ᚩᚢᛖᚱᛏᚢᚱᚾᛖᛞ,346
connectors,3631495,1,ᚳᚩᚾᚾᛖᚳᛏᚩᚱᛋ,288
classmates,3627239,1,ᚳᛚᚪᛋᛋᛗᚪᛏᛖᛋ,636
affiliations,3625496,1,ᚪᚠᚠᛁᛚᛡᛏᛡᚾᛋ,560
crossroads,3615690,1,ᚳᚱᚩᛋᛋᚱᚩᚪᛞᛋ,394
delicately,3608992,1,ᛞᛖᛚᛁᚳᚪᛏᛖᛚᚣ,672
detectives,3608267,1,ᛞᛖᛏᛖᚳᛏᛁᚢᛖᛋ,508
predictors,3606964,1,ᛈᚱᛖᛞᛁᚳᛏᚩᚱᛋ,384
proletarian,3606560,1,ᛈᚱᚩᛚᛖᛏᚪᚱᛡᚾ,504
subsystems,3590376,1,ᛋᚢᛒᛋᚣᛋᛏᛖᛗᛋ,576
politeness,3590203,1,ᛈᚩᛚᛁᛏᛖᚾᛖᛋᛋ,482
guaranteeing,3590054,1,ᚷᚢᚪᚱᚪᚾᛏᛖᛖᛝ,526
frequented,3586303,1,ᚠᚱᛖᚳᚹᛖᚾᛏᛖᛞ,423
hydrologic,3585046,1,ᚻᚣᛞᚱᚩᛚᚩᚷᛁᚳ,374
transferor,3579494,1,ᛏᚱᚪᚾᛋᚠᛖᚱᚩᚱ,347
situational,3576869,1,ᛋᛁᛏᚢᚪᛏᛡᚾᚪᛚ,608
presbytery,3575530,1,ᛈᚱᛖᛋᛒᚣᛏᛖᚱᚣ,578
bridegroom,3571673,1,ᛒᚱᛁᛞᛖᚷᚱᚩᚩᛗ,372
converters,3568500,1,ᚳᚩᚾᚢᛖᚱᛏᛖᚱᛋ,320
burdensome,3563880,1,ᛒᚢᚱᛞᛖᚾᛋᚩᛗᛖ,458
ambulatory,3563821,1,ᚪᛗᛒᚢᛚᚪᛏᚩᚱᚣ,582
culminated,3553603,1,ᚳᚢᛚᛗᛁᚾᚪᛏᛖᛞ,532
lippincott,3541657,1,ᛚᛁᛈᛈᛁᚾᚳᚩᛏᛏ,388
coincident,3540007,1,ᚳᚩᛁᚾᚳᛁᛞᛖᚾᛏ,368
manipulating,3538835,1,ᛗᚪᚾᛁᛈᚢᛚᚪᛏᛝ,582
alcoholics,3530568,1,ᚪᛚᚳᚩᚻᚩᛚᛁᚳᛋ,390
greenfield,3525155,1,ᚷᚱᛖᛖᚾᚠᛁᛖᛚᛞ,453
equipments,3508906,1,ᛖᚳᚹᛁᛈᛗᛖᚾᛏᛋ,452
orchestral,3504227,1,ᚩᚱᚳᚻᛖᛋᛏᚱᚪᛚ,414
contraband,3498993,1,ᚳᚩᚾᛏᚱᚪᛒᚪᚾᛞ,492
tachycardia,3496327,1,ᛏᚪᚳᚻᚣᚳᚪᚱᛞᛡ,612
appropriating,3496293,1,ᚪᛈᛈᚱᚩᛈᚱᛡᛏᛝ,500
destroyers,3496211,1,ᛞᛖᛋᛏᚱᚩᚣᛖᚱᛋ,520
designates,3495340,1,ᛞᛖᛋᛁᚷᚾᚪᛏᛖᛋ,562
humanistic,3494391,1,ᚻᚢᛗᚪᚾᛁᛋᛏᛁᚳ,410
permissive,3489447,1,ᛈᛖᚱᛗᛁᛋᛋᛁᚢᛖ,430
transacted,3486753,1,ᛏᚱᚪᚾᛋᚪᚳᛏᛖᛞ,574
commutation,3479994,1,ᚳᚩᛗᛗᚢᛏᚪᛏᛡᚾ,516
borderline,3474604,1,ᛒᚩᚱᛞᛖᚱᛚᛁᚾᛖ,446
identifier,3472413,1,ᛁᛞᛖᚾᛏᛁᚠᛁᛖᚱ,417
demarcation,3471969,1,ᛞᛖᛗᚪᚱᚳᚪᛏᛡᚾ,640
resonances,3469696,1,ᚱᛖᛋᚩᚾᚪᚾᚳᛖᛋ,426
retribution,3468072,1,ᚱᛖᛏᚱᛁᛒᚢᛏᛡᚾ,438
machinists,3467049,1,ᛗᚪᚳᚻᛁᚾᛁᛋᛏᛋ,460
subspecies,3463855,1,ᛋᚢᛒᛋᛈᛖᚳᛁᛖᛋ,444
scepticism,3462718,1,ᛋᚳᛖᛈᛏᛁᚳᛁᛋᛗ,434
evidentiary,3457464,1,ᛖᚢᛁᛞᛖᚾᛏᛡᚱᚣ,566
highlighting,3455884,1,ᚻᛁᚷᚻᛚᛁᚷᚻᛏᛝ,376
complicate,3453084,1,ᚳᚩᛗᛈᛚᛁᚳᚪᛏᛖ,474
gentleness,3447567,1,ᚷᛖᚾᛏᛚᛖᚾᛖᛋᛋ,514
personages,3436087,1,ᛈᛖᚱᛋᚩᚾᚪᚷᛖᛋ,444
coexistence,3435330,1,ᚳᛟᛉᛁᛋᛏᛖᚾᚳᛖ,462
plagioclase,3430265,1,ᛈᛚᚪᚷᛡᚳᛚᚪᛋᛖ,640
caregivers,3430089,1,ᚳᚪᚱᛖᚷᛁᚢᛖᚱᛋ,370
clearinghouse,3425448,1,ᚳᛚᛠᚱᛝᚻᚩᚢᛋᛖ,438
figurative,3422154,1,ᚠᛁᚷᚢᚱᚪᛏᛁᚢᛖ,321
fertilized,3418587,1,ᚠᛖᚱᛏᛁᛚᛁᛋᛖᛞ,483
carbonates,3413478,1,ᚳᚪᚱᛒᚩᚾᚪᛏᛖᛋ,494
matrimonial,3408222,1,ᛗᚪᛏᚱᛁᛗᚩᚾᛡᛚ,556
astronomer,3401646,1,ᚪᛋᛏᚱᚩᚾᚩᛗᛖᚱ,412
antiquarian,3396950,1,ᚪᚾᛏᛁᚳᚹᚪᚱᛡᚾ,492
configured,3393409,1,ᚳᚩᚾᚠᛁᚷᚢᚱᛖᛞ,269
repetitions,3390840,1,ᚱᛖᛈᛖᛏᛁᛏᛡᚾᛋ,526
compendium,3387861,1,ᚳᚩᛗᛈᛖᚾᛞᛁᚢᛗ,424
conquerors,3384954,1,ᚳᚩᚾᚳᚹᛖᚱᚩᚱᛋ,230
notoriously,3371062,1,ᚾᚩᛏᚩᚱᛡᚢᛋᛚᚣ,452
hospitable,3368940,1,ᚻᚩᛋᛈᛁᛏᚪᛒᛚᛖ,514
combatants,3361176,1,ᚳᚩᛗᛒᚪᛏᚪᚾᛏᛋ,546
gracefully,3357668,1,ᚷᚱᚪᚳᛖᚠᚢᛚᛚᚣ,459
appraisers,3352748,1,ᚪᛈᛈᚱᚪᛁᛋᛖᚱᛋ,506
salmonella,3348980,1,ᛋᚪᛚᛗᚩᚾᛖᛚᛚᚪ,640
peremptory,3347871,1,ᛈᛖᚱᛖᛗᛈᛏᚩᚱᚣ,482
deteriorating,3344943,1,ᛞᛖᛏᛖᚱᛡᚱᚪᛏᛝ,646
proficient,3343716,1,ᛈᚱᚩᚠᛁᚳᛁᛖᚾᛏ,293
unbalanced,3342880,1,ᚢᚾᛒᚪᛚᚪᚾᚳᛖᛞ,558
appraisals,3340039,1,ᚪᛈᛈᚱᚪᛁᛋᚪᛚᛋ,598
culmination,3339023,1,ᚳᚢᛚᛗᛁᚾᚪᛏᛡᚾ,512
intersecting,3337080,1,ᛁᚾᛏᛖᚱᛋᛖᚳᛏᛝ,468
repatriation,3334276,1,ᚱᛖᛈᚪᛏᚱᛡᛏᛡᚾ,590
gettysburg,3332975,1,ᚷᛖᛏᛏᚣᛋᛒᚢᚱᚷ,450
palmerston,3332292,1,ᛈᚪᛚᛗᛖᚱᛋᛏᚩᚾ,510
unoccupied,3332282,1,ᚢᚾᚩᚳᚳᚢᛈᛁᛖᛞ,298
servicemen,3330845,1,ᛋᛖᚱᚢᛁᚳᛖᛗᛖᚾ,412
sustenance,3323885,1,ᛋᚢᛋᛏᛖᚾᚪᚾᚳᛖ,470
mesopotamia,3318604,1,ᛗᛖᛋᚩᛈᚩᛏᚪᛗᛡ,582
efficacious,3314813,1,ᛖᚠᚠᛁᚳᚪᚳᛡᚢᛋ,388
australians,3312850,1,ᚪᚢᛋᛏᚱᚪᛚᛡᚾᛋ,582
associative,3311522,1,ᚪᛋᛋᚩᚳᛡᛏᛁᚢᛖ,490
sterilized,3301917,1,ᛋᛏᛖᚱᛁᛚᛁᛋᛖᛞ,534
overweight,3286751,1,ᚩᚢᛖᚱᚹᛖᛁᚷᚻᛏ,304
vindication,3282862,1,ᚢᛁᚾᛞᛁᚳᚪᛏᛡᚾ,488
capacitors,3282530,1,ᚳᚪᛈᚪᚳᛁᛏᚩᚱᛋ,424
convocation,3277878,1,ᚳᚩᚾᚢᚩᚳᚪᛏᛡᚾ,364
afternoons,3276880,1,ᚪᚠᛏᛖᚱᚾᚩᚩᚾᛋ,361
hyperplasia,3269138,1,ᚻᚣᛈᛖᚱᛈᛚᚪᛋᛡ,620
convergent,3267605,1,ᚳᚩᚾᚢᛖᚱᚷᛖᚾᛏ,302
calamities,3260815,1,ᚳᚪᛚᚪᛗᛁᛏᛁᛖᛋ,592
resolutely,3258715,1,ᚱᛖᛋᚩᛚᚢᛏᛖᛚᚣ,516
decisively,3258142,1,ᛞᛖᚳᛁᛋᛁᚢᛖᛚᚣ,530
exhibitors,3258033,1,ᛖᛉᚻᛁᛒᛁᛏᚩᚱᛋ,390
inflexible,3256363,1,ᛁᚾᚠᛚᛖᛉᛁᛒᛚᛖ,481
adrenergic,3255813,1,ᚪᛞᚱᛖᚾᛖᚱᚷᛁᚳ,432
somerville,3255364,1,ᛋᚩᛗᛖᚱᚢᛁᛚᛚᛖ,456
scandalous,3254175,1,ᛋᚳᚪᚾᛞᚪᛚᚩᚢᛋ,514
devastation,3253856,1,ᛞᛖᚢᚪᛋᛏᚪᛏᛡᚾ,660
ethnography,3252337,1,ᛖᚦᚾᚩᚷᚱᚪᛈᚻᚣ,402
wholesaler,3250293,1,ᚹᚻᚩᛚᛖᛋᚪᛚᛖᚱ,490
colourless,3249700,1,ᚳᚩᛚᚩᚢᚱᛚᛖᛋᛋ,360
millimeter,3245933,1,ᛗᛁᛚᛚᛁᛗᛖᛏᛖᚱ,554
diagnostics,3245124,1,ᛞᛡᚷᚾᚩᛋᛏᛁᚳᛋ,458
invalidate,3243762,1,ᛁᚾᚢᚪᛚᛁᛞᚪᛏᛖ,576
florentine,3240445,1,ᚠᛚᚩᚱᛖᚾᛏᛁᚾᛖ,375
polynomials,3236745,1,ᛈᚩᛚᚣᚾᚩᛗᛡᛚᛋ,566
retrograde,3226806,1,ᚱᛖᛏᚱᚩᚷᚱᚪᛞᛖ,436
contentious,3225853,1,ᚳᚩᚾᛏᛖᚾᛏᛡᚢᛋ,426
prefecture,3224058,1,ᛈᚱᛖᚠᛖᚳᛏᚢᚱᛖ,343
serpentine,3219895,1,ᛋᛖᚱᛈᛖᚾᛏᛁᚾᛖ,456
compulsive,3210892,1,ᚳᚩᛗᛈᚢᛚᛋᛁᚢᛖ,364
unprepared,3207890,1,ᚢᚾᛈᚱᛖᛈᚪᚱᛖᛞ,460
paraphrase,3206329,1,ᛈᚪᚱᚪᛈᚻᚱᚪᛋᛖ,542
bloomfield,3201786,1,ᛒᛚᚩᚩᛗᚠᛁᛖᛚᛞ,481
propounded,3201119,1,ᛈᚱᚩᛈᚩᚢᚾᛞᛖᛞ,388
handsomely,3200511,1,ᚻᚪᚾᛞᛋᚩᛗᛖᛚᚣ,612
blackstone,3199752,1,ᛒᛚᚪᚳᚳᛋᛏᚩᚾᛖ,472
cartwright,3192540,1,ᚳᚪᚱᛏᚹᚱᛁᚷᚻᛏ,340
watersheds,3191663,1,ᚹᚪᛏᛖᚱᛋᚻᛖᛞᛋ,538
audiovisual,3187186,1,ᚪᚢᛞᛡᚢᛁᛋᚢᚪᛚ,556
crucifixion,3186771,1,ᚳᚱᚢᚳᛁᚠᛁᛉᛡᚾ,287
consummate,3185536,1,ᚳᚩᚾᛋᚢᛗᛗᚪᛏᛖ,470
summarised,3183652,1,ᛋᚢᛗᛗᚪᚱᛁᛋᛖᛞ,546
placements,3173475,1,ᛈᛚᚪᚳᛖᛗᛖᚾᛏᛋ,572
remittance,3171329,1,ᚱᛖᛗᛁᛏᛏᚪᚾᚳᛖ,504
prostitute,3169304,1,ᛈᚱᚩᛋᛏᛁᛏᚢᛏᛖ,392
projective,3168196,1,ᛈᚱᚩᛂᛖᚳᛏᛁᚢᛖ,338
prolongation,3155692,1,ᛈᚱᚩᛚᚩᛝᚪᛏᛡᚾ,512
franciscan,3155211,1,ᚠᚱᚪᚾᚳᛁᛋᚳᚪᚾ,375
mechanized,3153400,1,ᛗᛖᚳᚻᚪᚾᛁᛋᛖᛞ,540
warranties,3151878,1,ᚹᚪᚱᚱᚪᚾᛏᛁᛖᛋ,474
gratuitous,3150738,1,ᚷᚱᚪᛏᚢᛁᛏᚩᚢᛋ,340
interwoven,3149295,1,ᛁᚾᛏᛖᚱᚹᚩᚢᛖᚾ,322
unanswered,3143736,1,ᚢᚾᚪᚾᛋᚹᛖᚱᛖᛞ,464
malignancy,3141629,1,ᛗᚪᛚᛁᚷᚾᚪᚾᚳᚣ,560
provenance,3141136,1,ᛈᚱᚩᚢᛖᚾᚪᚾᚳᛖ,366
milligrams,3140314,1,ᛗᛁᛚᛚᛁᚷᚱᚪᛗᛋ,528
beneficent,3139342,1,ᛒᛖᚾᛖᚠᛁᚳᛖᚾᛏ,425
hornblende,3131585,1,ᚻᚩᚱᚾᛒᛚᛖᚾᛞᛖ,456
grassroots,3131289,1,ᚷᚱᚪᛋᛋᚱᚩᚩᛏᛋ,368
gravitation,3130585,1,ᚷᚱᚪᚢᛁᛏᚪᛏᛡᚾ,510
despatches,3127755,1,ᛞᛖᛋᛈᚪᛏᚳᚻᛖᛋ,564
centimeter,3127120,1,ᚳᛖᚾᛏᛁᛗᛖᛏᛖᚱ,474
repressive,3126382,1,ᚱᛖᛈᚱᛖᛋᛋᛁᚢᛖ,406
rigorously,3124468,1,ᚱᛁᚷᚩᚱᚩᚢᛋᛚᚣ,316
invincible,3123915,1,ᛁᚾᚢᛁᚾᚳᛁᛒᛚᛖ,368
exclamation,3120857,1,ᛖᛉᚳᛚᚪᛗᚪᛏᛡᚾ,660
pedestrians,3110982,1,ᛈᛖᛞᛖᛋᛏᚱᛡᚾᛋ,578
quantified,3108345,1,ᚳᚹᚪᚾᛏᛁᚠᛁᛖᛞ,437
visualized,3105907,1,ᚢᛁᛋᚢᚪᛚᛁᛋᛖᛞ,500
moratorium,3105313,1,ᛗᚩᚱᚪᛏᚩᚱᛁᚢᛗ,368
symbolized,3101771,1,ᛋᚣᛗᛒᚩᛚᛁᛋᛖᛞ,608
publicized,3101587,1,ᛈᚢᛒᛚᛁᚳᛁᛋᛖᛞ,464
phraseology,3101114,1,ᛈᚻᚱᚪᛋᛇᛚᚩᚷᚣ,468
mandibular,3099786,1,ᛗᚪᚾᛞᛁᛒᚢᛚᚪᚱ,562
geochemical,3092537,1,ᚷᛇᚳᚻᛖᛗᛁᚳᚪᛚ,446
sunderland,3091301,1,ᛋᚢᚾᛞᛖᚱᛚᚪᚾᛞ,540
immorality,3089826,1,ᛁᛗᛗᚩᚱᚪᛚᛁᛏᚣ,554
assimilate,3089590,1,ᚪᛋᛋᛁᛗᛁᛚᚪᛏᛖ,632
apocalypse,3088026,1,ᚪᛈᚩᚳᚪᛚᚣᛈᛋᛖ,596
emoluments,3085610,1,ᛖᛗᚩᛚᚢᛗᛖᚾᛏᛋ,500
purposeful,3084699,1,ᛈᚢᚱᛈᚩᛋᛖᚠᚢᛚ,305
replicated,3081821,1,ᚱᛖᛈᛚᛁᚳᚪᛏᛖᛞ,550
disclaimer,3077786,1,ᛞᛁᛋᚳᛚᚪᛁᛗᛖᚱ,536
forbearance,3074063,1,ᚠᚩᚱᛒᛠᚱᚪᚾᚳᛖ,407
waterproof,3070669,1,ᚹᚪᛏᛖᚱᛈᚱᚩᚩᚠ,323
reinforces,3068168,1,ᚱᛖᛁᚾᚠᚩᚱᚳᛖᛋ,291
paralleled,3066319,1,ᛈᚪᚱᚪᛚᛚᛖᛚᛖᛞ,690
admittance,3064125,1,ᚪᛞᛗᛁᛏᛏᚪᚾᚳᛖ,612
disapprove,3063350,1,ᛞᛁᛋᚪᛈᛈᚱᚩᚢᛖ,444
imaginable,3062715,1,ᛁᛗᚪᚷᛁᚾᚪᛒᛚᛖ,574
forcefully,3061573,1,ᚠᚩᚱᚳᛖᚠᚢᛚᛚᚣ,354
evaluative,3061392,1,ᛖᚢᚪᛚᚢᚪᛏᛁᚢᛖ,500
deteriorate,3061236,1,ᛞᛖᛏᛖᚱᛡᚱᚪᛏᛖ,634
alternation,3057688,1,ᚪᛚᛏᛖᚱᚾᚪᛏᛡᚾ,628
illiteracy,3054796,1,ᛁᛚᛚᛁᛏᛖᚱᚪᚳᚣ,558
tripartite,3053935,1,ᛏᚱᛁᛈᚪᚱᛏᛁᛏᛖ,468
copyrights,3053214,1,ᚳᚩᛈᚣᚱᛁᚷᚻᛏᛋ,360
haemorrhage,3052258,1,ᚻᚫᛗᚩᚱᚱᚻᚪᚷᛖ,428
prototypes,3051867,1,ᛈᚱᚩᛏᚩᛏᚣᛈᛖᛋ,452
benefactor,3050034,1,ᛒᛖᚾᛖᚠᚪᚳᛏᚩᚱ,413
convincingly,3049621,1,ᚳᚩᚾᚢᛁᚾᚳᛝᛚᚣ,380
invalidity,3048895,1,ᛁᚾᚢᚪᛚᛁᛞᛁᛏᚣ,546
fahrenheit,3045384,1,ᚠᚪᚻᚱᛖᚾᚻᛖᛁᛏ,409
surfactant,3031749,1,ᛋᚢᚱᚠᚪᚳᛏᚪᚾᛏ,423
guerrillas,3030624,1,ᚷᚢᛖᚱᚱᛁᛚᛚᚪᛋ,436
curricular,3029727,1,ᚳᚢᚱᚱᛁᚳᚢᛚᚪᚱ,266
convective,3019790,1,ᚳᚩᚾᚢᛖᚳᛏᛁᚢᛖ,292
marseilles,3018526,1,ᛗᚪᚱᛋᛖᛁᛚᛚᛖᛋ,596
depreciated,3011610,1,ᛞᛖᛈᚱᛖᚳᛡᛏᛖᛞ,612
reparations,3001087,1,ᚱᛖᛈᚪᚱᚪᛏᛡᚾᛋ,574
strasbourg,2994191,1,ᛋᛏᚱᚪᛋᛒᚩᚢᚱᚷ,372
generative,2981485,1,ᚷᛖᚾᛖᚱᚪᛏᛁᚢᛖ,448
ambivalent,2974933,1,ᚪᛗᛒᛁᚢᚪᛚᛖᚾᛏ,588
telescopes,2972113,1,ᛏᛖᛚᛖᛋᚳᚩᛈᛖᛋ,502
percentile,2971505,1,ᛈᛖᚱᚳᛖᚾᛏᛁᛚᛖ,460
conjugated,2969388,1,ᚳᚩᚾᛂᚢᚷᚪᛏᛖᛞ,418
immaculate,2959589,1,ᛁᛗᛗᚪᚳᚢᛚᚪᛏᛖ,582
incoherent,2957001,1,ᛁᚾᚳᚩᚻᛖᚱᛖᚾᛏ,336
tabulations,2954061,1,ᛏᚪᛒᚢᛚᚪᛏᛡᚾᛋ,638
generalize,2952619,1,ᚷᛖᚾᛖᚱᚪᛚᛁᛋᛖ,512
disconnect,2949172,1,ᛞᛁᛋᚳᚩᚾᚾᛖᚳᛏ,390
sociologist,2945946,1,ᛋᚩᚳᛡᛚᚩᚷᛁᛋᛏ,420
underworld,2942342,1,ᚢᚾᛞᛖᚱᚹᚩᚱᛚᛞ,398
injunctive,2938430,1,ᛁᚾᛂᚢᚾᚳᛏᛁᚢᛖ,302
interferon,2934025,1,ᛁᚾᛏᛖᚱᚠᛖᚱᚩᚾ,313
oftentimes,2933237,1,ᚩᚠᛏᛖᚾᛏᛁᛗᛖᛋ,445
tuberculin,2932753,1,ᛏᚢᛒᛖᚱᚳᚢᛚᛁᚾ,350
encountering,2926912,1,ᛖᚾᚳᚩᚢᚾᛏᛖᚱᛝ,364
condensate,2926587,1,ᚳᚩᚾᛞᛖᚾᛋᚪᛏᛖ,510
repayments,2923961,1,ᚱᛖᛈᚪᚣᛗᛖᚾᛏᛋ,600
commercials,2918969,1,ᚳᚩᛗᛗᛖᚱᚳᛡᛚᛋ,486
femininity,2916681,1,ᚠᛖᛗᛁᚾᛁᚾᛁᛏᚣ,453
hysteresis,2916452,1,ᚻᚣᛋᛏᛖᚱᛖᛋᛁᛋ,520
infidelity,2916418,1,ᛁᚾᚠᛁᛞᛖᛚᛁᛏᚣ,515
ecumenical,2916034,1,ᛖᚳᚢᛗᛖᚾᛁᚳᚪᛚ,464
dishonesty,2911679,1,ᛞᛁᛋᚻᚩᚾᛖᛋᛏᚣ,514
meditations,2908675,1,ᛗᛖᛞᛁᛏᚪᛏᛡᚾᛋ,662
federalist,2903984,1,ᚠᛖᛞᛖᚱᚪᛚᛁᛋᛏ,549
disregarding,2903919,1,ᛞᛁᛋᚱᛖᚷᚪᚱᛞᛝ,544
electrician,2903893,1,ᛖᛚᛖᚳᛏᚱᛁᚳᛡᚾ,470
permissions,2902369,1,ᛈᛖᚱᛗᛁᛋᛋᛡᚾᛋ,518
appellation,2901468,1,ᚪᛈᛈᛖᛚᛚᚪᛏᛡᚾ,688
lauderdale,2897770,1,ᛚᚪᚢᛞᛖᚱᛞᚪᛚᛖ,666
hyperbolic,2894320,1,ᚻᚣᛈᛖᚱᛒᚩᛚᛁᚳ,432
storytelling,2892176,1,ᛋᛏᚩᚱᚣᛏᛖᛚᛚᛝ,584
dispatches,2889267,1,ᛞᛁᛋᛈᚪᛏᚳᚻᛖᛋ,528
cerebellum,2888359,1,ᚳᛖᚱᛖᛒᛖᛚᛚᚢᛗ,506
duplicates,2883598,1,ᛞᚢᛈᛚᛁᚳᚪᛏᛖᛋ,528
distillate,2881647,1,ᛞᛁᛋᛏᛁᛚᛚᚪᛏᛖ,632
groundwork,2880237,1,ᚷᚱᚩᚢᚾᛞᚹᚩᚱᚳ,206
postscript,2879457,1,ᛈᚩᛋᛏᛋᚳᚱᛁᛈᛏ,372
marginally,2873599,1,ᛗᚪᚱᚷᛁᚾᚪᛚᛚᚣ,602
scrupulous,2872926,1,ᛋᚳᚱᚢᛈᚢᛚᚩᚢᛋ,262
metastasis,2872366,1,ᛗᛖᛏᚪᛋᛏᚪᛋᛁᛋ,640
insensible,2868724,1,ᛁᚾᛋᛖᚾᛋᛁᛒᛚᛖ,494
effectuate,2866474,1,ᛖᚠᚠᛖᚳᛏᚢᚪᛏᛖ,436
flashlight,2864191,1,ᚠᛚᚪᛋᚻᛚᛁᚷᚻᛏ,451
luminosity,2861902,1,ᛚᚢᛗᛁᚾᚩᛋᛁᛏᚣ,460
neutralize,2857852,1,ᚾᛖᚢᛏᚱᚪᛚᛁᛋᛖ,490
membranous,2857647,1,ᛗᛖᛗᛒᚱᚪᚾᚩᚢᛋ,470
vanquished,2855814,1,ᚢᚪᚾᚳᚹᛁᛋᚻᛖᛞ,424
stimulants,2853446,1,ᛋᛏᛁᛗᚢᛚᚪᚾᛏᛋ,528
participle,2851896,1,ᛈᚪᚱᛏᛁᚳᛁᛈᛚᛖ,468
denunciation,2850850,1,ᛞᛖᚾᚢᚾᚳᛡᛏᛡᚾ,532
liquidator,2849923,1,ᛚᛁᚳᚹᛁᛞᚪᛏᚩᚱ,430
spreadsheet,2843715,1,ᛋᛈᚱᛠᛞᛋᚻᛖᛖᛏ,574
interfacial,2840576,1,ᛁᚾᛏᛖᚱᚠᚪᚳᛡᛚ,489
reassurance,2837341,1,ᚱᛠᛋᛋᚢᚱᚪᚾᚳᛖ,446
predicates,2830688,1,ᛈᚱᛖᛞᛁᚳᚪᛏᛖᛋ,530
cultivator,2828572,1,ᚳᚢᛚᛏᛁᚢᚪᛏᚩᚱ,356
unintended,2828239,1,ᚢᚾᛁᚾᛏᛖᚾᛞᛖᛞ,492
conjugation,2827347,1,ᚳᚩᚾᛂᚢᚷᚪᛏᛡᚾ,398
cerebellar,2827214,1,ᚳᛖᚱᛖᛒᛖᛚᛚᚪᚱ,540
penetrates,2825654,1,ᛈᛖᚾᛖᛏᚱᚪᛏᛖᛋ,552
postulates,2825525,1,ᛈᚩᛋᛏᚢᛚᚪᛏᛖᛋ,514
autoimmune,2825047,1,ᚪᚢᛏᚩᛁᛗᛗᚢᚾᛖ,438
promulgate,2824427,1,ᛈᚱᚩᛗᚢᛚᚷᚪᛏᛖ,448
vaccinated,2822119,1,ᚢᚪᚳᚳᛁᚾᚪᛏᛖᛞ,498
radiography,2819729,1,ᚱᚪᛞᛡᚷᚱᚪᛈᚻᚣ,598
alimentary,2813177,1,ᚪᛚᛁᛗᛖᚾᛏᚪᚱᚣ,638
cooperated,2813155,1,ᚳᚩᚩᛈᛖᚱᚪᛏᛖᛞ,460
pleasurable,2809597,1,ᛈᛚᛠᛋᚢᚱᚪᛒᛚᛖ,590
bifurcation,2809566,1,ᛒᛁᚠᚢᚱᚳᚪᛏᛡᚾ,413
sculptured,2799680,1,ᛋᚳᚢᛚᛈᛏᚢᚱᛖᛞ,414
egalitarian,2798110,1,ᛖᚷᚪᛚᛁᛏᚪᚱᛡᚾ,588
straighten,2796672,1,ᛋᛏᚱᚪᛁᚷᚻᛏᛖᚾ,446
accomplice,2796122,1,ᚪᚳᚳᚩᛗᛈᛚᛁᚳᛖ,428
pathologist,2795607,1,ᛈᚪᚦᚩᛚᚩᚷᛁᛋᛏ,392
kazakhstan,2794564,1,ᚳᚪᛋᚪᚳᚻᛋᛏᚪᚾ,534
peritoneum,2790723,1,ᛈᛖᚱᛁᛏᚩᚾᛖᚢᛗ,388
centrifuge,2784192,1,ᚳᛖᚾᛏᚱᛁᚠᚢᚷᛖ,299
simplistic,2782945,1,ᛋᛁᛗᛈᛚᛁᛋᛏᛁᚳ,458
prognostic,2781995,1,ᛈᚱᚩᚷᚾᚩᛋᛏᛁᚳ,270
standstill,2780716,1,ᛋᛏᚪᚾᛞᛋᛏᛁᛚᛚ,616
sanatorium,2756104,1,ᛋᚪᚾᚪᛏᚩᚱᛁᚢᛗ,458
precambrian,2755995,1,ᛈᚱᛖᚳᚪᛗᛒᚱᛡᚾ,510
exaggerate,2754067,1,ᛖᛉᚪᚷᚷᛖᚱᚪᛏᛖ,546
midwestern,2752584,1,ᛗᛁᛞᚹᛖᛋᛏᛖᚱᚾ,496
recompense,2749958,1,ᚱᛖᚳᚩᛗᛈᛖᚾᛋᛖ,428
achievable,2748999,1,ᚪᚳᚻᛁᛖᚢᚪᛒᛚᛖ,532
overcrowding,2745324,1,ᚩᚢᛖᚱᚳᚱᚩᚹᛞᛝ,306
nucleotides,2741483,1,ᚾᚢᚳᛚᛇᛏᛁᛞᛖᛋ,458
acoustical,2737606,1,ᚪᚳᚩᚢᛋᛏᛁᚳᚪᛚ,446
compromising,2735437,1,ᚳᚩᛗᛈᚱᚩᛗᛁᛋᛝ,386
transpired,2735251,1,ᛏᚱᚪᚾᛋᛈᛁᚱᛖᛞ,490
syphilitic,2733826,1,ᛋᚣᛈᚻᛁᛚᛁᛏᛁᚳ,460
rightfully,2732229,1,ᚱᛁᚷᚻᛏᚠᚢᛚᛚᚣ,395
unfriendly,2717454,1,ᚢᚾᚠᚱᛁᛖᚾᛞᛚᚣ,437
exhortation,2715689,1,ᛖᛉᚻᚩᚱᛏᚪᛏᛡᚾ,506
perceptive,2715314,1,ᛈᛖᚱᚳᛖᛈᛏᛁᚢᛖ,404
radicalism,2710000,1,ᚱᚪᛞᛁᚳᚪᛚᛁᛋᛗ,566
unthinkable,2709899,1,ᚢᚾᚦᛁᚾᚳᚪᛒᛚᛖ,408
greensboro,2708572,1,ᚷᚱᛖᛖᚾᛋᛒᚩᚱᚩ,330
possessive,2706028,1,ᛈᚩᛋᛋᛖᛋᛋᛁᚢᛖ,430
sinusoidal,2704729,1,ᛋᛁᚾᚢᛋᚩᛁᛞᚪᛚ,466
conversant,2701918,1,ᚳᚩᚾᚢᛖᚱᛋᚪᚾᛏ,368
variegated,2700413,1,ᚢᚪᚱᛁᛖᚷᚪᛏᛖᛞ,538
meticulous,2699005,1,ᛗᛖᛏᛁᚳᚢᛚᚩᚢᛋ,380
parenchyma,2698135,1,ᛈᚪᚱᛖᚾᚳᚻᚣᛗᚪ,554
jacqueline,2697193,1,ᛂᚪᚳᚳᚹᛖᛚᛁᚾᛖ,446
pollination,2694338,1,ᛈᚩᛚᛚᛁᚾᚪᛏᛡᚾ,548
adrenaline,2694324,1,ᚪᛞᚱᛖᚾᚪᛚᛁᚾᛖ,590
calculates,2692169,1,ᚳᚪᛚᚳᚢᛚᚪᛏᛖᛋ,548
amendatory,2688147,1,ᚪᛗᛖᚾᛞᚪᛏᚩᚱᚣ,630
protoplasm,2687214,1,ᛈᚱᚩᛏᚩᛈᛚᚪᛋᛗ,464
stupendous,2685222,1,ᛋᛏᚢᛈᛖᚾᛞᚩᚢᛋ,406
gynecology,2684322,1,ᚷᚣᚾᛖᚳᚩᛚᚩᚷᚣ,436
improvised,2680206,1,ᛁᛗᛈᚱᚩᚢᛁᛋᛖᛞ,406
caricature,2677955,1,ᚳᚪᚱᛁᚳᚪᛏᚢᚱᛖ,402
exorbitant,2672741,1,ᛖᛉᚩᚱᛒᛁᛏᚪᚾᛏ,468
dismantled,2670778,1,ᛞᛁᛋᛗᚪᚾᛏᛚᛖᛞ,658
aberrations,2670269,1,ᚪᛒᛖᚱᚱᚪᛏᛡᚾᛋ,592
condensers,2668996,1,ᚳᚩᚾᛞᛖᚾᛋᛖᚱᛋ,418
insulators,2668624,1,ᛁᚾᛋᚢᛚᚪᛏᚩᚱᛋ,416
transitive,2660692,1,ᛏᚱᚪᚾᛋᛁᛏᛁᚢᛖ,440
peninsular,2659050,1,ᛈᛖᚾᛁᚾᛋᚢᛚᚪᚱ,436
acquiesced,2657941,1,ᚪᚳᚳᚹᛁᛖᛋᚳᛖᛞ,462
religiously,2656970,1,ᚱᛖᛚᛁᚷᛡᚢᛋᛚᚣ,538
demography,2656120,1,ᛞᛖᛗᚩᚷᚱᚪᛈᚻᚣ,528
negotiators,2656017,1,ᚾᛖᚷᚩᛏᛡᛏᚩᚱᛋ,416
stereotyped,2654523,1,ᛋᛏᛖᚱᛇᛏᚣᛈᛖᛞ,592
lifestyles,2648303,1,ᛚᛁᚠᛖᛋᛏᚣᛚᛖᛋ,581
histologic,2647965,1,ᚻᛁᛋᛏᚩᛚᚩᚷᛁᚳ,314
solicitude,2646466,1,ᛋᚩᛚᛁᚳᛁᛏᚢᛞᛖ,426
windshield,2645673,1,ᚹᛁᚾᛞᛋᚻᛁᛖᛚᛞ,504
parenteral,2645463,1,ᛈᚪᚱᛖᚾᛏᛖᚱᚪᛚ,554
recognises,2643641,1,ᚱᛖᚳᚩᚷᚾᛁᛋᛖᛋ,348
elucidation,2631590,1,ᛖᛚᚢᚳᛁᛞᚪᛏᛡᚾ,568
unspeakable,2630868,1,ᚢᚾᛋᛈᛠᚳᚪᛒᛚᛖ,548
mistakenly,2629909,1,ᛗᛁᛋᛏᚪᚳᛖᚾᛚᚣ,596
answerable,2629321,1,ᚪᚾᛋᚹᛖᚱᚪᛒᛚᛖ,574
triangulation,2628893,1,ᛏᚱᛡᛝᚢᛚᚪᛏᛡᚾ,624
supersedes,2621234,1,ᛋᚢᛈᛖᚱᛋᛖᛞᛖᛋ,506
propellant,2620377,1,ᛈᚱᚩᛈᛖᛚᛚᚪᚾᛏ,502
strickland,2618758,1,ᛋᛏᚱᛁᚳᚳᛚᚪᚾᛞ,468
nightmares,2616803,1,ᚾᛁᚷᚻᛏᛗᚪᚱᛖᛋ,458
blackboard,2615609,1,ᛒᛚᚪᚳᚳᛒᚩᚪᚱᛞ,522
venezuelan,2615500,1,ᚢᛖᚾᛖᛋᚢᛖᛚᚪᚾ,488
vehemently,2613757,1,ᚢᛖᚻᛖᛗᛖᚾᛏᛚᚣ,562
speculated,2612899,1,ᛋᛈᛖᚳᚢᛚᚪᛏᛖᛞ,564
millionaire,2612411,1,ᛗᛁᛚᛚᛡᚾᚪᛁᚱᛖ,590
antiquated,2608326,1,ᚪᚾᛏᛁᚳᚹᚪᛏᛖᛞ,560
pragmatism,2598608,1,ᛈᚱᚪᚷᛗᚪᛏᛁᛋᛗ,550
shreveport,2595778,1,ᛋᚻᚱᛖᚢᛖᛈᚩᚱᛏ,344
declination,2594770,1,ᛞᛖᚳᛚᛁᚾᚪᛏᛡᚾ,594
internship,2593133,1,ᛁᚾᛏᛖᚱᚾᛋᚻᛁᛈ,376
grasslands,2593117,1,ᚷᚱᚪᛋᛋᛚᚪᚾᛞᛋ,572
capitalize,2592848,1,ᚳᚪᛈᛁᛏᚪᛚᛁᛋᛖ,564
periodicity,2591627,1,ᛈᛖᚱᛡᛞᛁᚳᛁᛏᚣ,554
eucalyptus,2588630,1,ᛖᚢᚳᚪᛚᚣᛈᛏᚢᛋ,514
imbalances,2588558,1,ᛁᛗᛒᚪᛚᚪᚾᚳᛖᛋ,592
centrality,2586317,1,ᚳᛖᚾᛏᚱᚪᛚᛁᛏᚣ,542
evansville,2586302,1,ᛖᚢᚪᚾᛋᚢᛁᛚᛚᛖ,496
workstation,2585793,1,ᚹᚩᚱᚳᛋᛏᚪᛏᛡᚾ,454
prepayment,2581998,1,ᛈᚱᛖᛈᚪᚣᛗᛖᚾᛏ,590
ascendancy,2579111,1,ᚪᛋᚳᛖᚾᛞᚪᚾᚳᚣ,590
commissioning,2578282,1,ᚳᚩᛗᛗᛁᛋᛋᛡᚾᛝ,514
housewives,2576408,1,ᚻᚩᚢᛋᛖᚹᛁᚢᛖᛋ,326
pestilence,2575421,1,ᛈᛖᛋᛏᛁᛚᛖᚾᚳᛖ,502
diminutive,2573849,1,ᛞᛁᛗᛁᚾᚢᛏᛁᚢᛖ,414
formalized,2572748,1,ᚠᚩᚱᛗᚪᛚᛁᛋᛖᛞ,501
transcends,2572438,1,ᛏᚱᚪᚾᛋᚳᛖᚾᛞᛋ,500
partitioned,2564875,1,ᛈᚪᚱᛏᛁᛏᛡᚾᛖᛞ,592
hydraulics,2564044,1,ᚻᚣᛞᚱᚪᚢᛚᛁᚳᛋ,496
sanctified,2560859,1,ᛋᚪᚾᚳᛏᛁᚠᛁᛖᛞ,471
telephoned,2560164,1,ᛏᛖᛚᛖᛈᚻᚩᚾᛖᛞ,524
rationalism,2560087,1,ᚱᚪᛏᛡᚾᚪᛚᛁᛋᛗ,628
collieries,2556349,1,ᚳᚩᛚᛚᛁᛖᚱᛁᛖᛋ,426
inactivity,2555602,1,ᛁᚾᚪᚳᛏᛁᚢᛁᛏᚣ,456
dismounted,2553870,1,ᛞᛁᛋᛗᚩᚢᚾᛏᛖᛞ,498
silhouette,2553316,1,ᛋᛁᛚᚻᚩᚢᛖᛏᛏᛖ,442
southerners,2547938,1,ᛋᚩᚢᚦᛖᚱᚾᛖᚱᛋ,306
originator,2543486,1,ᚩᚱᛁᚷᛁᚾᚪᛏᚩᚱ,300
gymnastics,2542873,1,ᚷᚣᛗᚾᚪᛋᛏᛁᚳᛋ,526
materiality,2539315,1,ᛗᚪᛏᛖᚱᛡᛚᛁᛏᚣ,678
tantamount,2536856,1,ᛏᚪᚾᛏᚪᛗᚩᚢᚾᛏ,510
perpetuity,2535921,1,ᛈᛖᚱᛈᛖᛏᚢᛁᛏᚣ,486
vestibular,2535101,1,ᚢᛖᛋᛏᛁᛒᚢᛚᚪᚱ,458
leukocytes,2530008,1,ᛚᛖᚢᚳᚩᚳᚣᛏᛖᛋ,458
specializes,2529787,1,ᛋᛈᛖᚳᛡᛚᛁᛋᛖᛋ,560
substratum,2529556,1,ᛋᚢᛒᛋᛏᚱᚪᛏᚢᛗ,470
occidental,2529437,1,ᚩᚳᚳᛁᛞᛖᚾᛏᚪᛚ,478
infinitive,2529226,1,ᛁᚾᚠᛁᚾᛁᛏᛁᚢᛖ,313
abominable,2524931,1,ᚪᛒᚩᛗᛁᚾᚪᛒᛚᛖ,594
geographers,2517661,1,ᚷᛇᚷᚱᚪᛈᚻᛖᚱᛋ,380
cottonwood,2514222,1,ᚳᚩᛏᛏᚩᚾᚹᚩᚩᛞ,296
streamlined,2513714,1,ᛋᛏᚱᛠᛗᛚᛁᚾᛖᛞ,592
loveliness,2509087,1,ᛚᚩᚢᛖᛚᛁᚾᛖᛋᛋ,456
classifier,2507229,1,ᚳᛚᚪᛋᛋᛁᚠᛁᛖᚱ,431
testimonial,2503237,1,ᛏᛖᛋᛏᛁᛗᚩᚾᛡᛚ,556
pulverized,2502117,1,ᛈᚢᛚᚢᛖᚱᛁᛋᛖᛞ,440
carcinomas,2501436,1,ᚳᚪᚱᚳᛁᚾᚩᛗᚪᛋ,422
forerunner,2500472,1,ᚠᚩᚱᛖᚱᚢᚾᚾᛖᚱ,237
judicature,2490527,1,ᛂᚢᛞᛁᚳᚪᛏᚢᚱᛖ,410
banishment,2486121,1,ᛒᚪᚾᛁᛋᚻᛗᛖᚾᛏ,520
fanaticism,2479367,1,ᚠᚪᚾᚪᛏᛁᚳᛁᛋᛗ,483
hurricanes,2476312,1,ᚻᚢᚱᚱᛁᚳᚪᚾᛖᛋ,338
alkalinity,2475440,1,ᚪᛚᚳᚪᛚᛁᚾᛁᛏᚣ,606
eigenvalue,2473855,1,ᛖᛁᚷᛖᚾᚢᚪᛚᚢᛖ,454
storehouse,2473203,1,ᛋᛏᚩᚱᛖᚻᚩᚢᛋᛖ,350
naturalism,2471141,1,ᚾᚪᛏᚢᚱᚪᛚᛁᛋᛗ,524
phonograph,2466136,1,ᛈᚻᚩᚾᚩᚷᚱᚪᛈᚻ,300
miscarriage,2462332,1,ᛗᛁᛋᚳᚪᚱᚱᛡᚷᛖ,478
preposition,2459977,1,ᛈᚱᛖᛈᚩᛋᛁᛏᛡᚾ,450
footprints,2458078,1,ᚠᚩᚩᛏᛈᚱᛁᚾᛏᛋ,301
micrometer,2458043,1,ᛗᛁᚳᚱᚩᛗᛖᛏᛖᚱ,408
periodontal,2451677,1,ᛈᛖᚱᛡᛞᚩᚾᛏᚪᛚ,582
complicating,2449270,1,ᚳᚩᛗᛈᛚᛁᚳᚪᛏᛝ,486
fortresses,2448038,1,ᚠᚩᚱᛏᚱᛖᛋᛋᛖᛋ,383
ratepayers,2448026,1,ᚱᚪᛏᛖᛈᚪᚣᛖᚱᛋ,608
detergents,2445389,1,ᛞᛖᛏᛖᚱᚷᛖᚾᛏᛋ,518
macpherson,2444520,1,ᛗᚪᚳᛈᚻᛖᚱᛋᚩᚾ,414
absorbance,2439205,1,ᚪᛒᛋᚩᚱᛒᚪᚾᚳᛖ,496
expeditious,2438667,1,ᛖᛉᛈᛖᛞᛁᛏᛡᚢᛋ,566
illegality,2436437,1,ᛁᛚᛚᛖᚷᚪᛚᛁᛏᚣ,624
submissive,2435496,1,ᛋᚢᛒᛗᛁᛋᛋᛁᚢᛖ,426
propellers,2435402,1,ᛈᚱᚩᛈᛖᛚᛚᛖᚱᛋ,448
strictures,2432476,1,ᛋᛏᚱᛁᚳᛏᚢᚱᛖᛋ,360
perplexity,2431065,1,ᛈᛖᚱᛈᛚᛖᛉᛁᛏᚣ,544
dehydrated,2425274,1,ᛞᛖᚻᚣᛞᚱᚪᛏᛖᛞ,694
robustness,2425049,1,ᚱᚩᛒᚢᛋᛏᚾᛖᛋᛋ,396
supplanted,2424990,1,ᛋᚢᛈᛈᛚᚪᚾᛏᛖᛞ,556
tyrannical,2423938,1,ᛏᚣᚱᚪᚾᚾᛁᚳᚪᛚ,542
grapefruit,2423307,1,ᚷᚱᚪᛈᛖᚠᚱᚢᛁᛏ,341
evaporator,2423280,1,ᛖᚢᚪᛈᚩᚱᚪᛏᚩᚱ,402
vindicated,2417071,1,ᚢᛁᚾᛞᛁᚳᚪᛏᛖᛞ,508
granulated,2410406,1,ᚷᚱᚪᚾᚢᛚᚪᛏᛖᛞ,542
machiavelli,2405602,1,ᛗᚪᚳᚻᛡᚢᛖᛚᛚᛁ,558
testicular,2402344,1,ᛏᛖᛋᛏᛁᚳᚢᛚᚪᚱ,466
britannica,2397944,1,ᛒᚱᛁᛏᚪᚾᚾᛁᚳᚪ,458
rapporteur,2396106,1,ᚱᚪᛈᛈᚩᚱᛏᛖᚢᚱ,352
evangelists,2389855,1,ᛖᚢᚪᛝᛖᛚᛁᛋᛏᛋ,582
cornwallis,2388425,1,ᚳᚩᚱᚾᚹᚪᛚᛚᛁᛋ,406
sensitized,2378923,1,ᛋᛖᚾᛋᛁᛏᛁᛋᛖᛞ,532
processions,2377357,1,ᛈᚱᚩᚳᛖᛋᛋᛡᚾᛋ,436
reproduces,2376676,1,ᚱᛖᛈᚱᚩᛞᚢᚳᛖᛋ,364
repurchase,2374524,1,ᚱᛖᛈᚢᚱᚳᚻᚪᛋᛖ,388
shenandoah,2374271,1,ᛋᚻᛖᚾᚪᚾᛞᚩᚪᚻ,514
shipowners,2372204,1,ᛋᚻᛁᛈᚩᚹᚾᛖᚱᛋ,336
discordant,2372139,1,ᛞᛁᛋᚳᚩᚱᛞᚪᚾᛏ,478
metabolite,2371899,1,ᛗᛖᛏᚪᛒᚩᛚᛁᛏᛖ,592
cheltenham,2360001,1,ᚳᚻᛖᛚᛏᛖᚾᚻᚪᛗ,522
huntsville,2359278,1,ᚻᚢᚾᛏᛋᚢᛁᛚᛚᛖ,414
appointees,2356780,1,ᚪᛈᛈᚩᛁᚾᛏᛖᛖᛋ,496
milestones,2355340,1,ᛗᛁᛚᛖᛋᛏᚩᚾᛖᛋ,510
antioxidant,2354662,1,ᚪᚾᛏᛡᛉᛁᛞᚪᚾᛏ,644
circumvent,2353701,1,ᚳᛁᚱᚳᚢᛗᚢᛖᚾᛏ,300
fingerprints,2352886,1,ᚠᛝᛖᚱᛈᚱᛁᚾᛏᛋ,385
redeemable,2352854,1,ᚱᛖᛞᛖᛖᛗᚪᛒᛚᛖ,670
eloquently,2349339,1,ᛖᛚᚩᚳᚹᛖᚾᛏᛚᚣ,510
judiciously,2338209,1,ᛂᚢᛞᛁᚳᛡᚢᛋᛚᚣ,512
bolsheviks,2337959,1,ᛒᚩᛚᛋᚻᛖᚢᛁᚳᛋ,384
bipartisan,2335755,1,ᛒᛁᛈᚪᚱᛏᛁᛋᚪᚾ,512
tubercular,2335021,1,ᛏᚢᛒᛖᚱᚳᚢᛚᚪᚱ,398
prehistory,2334789,1,ᛈᚱᛖᚻᛁᛋᛏᚩᚱᚣ,408
lamentable,2334666,1,ᛚᚪᛗᛖᚾᛏᚪᛒᛚᛖ,694
celebrates,2333717,1,ᚳᛖᛚᛖᛒᚱᚪᛏᛖᛋ,568
complicity,2333499,1,ᚳᚩᛗᛈᛚᛁᚳᛁᛏᚣ,444
fertiliser,2328952,1,ᚠᛖᚱᛏᛁᛚᛁᛋᛖᚱ,405
brightened,2324736,1,ᛒᚱᛁᚷᚻᛏᛖᚾᛖᛞ,454
tryptophan,2323191,1,ᛏᚱᚣᛈᛏᚩᛈᚻᚪᚾ,474
speechless,2318161,1,ᛋᛈᛖᛖᚳᚻᛚᛖᛋᛋ,512
connotation,2317329,1,ᚳᚩᚾᚾᚩᛏᚪᛏᛡᚾ,436
bookkeeper,2317067,1,ᛒᚩᚩᚳᚳᛖᛖᛈᛖᚱ,356
shouldered,2314654,1,ᛋᚻᚩᚢᛚᛞᛖᚱᛖᛞ,482
deflections,2304004,1,ᛞᛖᚠᛚᛖᚳᛏᛡᚾᛋ,559
transients,2294983,1,ᛏᚱᚪᚾᛋᛁᛖᚾᛏᛋ,488
dissociated,2293472,1,ᛞᛁᛋᛋᚩᚳᛡᛏᛖᛞ,568
appreciates,2292565,1,ᚪᛈᛈᚱᛖᚳᛡᛏᛖᛋ,560
postpartum,2286136,1,ᛈᚩᛋᛏᛈᚪᚱᛏᚢᛗ,446
bereavement,2285263,1,ᛒᛖᚱᛠᚢᛖᛗᛖᚾᛏ,544
promontory,2283079,1,ᛈᚱᚩᛗᚩᚾᛏᚩᚱᚣ,348
reflectors,2280089,1,ᚱᛖᚠᛚᛖᚳᛏᚩᚱᛋ,363
theretofore,2279396,1,ᚦᛖᚱᛖᛏᚩᚠᚩᚱᛖ,303
resurgence,2278047,1,ᚱᛖᛋᚢᚱᚷᛖᚾᚳᛖ,338
passageway,2276378,1,ᛈᚪᛋᛋᚪᚷᛖᚹᚪᚣ,646
inequities,2275354,1,ᛁᚾᛖᚳᚹᛁᛏᛁᛖᛋ,400
telegraphs,2272546,1,ᛏᛖᛚᛖᚷᚱᚪᛈᚻᛋ,510
protectors,2268309,1,ᛈᚱᚩᛏᛖᚳᛏᚩᚱᛋ,330
follicular,2266494,1,ᚠᚩᛚᛚᛁᚳᚢᛚᚪᚱ,383
benediction,2264433,1,ᛒᛖᚾᛖᛞᛁᚳᛏᛡᚾ,552
helplessly,2260122,1,ᚻᛖᛚᛈᛚᛖᛋᛋᛚᚣ,628
breastfeeding,2257479,1,ᛒᚱᛠᛋᛏᚠᛖᛖᛞᛝ,597
floodplain,2256589,1,ᚠᛚᚩᚩᛞᛈᛚᚪᛁᚾ,451
tumultuous,2251907,1,ᛏᚢᛗᚢᛚᛏᚢᚩᚢᛋ,334
intersects,2250934,1,ᛁᚾᛏᛖᚱᛋᛖᚳᛏᛋ,442
benchmarks,2250809,1,ᛒᛖᚾᚳᚻᛗᚪᚱᚳᛋ,438
erythrocyte,2250569,1,ᛖᚱᚣᚦᚱᚩᚳᚣᛏᛖ,446
incongruous,2246842,1,ᛁᚾᚳᚩᛝᚱᚢᚩᚢᛋ,236
autocratic,2244805,1,ᚪᚢᛏᚩᚳᚱᚪᛏᛁᚳ,390
solidified,2244483,1,ᛋᚩᛚᛁᛞᛁᚠᛁᛖᛞ,473
uneducated,2243945,1,ᚢᚾᛖᛞᚢᚳᚪᛏᛖᛞ,516
skillfully,2242482,1,ᛋᚳᛁᛚᛚᚠᚢᛚᛚᚣ,497
parathyroid,2242481,1,ᛈᚪᚱᚪᚦᚣᚱᚩᛁᛞ,494
azerbaijan,2241513,1,ᚪᛋᛖᚱᛒᚪᛁᛂᚪᚾ,580
mesenteric,2237911,1,ᛗᛖᛋᛖᚾᛏᛖᚱᛁᚳ,468
telegraphy,2237497,1,ᛏᛖᛚᛖᚷᚱᚪᛈᚻᚣ,560
adventurer,2235344,1,ᚪᛞᚢᛖᚾᛏᚢᚱᛖᚱ,436
shropshire,2233699,1,ᛋᚻᚱᚩᛈᛋᚻᛁᚱᛖ,322
logistical,2230231,1,ᛚᚩᚷᛁᛋᛏᛁᚳᚪᛚ,454
bonneville,2225312,1,ᛒᚩᚾᚾᛖᚢᛁᛚᛚᛖ,440
unreported,2223136,1,ᚢᚾᚱᛖᛈᚩᚱᛏᛖᛞ,386
registrars,2217963,1,ᚱᛖᚷᛁᛋᛏᚱᚪᚱᛋ,410
modernized,2216879,1,ᛗᚩᛞᛖᚱᚾᛁᛋᛖᛞ,514
incumbents,2216322,1,ᛁᚾᚳᚢᛗᛒᛖᚾᛏᛋ,416
carboxylic,2215198,1,ᚳᚪᚱᛒᚩᛉᚣᛚᛁᚳ,456
simplifies,2213029,1,ᛋᛁᛗᛈᛚᛁᚠᛁᛖᛋ,455
inexorable,2212744,1,ᛁᚾᛖᛉᚩᚱᚪᛒᛚᛖ,490
splendidly,2211056,1,ᛋᛈᛚᛖᚾᛞᛁᛞᛚᚣ,650
ventricles,2208888,1,ᚢᛖᚾᛏᚱᛁᚳᛚᛖᛋ,406
estimators,2207684,1,ᛖᛋᛏᛁᛗᚪᛏᚩᚱᛋ,508
countryman,2203739,1,ᚳᚩᚢᚾᛏᚱᚣᛗᚪᚾ,422
upholstery,2203627,1,ᚢᛈᚻᚩᛚᛋᛏᛖᚱᚣ,442
unattended,2203272,1,ᚢᚾᚪᛏᛏᛖᚾᛞᛖᛞ,588
returnable,2200091,1,ᚱᛖᛏᚢᚱᚾᚪᛒᛚᛖ,478
paperboard,2198271,1,ᛈᚪᛈᛖᚱᛒᚩᚪᚱᛞ,526
timeliness,2197999,1,ᛏᛁᛗᛖᛚᛁᚾᛖᛋᛋ,534
apologized,2197257,1,ᚪᛈᚩᛚᚩᚷᛁᛋᛖᛞ,484
radiographs,2195903,1,ᚱᚪᛞᛡᚷᚱᚪᛈᚻᛋ,548
proscribed,2190715,1,ᛈᚱᚩᛋᚳᚱᛁᛒᛖᛞ,386
glomerular,2190593,1,ᚷᛚᚩᛗᛖᚱᚢᛚᚪᚱ,430
omnipotent,2188582,1,ᚩᛗᚾᛁᛈᚩᛏᛖᚾᛏ,402
majorities,2184275,1,ᛗᚪᛂᚩᚱᛁᛏᛁᛖᛋ,464
disrespect,2184207,1,ᛞᛁᛋᚱᛖᛋᛈᛖᚳᛏ,486
battleship,2182924,1,ᛒᚪᛏᛏᛚᛖᛋᚻᛁᛈ,566
undercover,2179245,1,ᚢᚾᛞᛖᚱᚳᚩᚢᛖᚱ,300
camouflage,2178937,1,ᚳᚪᛗᚩᚢᚠᛚᚪᚷᛖ,447
enlightening,2178594,1,ᛖᚾᛚᛁᚷᚻᛏᛖᚾᛝ,474
overloaded,2174967,1,ᚩᚢᛖᚱᛚᚩᚪᛞᛖᛞ,510
thoughtless,2169808,1,ᚦᚩᚢᚷᚻᛏᛚᛖᛋᛋ,360
perpetuating,2168578,1,ᛈᛖᚱᛈᛖᛏᚢᚪᛏᛝ,528
succinctly,2160513,1,ᛋᚢᚳᚳᛁᚾᚳᛏᛚᚣ,390
discoverer,2158771,1,ᛞᛁᛋᚳᚩᚢᛖᚱᛖᚱ,352
australasia,2157894,1,ᚪᚢᛋᛏᚱᚪᛚᚪᛋᛡ,650
impassable,2156789,1,ᛁᛗᛈᚪᛋᛋᚪᛒᛚᛖ,646
nonferrous,2155687,1,ᚾᚩᚾᚠᛖᚱᚱᚩᚢᛋ,219
integrates,2155273,1,ᛁᚾᛏᛖᚷᚱᚪᛏᛖᛋ,490
admonished,2149553,1,ᚪᛞᛗᚩᚾᛁᛋᚻᛖᛞ,556
surrendering,2144745,1,ᛋᚢᚱᚱᛖᚾᛞᛖᚱᛝ,420
regressions,2144096,1,ᚱᛖᚷᚱᛖᛋᛋᛡᚾᛋ,468
alternates,2143502,1,ᚪᛚᛏᛖᚱᚾᚪᛏᛖᛋ,612
impassioned,2143189,1,ᛁᛗᛈᚪᛋᛋᛡᚾᛖᛞ,640
numberless,2142821,1,ᚾᚢᛗᛒᛖᚱᛚᛖᛋᛋ,488
maliciously,2142126,1,ᛗᚪᛚᛁᚳᛡᚢᛋᛚᚣ,624
mattresses,2141824,1,ᛗᚪᛏᛏᚱᛖᛋᛋᛖᛋ,590
federations,2139206,1,ᚠᛖᛞᛖᚱᚪᛏᛡᚾᛋ,581
militarism,2138827,1,ᛗᛁᛚᛁᛏᚪᚱᛁᛋᛗ,528
unadjusted,2136032,1,ᚢᚾᚪᛞᛂᚢᛋᛏᛖᛞ,526
aggravation,2135378,1,ᚪᚷᚷᚱᚪᚢᚪᛏᛡᚾ,534
dramatists,2132516,1,ᛞᚱᚪᛗᚪᛏᛁᛋᛏᛋ,620
unlicensed,2128839,1,ᚢᚾᛚᛁᚳᛖᚾᛋᛖᛞ,454
innocently,2127617,1,ᛁᚾᚾᚩᚳᛖᚾᛏᛚᚣ,440
neutralizing,2122635,1,ᚾᛖᚢᛏᚱᚪᛚᛁᛋᛝ,502
injustices,2120474,1,ᛁᚾᛂᚢᛋᛏᛁᚳᛖᛋ,376
chronicler,2118671,1,ᚳᚻᚱᚩᚾᛁᚳᛚᛖᚱ,278
mohammedan,2116867,1,ᛗᚩᚻᚪᛗᛗᛖᛞᚪᚾ,622
eyewitness,2115184,1,ᛖᚣᛖᚹᛁᛏᚾᛖᛋᛋ,548
microfilms,2114906,1,ᛗᛁᚳᚱᚩᚠᛁᛚᛗᛋ,363
indigestion,2114143,1,ᛁᚾᛞᛁᚷᛖᛋᛏᛡᚾ,512
copolymers,2102404,1,ᚳᚩᛈᚩᛚᚣᛗᛖᚱᛋ,448
macrophage,2101481,1,ᛗᚪᚳᚱᚩᛈᚻᚪᚷᛖ,446
convulsive,2100243,1,ᚳᚩᚾᚢᚢᛚᛋᛁᚢᛖ,282
phenotypic,2100211,1,ᛈᚻᛖᚾᚩᛏᚣᛈᛁᚳ,418
insightful,2097076,1,ᛁᚾᛋᛁᚷᚻᛏᚠᚢᛚ,321
nonpayment,2097041,1,ᚾᚩᚾᛈᚪᚣᛗᛖᚾᛏ,534
commutator,2096518,1,ᚳᚩᛗᛗᚢᛏᚪᛏᚩᚱ,398
dependants,2096055,1,ᛞᛖᛈᛖᚾᛞᚪᚾᛏᛋ,622
piccadilly,2095750,1,ᛈᛁᚳᚳᚪᛞᛁᛚᛚᚣ,566
turnaround,2095557,1,ᛏᚢᚱᚾᚪᚱᚩᚢᚾᛞ,338
inaccuracy,2095188,1,ᛁᚾᚪᚳᚳᚢᚱᚪᚳᚣ,410
belleville,2093284,1,ᛒᛖᛚᛚᛖᚢᛁᛚᛚᛖ,588
geomagnetic,2092919,1,ᚷᛇᛗᚪᚷᚾᛖᛏᛁᚳ,442
miscellany,2092474,1,ᛗᛁᛋᚳᛖᛚᛚᚪᚾᚣ,610
overdrafts,2091449,1,ᚩᚢᛖᚱᛞᚱᚪᚠᛏᛋ,399
uncommonly,2091204,1,ᚢᚾᚳᚩᛗᛗᚩᚾᛚᚣ,406
articulating,2090959,1,ᚪᚱᛏᛁᚳᚢᛚᚪᛏᛝ,522
instigated,2090013,1,ᛁᚾᛋᛏᛁᚷᚪᛏᛖᛞ,532
outweighed,2086966,1,ᚩᚢᛏᚹᛖᛁᚷᚻᛖᛞ,382
percolation,2086542,1,ᛈᛖᚱᚳᚩᛚᚪᛏᛡᚾ,506
overpowering,2082233,1,ᚩᚢᛖᚱᛈᚩᚹᛖᚱᛝ,314
cantilever,2080705,1,ᚳᚪᚾᛏᛁᛚᛖᚢᛖᚱ,450
undermines,2077378,1,ᚢᚾᛞᛖᚱᛗᛁᚾᛖᛋ,450
intolerant,2073594,1,ᛁᚾᛏᚩᛚᛖᚱᚪᚾᛏ,462
projectors,2071619,1,ᛈᚱᚩᛂᛖᚳᛏᚩᚱᛋ,308
disruptions,2071231,1,ᛞᛁᛋᚱᚢᛈᛏᛡᚾᛋ,478
overburden,2070456,1,ᚩᚢᛖᚱᛒᚢᚱᛞᛖᚾ,348
encumbered,2066377,1,ᛖᚾᚳᚢᛗᛒᛖᚱᛖᛞ,478
innervation,2065430,1,ᛁᚾᚾᛖᚱᚢᚪᛏᛡᚾ,462
bookstores,2062106,1,ᛒᚩᚩᚳᛋᛏᚩᚱᛖᛋ,338
suppressor,2058966,1,ᛋᚢᛈᛈᚱᛖᛋᛋᚩᚱ,344
montenegro,2058775,1,ᛗᚩᚾᛏᛖᚾᛖᚷᚱᚩ,364
stipulates,2056862,1,ᛋᛏᛁᛈᚢᛚᚪᛏᛖᛋ,538
ventilator,2056648,1,ᚢᛖᚾᛏᛁᛚᚪᛏᚩᚱ,436
curiosities,2056051,1,ᚳᚢᚱᛡᛋᛁᛏᛁᛖᛋ,428
dispatcher,2055361,1,ᛞᛁᛋᛈᚪᛏᚳᚻᛖᚱ,486
hinterland,2054644,1,ᚻᛁᚾᛏᛖᚱᛚᚪᚾᛞ,508
communique,2054547,1,ᚳᚩᛗᛗᚢᚾᛁᚳᚹᛖ,324
orthography,2053717,1,ᚩᚱᚦᚩᚷᚱᚪᛈᚻᚣ,324
apologetic,2051623,1,ᚪᛈᚩᛚᚩᚷᛖᛏᛁᚳ,414
slaughtering,2049689,1,ᛋᛚᚪᚢᚷᚻᛏᛖᚱᛝ,482
inordinate,2047073,1,ᛁᚾᚩᚱᛞᛁᚾᚪᛏᛖ,450
empiricism,2045649,1,ᛖᛗᛈᛁᚱᛁᚳᛁᛋᛗ,422
elucidated,2044525,1,ᛖᛚᚢᚳᛁᛞᚪᛏᛖᛞ,588
unexplored,2043816,1,ᚢᚾᛖᛉᛈᛚᚩᚱᛖᛞ,436
recitations,2041185,1,ᚱᛖᚳᛁᛏᚪᛏᛡᚾᛋ,526
habitations,2039669,1,ᚻᚪᛒᛁᛏᚪᛏᛡᚾᛋ,616
positivism,2039668,1,ᛈᚩᛋᛁᛏᛁᚢᛁᛋᛗ,382
prophesied,2035758,1,ᛈᚱᚩᛈᚻᛖᛋᛁᛖᛞ,434
amelioration,2035680,1,ᚪᛗᛖᛚᛡᚱᚪᛏᛡᚾ,718
seminaries,2034348,1,ᛋᛖᛗᛁᚾᚪᚱᛁᛖᛋ,510
fortuitous,2033963,1,ᚠᚩᚱᛏᚢᛁᛏᚩᚢᛋ,235
insurgency,2031776,1,ᛁᚾᛋᚢᚱᚷᛖᚾᚳᚣ,356
foreclosed,2030764,1,ᚠᚩᚱᛖᚳᛚᚩᛋᛖᛞ,389
endoscopic,2029194,1,ᛖᚾᛞᚩᛋᚳᚩᛈᛁᚳ,352
stubbornly,2028717,1,ᛋᛏᚢᛒᛒᚩᚱᚾᛚᚣ,460
separators,2022318,1,ᛋᛖᛈᚪᚱᚪᛏᚩᚱᛋ,498
reputations,2020007,1,ᚱᛖᛈᚢᛏᚪᛏᛡᚾᛋ,528
quadrupole,2018843,1,ᚳᚹᚪᛞᚱᚢᛈᚩᛚᛖ,422
mindedness,2010888,1,ᛗᛁᚾᛞᛖᛞᚾᛖᛋᛋ,578
testaments,2006994,1,ᛏᛖᛋᛏᚪᛗᛖᚾᛏᛋ,614
afflictions,2006066,1,ᚪᚠᚠᛚᛁᚳᛏᛡᚾᛋ,466
antoinette,2005706,1,ᚪᚾᛏᚩᛁᚾᛖᛏᛏᛖ,504
subroutine,2004996,1,ᛋᚢᛒᚱᚩᚢᛏᛁᚾᛖ,324
depositary,2000025,1,ᛞᛖᛈᚩᛋᛁᛏᚪᚱᚣ,560
executioner,1999977,1,ᛖᛉᛖᚳᚢᛏᛡᚾᛖᚱ,470
underscore,1999918,1,ᚢᚾᛞᛖᚱᛋᚳᚩᚱᛖ,350
disappoint,1997520,1,ᛞᛁᛋᚪᛈᛈᚩᛁᚾᛏ,482
centerline,1995648,1,ᚳᛖᚾᛏᛖᚱᛚᛁᚾᛖ,446
drowsiness,1995375,1,ᛞᚱᚩᚹᛋᛁᚾᛖᛋᛋ,412
mccullough,1992215,1,ᛗᚳᚳᚢᛚᛚᚩᚢᚷᚻ,296
orchestras,1991863,1,ᚩᚱᚳᚻᛖᛋᛏᚱᚪᛋ,394
indentation,1988674,1,ᛁᚾᛞᛖᚾᛏᚪᛏᛡᚾ,596
screenplay,1988337,1,ᛋᚳᚱᛖᛖᚾᛈᛚᚪᚣ,556
harmonized,1987594,1,ᚻᚪᚱᛗᚩᚾᛁᛋᛖᛞ,478
haemoglobin,1987024,1,ᚻᚫᛗᚩᚷᛚᚩᛒᛁᚾ,420
deportment,1986620,1,ᛞᛖᛈᚩᚱᛏᛗᛖᚾᛏ,502
demosthenes,1986530,1,ᛞᛖᛗᚩᛋᚦᛖᚾᛖᛋ,508
dissonance,1986181,1,ᛞᛁᛋᛋᚩᚾᚪᚾᚳᛖ,468
ionospheric,1985535,1,ᛡᚾᚩᛋᛈᚻᛖᚱᛁᚳ,384
westerners,1985244,1,ᚹᛖᛋᛏᛖᚱᚾᛖᚱᛋ,436
interrupts,1977219,1,ᛁᚾᛏᛖᚱᚱᚢᛈᛏᛋ,366
embryology,1976644,1,ᛖᛗᛒᚱᚣᚩᛚᚩᚷᚣ,520
homeostasis,1976378,1,ᚻᚩᛗᛇᛋᛏᚪᛋᛁᛋ,488
willamette,1973420,1,ᚹᛁᛚᛚᚪᛗᛖᛏᛏᛖ,616
impartially,1972909,1,ᛁᛗᛈᚪᚱᛏᛡᛚᛚᚣ,668
materialist,1971945,1,ᛗᚪᛏᛖᚱᛡᛚᛁᛋᛏ,628
synagogues,1971462,1,ᛋᚣᚾᚪᚷᚩᚷᚢᛖᛋ,446
convolution,1970271,1,ᚳᚩᚾᚢᚩᛚᚢᛏᛡᚾ,330
extremists,1970183,1,ᛖᛉᛏᚱᛖᛗᛁᛋᛏᛋ,518
monticello,1969918,1,ᛗᚩᚾᛏᛁᚳᛖᛚᛚᚩ,430
derogatory,1969353,1,ᛞᛖᚱᚩᚷᚪᛏᚩᚱᚣ,468
boisterous,1966545,1,ᛒᚩᛁᛋᛏᛖᚱᚩᚢᛋ,352
punctuated,1966527,1,ᛈᚢᚾᚳᛏᚢᚪᛏᛖᛞ,462
affectation,1965415,1,ᚪᚠᚠᛖᚳᛏᚪᛏᛡᚾ,532
distillery,1963748,1,ᛞᛁᛋᛏᛁᛚᛚᛖᚱᚣ,590
relativism,1963657,1,ᚱᛖᛚᚪᛏᛁᚢᛁᛋᛗ,496
malfunction,1963368,1,ᛗᚪᛚᚠᚢᚾᚳᛏᛡᚾ,483
intimidate,1962211,1,ᛁᚾᛏᛁᛗᛁᛞᚪᛏᛖ,564
peroxidase,1960769,1,ᛈᛖᚱᚩᛉᛁᛞᚪᛋᛖ,512
regressive,1960057,1,ᚱᛖᚷᚱᛖᛋᛋᛁᚢᛖ,380
unimproved,1957532,1,ᚢᚾᛁᛗᛈᚱᚩᚢᛖᛞ,354
antichrist,1957041,1,ᚪᚾᛏᛁᚳᚻᚱᛁᛋᛏ,406
maturities,1953796,1,ᛗᚪᛏᚢᚱᛁᛏᛁᛖᛋ,482
naphthalene,1952184,1,ᚾᚪᛈᚻᚦᚪᛚᛖᚾᛖ,530
buttermilk,1950146,1,ᛒᚢᛏᛏᛖᚱᛗᛁᛚᚳ,448
myocardium,1949482,1,ᛗᚣᚩᚳᚪᚱᛞᛁᚢᛗ,496
endometrial,1948803,1,ᛖᚾᛞᚩᛗᛖᛏᚱᛡᛚ,580
journeymen,1945185,1,ᛂᚩᚢᚱᚾᛖᚣᛗᛖᚾ,424
crustaceans,1944663,1,ᚳᚱᚢᛋᛏᚪᚳᛠᚾᛋ,440
exchangeable,1944576,1,ᛖᛉᚳᚻᚪᛝᛠᛒᛚᛖ,636
realignment,1943522,1,ᚱᛠᛚᛁᚷᚾᛗᛖᚾᛏ,496
materialize,1942152,1,ᛗᚪᛏᛖᚱᛡᛚᛁᛋᛖ,636
crankshaft,1941527,1,ᚳᚱᚪᚾᚳᛋᚻᚪᚠᛏ,397
fiberglass,1940475,1,ᚠᛁᛒᛖᚱᚷᛚᚪᛋᛋ,465
endothelium,1939084,1,ᛖᚾᛞᚩᚦᛖᛚᛁᚢᛗ,442
subjugation,1938409,1,ᛋᚢᛒᛂᚢᚷᚪᛏᛡᚾ,466
referential,1936709,1,ᚱᛖᚠᛖᚱᛖᚾᛏᛡᛚ,493
radiocarbon,1934283,1,ᚱᚪᛞᛡᚳᚪᚱᛒᚩᚾ,522
unimpaired,1930127,1,ᚢᚾᛁᛗᛈᚪᛁᚱᛖᛞ,472