"abbe",492502,0,"ᚪᛒᛒᛖ",286
"abbr",66444,0,"ᚪᛒᛒᚱ",230
"abeam",115688,0,"ᚪᛒᛠᛗ",338
"abed",281029,0,"ᚪᛒᛖᛞ",314
"abet",231528,0,"ᚪᛒᛖᛏ",284
"able",90910123,1,"ᚪᛒᛚᛖ",298
"ably",1787974,1,"ᚪᛒᛚᚣ",334
"abut",208570,0,"ᚪᛒᚢᛏ",220
"acct",92349,0,"ᚪᚳᚳᛏ",182
"aced",40188,0,"ᚪᚳᛖᛞ",266
"aces",358621,0,"ᚪᚳᛖᛋ",230
"ache",2049878,1,"ᚪᚳᚻᛖ",200
"aching",1055641,1,"ᚪᚳᚻᛝ",212
"achy",53382,1,"ᚪᚳᚻᚣ",236
"acid",79216860,1,"ᚪᚳᛁᛞ",230
"acme",378370,0,"ᚪᚳᛗᛖ",248
"acne",964780,0,"ᚪᚳᚾᛖ",206
"acre",10307946,1,"ᚪᚳᚱᛖ",188
"acting",35263196,1,"ᚪᚳᛏᛝ",248
"acts",51885584,1,"ᚪᚳᛏᛋ",222
"adding",11802588,1,"ᚪᛞᛞᛝ",354
"adds",8408052,1,"ᚪᛞᛞᛋ",328
"adios",35536,0,"ᚪᛞᛡᛋ",346
"advt",7864,0,"ᚪᛞᚢᛏ",248
"adze",226583,0,"ᚪᛞᛋᛖ",306
"aegis",882660,0,"ᚫᚷᛁᛋ",202
"aeons",250775,1,"ᚫᚩᚾᛋ",190
"aerial",4530417,1,"ᚫᚱᛡᛚ",292
"aerie",48361,0,"ᚫᚱᛁᛖ",210
"aether",312894,0,"ᚫᚦᛖᚱ",184
"afar",2208085,1,"ᚪᚠᚪᚱ",207
"agar",2743645,0,"ᚪᚷᚪᚱ",222
"aged",20623934,1,"ᚪᚷᛖᛞ",270
"ages",13815616,1,"ᚪᚷᛖᛋ",234
"agings",2376,0,"ᚪᚷᛝᛋ",246
"agog",158449,0,"ᚪᚷᚩᚷ",138
"ague",545504,0,"ᚪᚷᚢᛖ",184
"ahead",33106028,1,"ᚪᚻᛠᛞ",318
"ahem",54559,0,"ᚪᚻᛖᛗ",258
"ahoy",49234,0,"ᚪᚻᚩᚣ",230
"aide",1652644,0,"ᚪᛁᛞᛖ",284
"aiding",2376627,1,"ᚪᛁᛞᛝ",296
"aids",7317570,1,"ᚪᛁᛞᛋ",270
"ailing",1163284,1,"ᚪᛁᛚᛝ",280
"ails",288793,1,"ᚪᛁᛚᛋ",254
"aiming",1749194,1,"ᚪᛁᛗᛝ",278
"aims",15866480,1,"ᚪᛁᛗᛋ",252
"airing",669248,1,"ᚪᛁᚱᛝ",218
"airs",1933693,1,"ᚪᛁᚱᛋ",192
"airy",939154,1,"ᚪᛁᚱᚣ",242
"ajar",650857,1,"ᚪᛂᚪᚱ",242
"akin",2230402,1,"ᚪᚳᛁᚾ",170
"alas",3970743,1,"ᚪᛚᚪᛋ",320
"albs",21555,0,"ᚪᛚᛒᛋ",284
"ales",206856,1,"ᚪᛚᛖᛋ",290
"alga",486412,0,"ᚪᛚᚷᚪ",284
"algae",3503657,0,"ᚪᛚᚷᚫ",288
"alias",1950624,1,"ᚪᛚᛡᛋ",330
"ally",6652652,1,"ᚪᛚᛚᚣ",346
"alms",2123936,1,"ᚪᛚᛗᛋ",294
"aloes",317490,0,"ᚪᛚᛟᛋ",306
"along",178396126,1,"ᚪᛚᚩᛝ",256
"alps",51121,0,"ᚪᛚᛈᛋ",266
"also",991404460,1,"ᚪᛚᛋᚩ",230
"altho",388951,0,"ᚪᛚᚦᚩ",182
"alto",1060276,0,"ᚪᛚᛏᚩ",236
"alts",13787,0,"ᚪᛚᛏᛋ",282
"alum",1265942,0,"ᚪᛚᚢᛗ",244
"amen",383406,0,"ᚪᛗᛖᚾ",264
"amid",4416336,1,"ᚪᛗᛁᛞ",288
"amir",153674,0,"ᚪᛗᛁᚱ",210
"ammo",173578,0,"ᚪᛗᛗᚩ",246
"amok",225724,1,"ᚪᛗᚩᚳ",188
"among",139706142,1,"ᚪᛗᚩᛝ",254
"amps",447090,0,"ᚪᛗᛈᛋ",264
"anal",3276190,0,"ᚪᚾᚪᛚ",296
"anew",4003196,1,"ᚪᚾᛖᚹ",212
"angel",4740937,1,"ᚪᛝᛖᛚ",316
"anger",11925620,1,"ᚪᛝᛖᚱ",254
"angle",36926006,1,"ᚪᛝᛚᛖ",316
"angling",751707,1,"ᚪᛝᛚᛝ",328
"angry",10860508,1,"ᚪᛝᚱᚣ",290
"angst",313568,1,"ᚪᛝᛋᛏ",288
"anion",1648412,0,"ᚪᚾᛡᚾ",262
"ankh",70195,0,"ᚪᚾᚳᚻ",162
"anon",979304,1,"ᚪᚾᚩᚾ",162
"ante",4567748,1,"ᚪᚾᛏᛖ",252
"anti",41963564,1,"ᚪᚾᛏᛁ",216
"ants",3580193,1,"ᚪᚾᛏᛋ",238
"anus",1847993,0,"ᚪᚾᚢᛋ",182
"aped",101934,1,"ᚪᛈᛖᛞ",296
"apes",1807171,1,"ᚪᛈᛖᛋ",260
"apex",5392756,1,"ᚪᛈᛖᛉ",254
"apnea",823760,0,"ᚪᛈᚾᛠ",278
"apps",73651,1,"ᚪᛈᛈᛋ",236
"apse",847577,0,"ᚪᛈᛋᛖ",260
"aqua",682413,0,"ᚪᚳᚹᚪ",226
"arch",11051260,1,"ᚪᚱᚳᚻ",144
"arcing",254824,1,"ᚪᚱᚳᛝ",200
"arcs",2169055,1,"ᚪᚱᚳᛋ",174
"areal",645228,0,"ᚪᚱᛠᛚ",290
"areas",64551874,1,"ᚪᚱᛠᛋ",270
"ares",101022,1,"ᚪᚱᛖᛋ",228
"arias",435981,0,"ᚪᚱᛡᛋ",268
"arid",5341880,1,"ᚪᚱᛁᛞ",228
"arks",67626,1,"ᚪᚱᚳᛋ",174
"arming",1004665,1,"ᚪᚱᛗᛝ",258
"arms",75670952,1,"ᚪᚱᛗᛋ",232
"army",40409764,1,"ᚪᚱᛗᚣ",282
"arsing",2791,0,"ᚪᚱᛋᛝ",240
"arts",12878294,1,"ᚪᚱᛏᛋ",220
"arty",190889,1,"ᚪᚱᛏᚣ",270
"arum",110051,0,"ᚪᚱᚢᛗ",182
"asap",9745,0,"ᚪᛋᚪᛈ",290
"ashing",105862,0,"ᚪᛋᚻᛝ",252
"ashy",271552,0,"ᚪᛋᚻᚣ",276
"asking",29494662,1,"ᚪᛋᚳᛝ",242
"asks",8031496,1,"ᚪᛋᚳᛋ",216
"asps",40829,1,"ᚪᛋᛈᛋ",246
"assn",18919,0,"ᚪᛋᛋᚾ",232
"asst",70351,0,"ᚪᛋᛋᛏ",262
"atom",12529659,1,"ᚪᛏᚩᛗ",234
"atop",1064676,1,"ᚪᛏᚩᛈ",206
"atria",480016,0,"ᚪᛏᚱᛡ",274
"attn",13885,0,"ᚪᛏᛏᚾ",244
"atty",21082,0,"ᚪᛏᛏᚣ",318
"audio",6045670,1,"ᚪᚢᛞᛡ",296
"auks",54534,0,"ᚪᚢᚳᛋ",166
"aunt",4210248,1,"ᚪᚢᚾᛏ",188
"aura",2845655,1,"ᚪᚢᚱᚪ",208
"auto",5799202,0,"ᚪᚢᛏᚩ",166
"avdp",6109,0,"ᚪᚢᛞᛈ",232
"aver",637268,0,"ᚪᚢᛖᚱ",178
"avian",956548,0,"ᚪᚢᛡᚾ",236
"avid",1096567,0,"ᚪᚢᛁᛞ",220
"avow",629747,1,"ᚪᚢᚩᚹ",126
"away",240905722,1,"ᚪᚹᚪᚣ",316
"awed",1090984,0,"ᚪᚹᛖᛞ",272
"awes",48174,1,"ᚪᚹᛖᛋ",236
"awls",159715,0,"ᚪᚹᛚᛋ",242
"awning",549567,1,"ᚪᚹᚾᛝ",224
"awns",76431,1,"ᚪᚹᚾᛋ",198
"awol",3726,0,"ᚪᚹᚩᛚ",196
"awry",681122,1,"ᚪᚹᚱᚣ",230
"axed",118505,1,"ᚪᛉᛖᛞ",300
"axes",7605090,1,"ᚪᛉᛖᛋ",264
"axial",5288787,1,"ᚪᛉᛡᛚ",324
"axiom",2120070,1,"ᚪᛉᛡᛗ",322
"axis",27120917,1,"ᚪᛉᛁᛋ",228
"axle",2082064,1,"ᚪᛉᛚᛖ",284
"axon",1493796,1,"ᚪᛉᚩᚾ",180
"ayah",86907,0,"ᚪᚣᚪᚻ",320
"ayes",146203,0,"ᚪᚣᛖᛋ",320
"baaed",51486,0,"ᛒᚪᚫᛞ",348
"baaing",11586,0,"ᛒᚪᚪᛝ",334
"baas",56846,0,"ᛒᚪᚪᛋ",308
"babe",1556835,1,"ᛒᚪᛒᛖ",286
"baby",36493626,1,"ᛒᚪᛒᚣ",322
"back",393815500,1,"ᛒᚪᚳᚳ",184
"bade",3355949,1,"ᛒᚪᛞᛖ",314
"bags",4291485,1,"ᛒᚪᚷᛋ",228
"baht",323111,0,"ᛒᚪᚻᛏ",240
"bail",2997060,1,"ᛒᚪᛁᛚ",262
"bait",3183781,1,"ᛒᚪᛁᛏ",248
"bake",1951625,1,"ᛒᚪᚳᛖ",238
"baking",4622334,1,"ᛒᚪᚳᛝ",250
"bald",1528472,1,"ᛒᚪᛚᛞ",320
"bale",780600,1,"ᛒᚪᛚᛖ",298
"baling",167163,1,"ᛒᚪᛚᛝ",310
"balk",170926,0,"ᛒᚪᛚᚳ",244
"ball",30261986,1,"ᛒᚪᛚᛚ",304
"balm",918871,1,"ᛒᚪᛚᛗ",302
"band",35778890,1,"ᛒᚪᚾᛞ",276
"bane",683364,1,"ᛒᚪᚾᛖ",254
"banging",1134167,1,"ᛒᚪᛝᛝ",316
"bangs",415307,1,"ᛒᚪᛝᛋ",290
"bani",74375,0,"ᛒᚪᚾᛁ",218
"bank",58763332,1,"ᛒᚪᚾᚳ",200
"bans",586722,1,"ᛒᚪᚾᛋ",240
"baps",7935,0,"ᛒᚪᛈᛋ",254
"barb",323238,0,"ᛒᚪᚱᛒ",230
"bard",1131673,1,"ᛒᚪᚱᛞ",258
"bare",17859058,1,"ᛒᚪᚱᛖ",236
"barf",33176,0,"ᛒᚪᚱᚠ",171
"baring",281817,1,"ᛒᚪᚱᛝ",248
"bark",9611672,1,"ᛒᚪᚱᚳ",182
"barn",3152798,1,"ᛒᚪᚱᚾ",198
"bars",15054974,1,"ᛒᚪᚱᛋ",222
"base",79624266,1,"ᛒᚪᛋᛖ",278
"bash",346081,1,"ᛒᚪᛋᚻ",234
"basing",1476478,1,"ᛒᚪᛋᛝ",290
"bask",408550,1,"ᛒᚪᛋᚳ",224
"bass",2707362,1,"ᛒᚪᛋᛋ",264
"bast",298415,0,"ᛒᚪᛋᛏ",270
"bate",146238,0,"ᛒᚪᛏᛖ",284
"bathe",1748824,1,"ᛒᚪᚦᛖ",230
"bathing",4241938,1,"ᛒᚪᚦᛝ",242
"baths",4273083,1,"ᛒᚪᚦᛋ",216
"bating",74281,1,"ᛒᚪᛏᛝ",296
"bats",2102388,1,"ᛒᚪᛏᛋ",270
"baud",347632,1,"ᛒᚪᚢᛞ",250
"bawd",91418,1,"ᛒᚪᚹᛞ",266
"bawl",176058,1,"ᛒᚪᚹᛚ",250
"baying",217328,1,"ᛒᚪᚣᛝ",340
"bays",2458227,1,"ᛒᚪᚣᛋ",314
"bdrm",2747,0,"ᛒᛞᚱᛗ",232
"beach",7761163,1,"ᛒᛠᚳᚻ",206
"beading",225049,1,"ᛒᛠᛞᛝ",338
"beads",5684087,1,"ᛒᛠᛞᛋ",312
"beady",201935,1,"ᛒᛠᛞᚣ",362
"beaks",634036,1,"ᛒᛠᚳᛋ",236
"beaming",1272361,1,"ᛒᛠᛗᛝ",320
"beams",8092507,1,"ᛒᛠᛗᛋ",294
"beaning",5633,0,"ᛒᛠᚾᛝ",278
"beans",4113359,1,"ᛒᛠᚾᛋ",252
"beard",3193051,1,"ᛒᛠᚱᛞ",270
"bearing",34668436,1,"ᛒᛠᚱᛝ",260
"bears",17013590,1,"ᛒᛠᚱᛋ",234
"beast",4081020,1,"ᛒᛠᛋᛏ",282
"beating",8838668,1,"ᛒᛠᛏᛝ",308
"beats",4590576,1,"ᛒᛠᛏᛋ",282
"beaus",39957,0,"ᛒᛠᚢᛋ",226
"beaut",77561,0,"ᛒᛠᚢᛏ",232
"beck",365500,1,"ᛒᛖᚳᚳ",154
"beds",8191983,1,"ᛒᛖᛞᛋ",270
"beef",8459692,1,"ᛒᛖᛖᚠ",197
"been",808575455,1,"ᛒᛖᛖᚾ",224
"beep",166115,1,"ᛒᛖᛖᛈ",238
"beer",13167126,1,"ᛒᛖᛖᚱ",206
"bees",2821340,1,"ᛒᛖᛖᛋ",248
"beet",1771466,1,"ᛒᛖᛖᛏ",254
"begs",1493307,1,"ᛒᛖᚷᛋ",198
"beings",14935990,1,"ᛒᛖᛝᛋ",260
"bell",6289060,1,"ᛒᛖᛚᛚ",274
"belt",6517850,1,"ᛒᛖᛚᛏ",260
"bend",8034900,1,"ᛒᛖᚾᛞ",246
"bent",17856024,1,"ᛒᛖᚾᛏ",216
"berg",305776,0,"ᛒᛖᚱᚷ",156
"berk",8941,0,"ᛒᛖᚱᚳ",152
"berm",170656,0,"ᛒᛖᚱᛗ",210
"berth",1386467,1,"ᛒᛖᚱᚦ",144
"best",229677334,1,"ᛒᛖᛋᛏ",240
"beta",5231916,0,"ᛒᛖᛏᚪ",284
"bets",1176452,1,"ᛒᛖᛏᛋ",240
"bevy",303712,0,"ᛒᛖᚢᚣ",234
"beys",78610,0,"ᛒᛖᚣᛋ",284
"biasing",381752,1,"ᛒᛡᛋᛝ",300
"bibs",59116,0,"ᛒᛁᛒᛋ",206
"bide",430330,1,"ᛒᛁᛞᛖ",248
"biding",208042,1,"ᛒᛁᛞᛝ",260
"bids",3424778,1,"ᛒᛁᛞᛋ",234
"bier",642101,0,"ᛒᛁᛖᚱ",170
"biff",33931,0,"ᛒᛁᚠᚠ",96
"bike",2990858,1,"ᛒᛁᚳᛖ",172
"biking",325929,1,"ᛒᛁᚳᛝ",184
"bile",5209096,1,"ᛒᛁᛚᛖ",232
"bilk",37586,0,"ᛒᛁᛚᚳ",178
"bill",38480368,1,"ᛒᛁᛚᛚ",238
"bind",4404709,1,"ᛒᛁᚾᛞ",210
"binged",16130,0,"ᛒᛝᛖᛞ",296
"binges",130687,1,"ᛒᛝᛖᛋ",260
"bins",1165306,1,"ᛒᛁᚾᛋ",174
"biota",435244,0,"ᛒᛡᛏᚪ",324
"bird",24865350,1,"ᛒᛁᚱᛞ",192
"birth",51530670,1,"ᛒᛁᚱᚦ",108
"bite",7260778,1,"ᛒᛁᛏᛖ",218
"biting",3163926,1,"ᛒᛁᛏᛝ",230
"bits",6248962,1,"ᛒᛁᛏᛋ",204
"blab",74850,0,"ᛒᛚᚪᛒ",292
"blag",4624,0,"ᛒᛚᚪᚷ",248
"blah",369094,0,"ᛒᛚᚪᚻ",254
"blat",28128,0,"ᛒᛚᚪᛏ",290
"bldg",46724,0,"ᛒᛚᛞᚷ",240
"bleak",2731132,1,"ᛒᛚᛠᚳ",256
"blear",62321,0,"ᛒᛚᛠᚱ",254
"bleat",156689,1,"ᛒᛚᛠᛏ",302
"bled",1444436,1,"ᛒᛚᛖᛞ",290
"blew",3238325,1,"ᛒᛚᛖᚹ",220
"blip",160991,1,"ᛒᛚᛁᛈ",208
"blob",353875,1,"ᛒᛚᚩᛒ",202
"bloc",1711931,0,"ᛒᛚᚩᚳ",154
"blog",444651,1,"ᛒᛚᚩᚷ",158
"blot",1836041,1,"ᛒᛚᚩᛏ",200
"blow",21010808,1,"ᛒᛚᚩᚹ",160
"blub",12611,1,"ᛒᛚᚢᛒ",198
"blue",58289050,1,"ᛒᛚᚢᛖ",204
"bluing",51745,1,"ᛒᛚᚢᛝ",216
"blur",1815637,1,"ᛒᛚᚢᚱ",148
"blvd",33751,0,"ᛒᛚᚢᛞ",226
"boar",1599926,1,"ᛒᚩᚪᚱ",176
"boas",77915,1,"ᛒᚩᚪᛋ",218
"boat",17696675,1,"ᛒᚩᚪᛏ",224
"bobs",159636,1,"ᛒᚩᛒᛋ",182
"bock",77995,0,"ᛒᚩᚳᚳ",94
"bode",214000,1,"ᛒᚩᛞᛖ",224
"boding",99819,1,"ᛒᚩᛞᛝ",236
"bods",21049,0,"ᛒᚩᛞᛋ",210
"body",238540690,1,"ᛒᚩᛞᚣ",260
"boga",10141,0,"ᛒᚩᚷᚪ",182
"bogs",972332,1,"ᛒᚩᚷᛋ",138
"bogy",53709,1,"ᛒᚩᚷᚣ",188
"boil",4598534,1,"ᛒᚩᛁᛚ",172
"bola",51259,0,"ᛒᚩᛚᚪ",238
"bold",6880761,1,"ᛒᚩᛚᛞ",230
"bole",251359,0,"ᛒᚩᛚᛖ",208
"boll",339944,1,"ᛒᚩᛚᛚ",214
"bolt",4433626,1,"ᛒᚩᛚᛏ",200
"bomb",9218700,1,"ᛒᚩᛗᛒ",200
"bond",25454772,1,"ᛒᚩᚾᛞ",186
"bone",36562898,1,"ᛒᚩᚾᛖ",164
"bonging",4917,1,"ᛒᚩᛝᛝ",226
"bongo",72318,1,"ᛒᚩᛝᚩ",154
"bongs",12184,1,"ᛒᚩᛝᛋ",200
"boning",74985,1,"ᛒᚩᚾᛝ",176
"bonk",35961,0,"ᛒᚩᚾᚳ",110
"bony",1978561,1,"ᛒᚩᚾᚣ",200
"boob",100716,0,"ᛒᚩᚩᛒ",136
"booed",154208,1,"ᛒᚩᛟᛞ",240
"booing",90193,1,"ᛒᚩᚩᛝ",154
"book",195423273,1,"ᛒᚩᚩᚳ",88
"boom",6802120,1,"ᛒᚩᚩᛗ",146
"boon",2066752,1,"ᛒᚩᚩᚾ",104
"boor",203138,0,"ᛒᚩᚩᚱ",86
"boos",115980,1,"ᛒᚩᚩᛋ",128
"boot",4726144,1,"ᛒᚩᚩᛏ",134
"booth",1230973,1,"ᛒᚩᚩᚦ",80
"bops",7784,1,"ᛒᚩᛈᛋ",164
"bore",8590223,1,"ᛒᚩᚱᛖ",146
"boring",4565994,1,"ᛒᚩᚱᛝ",158
"born",81344458,1,"ᛒᚩᚱᚾ",108
"bosh",97469,0,"ᛒᚩᛋᚻ",144
"boss",4503682,1,"ᛒᚩᛋᛋ",174
"bothy",39445,0,"ᛒᚩᚦᚣ",176
"bots",89733,1,"ᛒᚩᛏᛋ",180
"bout",2319990,0,"ᛒᚩᚢᛏ",130
"bowing",1990539,1,"ᛒᚩᚹᛝ",166
"bowl",11328952,1,"ᛒᚩᚹᛚ",160
"bows",3519446,1,"ᛒᚩᚹᛋ",140
"boxing",1816279,1,"ᛒᚩᛉᛝ",194
"boxy",106372,0,"ᛒᚩᛉᚣ",218
"boys",26157697,1,"ᛒᚩᚣᛋ",224
"bozo",30567,0,"ᛒᚩᛋᚩ",128
"brad",49609,0,"ᛒᚱᚪᛞ",258
"braes",65468,0,"ᛒᚱᚫᛋ",226
"brag",597673,1,"ᛒᚱᚪᚷ",186
"bran",1262054,1,"ᛒᚱᚪᚾ",198
"bras",411568,1,"ᛒᚱᚪᛋ",222
"brat",407106,1,"ᛒᚱᚪᛏ",228
"bray",156103,0,"ᛒᚱᚪᚣ",272
"bread",26884128,1,"ᛒᚱᛠᛞ",270
"break",51019638,1,"ᛒᚱᛠᚳ",194
"bream",238174,0,"ᛒᚱᛠᛗ",252
"breath",14211985,1,"ᛒᚱᛠᚦ",186
"bred",6373674,1,"ᛒᚱᛖᛞ",228
"brew",999968,1,"ᛒᚱᛖᚹ",158
"briar",217552,1,"ᛒᚱᛡᚱ",190
"brie",63272,0,"ᛒᚱᛁᛖ",170
"brig",1488856,0,"ᛒᚱᛁᚷ",120
"brim",1503598,1,"ᛒᚱᛁᛗ",174
"bringing",30663128,1,"ᛒᚱᛝᛝ",230
"brings",12779744,1,"ᛒᚱᛝᛋ",204
"bros",13957,0,"ᛒᚱᚩᛋ",132
"broth",2626312,1,"ᛒᚱᚩᚦ",84
"brow",3105866,1,"ᛒᚱᚩᚹ",98
"bubo",111877,0,"ᛒᚢᛒᚩ",132
"bubs",4056,0,"ᛒᚢᛒᛋ",178
"buck",2289110,1,"ᛒᚢᚳᚳ",90
"buds",1943544,1,"ᛒᚢᛞᛋ",206
"buff",1633788,1,"ᛒᚢᚠᚠ",68
"bugs",2290884,1,"ᛒᚢᚷᛋ",134
"bulb",2505611,1,"ᛒᚢᛚᛒ",198
"bulk",17944084,1,"ᛒᚢᛚᚳ",150
"bull",4196263,1,"ᛒᚢᛚᛚ",210
"bumf",4689,0,"ᛒᚢᛗᚠ",137
"bump",1532088,1,"ᛒᚢᛗᛈ",178
"bums",400319,0,"ᛒᚢᛗᛋ",188
"bunging",5304,0,"ᛒᚢᛝᛝ",222
"bungs",30812,1,"ᛒᚢᛝᛋ",196
"bunk",766470,1,"ᛒᚢᚾᚳ",106
"buns",454230,1,"ᛒᚢᚾᛋ",146
"bunt",208985,0,"ᛒᚢᚾᛏ",152
"buoy",810351,1,"ᛒᚢᚩᚣ",174
"burg",253006,0,"ᛒᚢᚱᚷ",92
"burk",3937,0,"ᛒᚢᚱᚳ",88
"burl",41208,0,"ᛒᚢᚱᛚ",148
"burn",12103194,1,"ᛒᚢᚱᚾ",104
"burp",114306,1,"ᛒᚢᚱᛈ",118
"burr",456843,1,"ᛒᚢᚱᚱ",86
"burs",126004,1,"ᛒᚢᚱᛋ",128
"bury",3691280,1,"ᛒᚢᚱᚣ",178
"bush",7604917,1,"ᛒᚢᛋᚻ",140
"busing",480466,0,"ᛒᚢᛋᛝ",196
"busk",35148,1,"ᛒᚢᛋᚳ",130
"buss",54939,0,"ᛒᚢᛋᛋ",170
"bust",3008750,1,"ᛒᚢᛋᛏ",176
"busy",11446432,1,"ᛒᚢᛋᚣ",220
"buts",176800,1,"ᛒᚢᛏᛋ",176
"butt",3489424,1,"ᛒᚢᛏᛏ",182
"buying",15200878,1,"ᛒᚢᚣᛝ",246
"buys",3163850,1,"ᛒᚢᚣᛋ",220
"buzz",1396740,1,"ᛒᚢᛋᛋ",170
"byes",236138,1,"ᛒᚣᛖᛋ",284
"byre",143720,0,"ᛒᚣᚱᛖ",242
"byte",2527813,1,"ᛒᚣᛏᛖ",290
"cabs",532028,0,"ᚳᚪᛒᛋ",224
"cads",43409,0,"ᚳᚪᛞᛋ",252
"cafe",1845615,1,"ᚳᚪᚠᛖ",179
"caff",20479,0,"ᚳᚪᚠᚠ",114
"cage",5820130,1,"ᚳᚪᚷᛖ",194
"caging",59666,1,"ᚳᚪᚷᛝ",206
"cagy",5118,0,"ᚳᚪᚷᚣ",230
"cake",3968207,1,"ᚳᚪᚳᛖ",190
"caking",127883,1,"ᚳᚪᚳᛝ",202
"calf",2314806,1,"ᚳᚪᛚᚠ",185
"calk",47796,0,"ᚳᚪᛚᚳ",196
"call",129441538,1,"ᚳᚪᛚᛚ",256
"calm",18427408,1,"ᚳᚪᛚᛗ",254
"came",146326486,1,"ᚳᚪᛗᛖ",248
"cameo",374956,1,"ᚳᚪᛗᛇ",222
"camp",37455464,1,"ᚳᚪᛗᛈ",224
"cams",325437,0,"ᚳᚪᛗᛋ",234
"cane",3531067,1,"ᚳᚪᚾᛖ",206
"caning",109771,1,"ᚳᚪᚾᛝ",218
"canoe",5223426,1,"ᚳᚪᚾᛟ",222
"cans",1880039,1,"ᚳᚪᚾᛋ",192
"cant",1485557,0,"ᚳᚪᚾᛏ",198
"cape",1813192,1,"ᚳᚪᛈᛖ",220
"capo",219380,0,"ᚳᚪᛈᚩ",160
"caps",4199777,1,"ᚳᚪᛈᛋ",206
"capt",112499,0,"ᚳᚪᛈᛏ",212
"card",25646318,1,"ᚳᚪᚱᛞ",210
"care",152766840,1,"ᚳᚪᚱᛖ",188
"caring",7921296,1,"ᚳᚪᚱᛝ",200
"carp",1002138,1,"ᚳᚪᚱᛈ",164
"cars",11435917,1,"ᚳᚪᚱᛋ",174
"cart",6268618,1,"ᚳᚪᚱᛏ",180
"case",388089290,1,"ᚳᚪᛋᛖ",230
"cash",35137442,1,"ᚳᚪᛋᚻ",186
"casing",1953040,1,"ᚳᚪᛋᛝ",242
"cask",777673,1,"ᚳᚪᛋᚳ",176
"cast",40086054,1,"ᚳᚪᛋᛏ",222
"cats",3432077,1,"ᚳᚪᛏᛋ",222
"cave",4716130,1,"ᚳᚪᚢᛖ",180
"caving",255931,1,"ᚳᚪᚢᛝ",192
"cawing",127624,1,"ᚳᚪᚹᛝ",208
"caws",28271,1,"ᚳᚪᚹᛋ",182
"cays",83642,0,"ᚳᚪᚣᛋ",266
"cease",13405894,1,"ᚳᛠᛋᛖ",242
"ceasing",1732107,1,"ᚳᛠᛋᛝ",254
"ceca",42377,0,"ᚳᛖᚳᚪ",190
"cede",755912,1,"ᚳᛖᛞᛖ",236
"ceding",375059,1,"ᚳᛖᛞᛝ",248
"cell",87968512,1,"ᚳᛖᛚᛚ",226
"cent",122389656,1,"ᚳᛖᚾᛏ",168
"cert",1896941,0,"ᚳᛖᚱᛏ",150
"chad",42841,0,"ᚳᚻᚪᛞ",222
"chap",10753621,1,"ᚳᚻᚪᛈ",176
"char",2137357,1,"ᚳᚻᚪᚱ",144
"chat",3624187,1,"ᚳᚻᚪᛏ",192
"cheap",13322514,1,"ᚳᚻᛠᛈ",188
"cheat",2111358,1,"ᚳᚻᛠᛏ",204
"chef",1838602,1,"ᚳᚻᛖᚠ",105
"chem",385844,0,"ᚳᚻᛖᛗ",174
"chew",756480,1,"ᚳᚻᛖᚹ",122
"chge",1208,0,"ᚳᚻᚷᛖ",120
"chic",698847,0,"ᚳᚻᛁᚳ",80
"chin",8141562,1,"ᚳᚻᛁᚾ",96
"chip",5291070,1,"ᚳᚻᛁᛈ",110
"chis",24006,0,"ᚳᚻᛁᛋ",120
"chit",355705,1,"ᚳᚻᛁᛏ",126
"choc",65043,0,"ᚳᚻᚩᚳ",56
"chop",1720997,1,"ᚳᚻᚩᛈ",86
"chow",507669,0,"ᚳᚻᚩᚹ",62
"chub",155683,0,"ᚳᚻᚢᛒ",100
"chug",115686,0,"ᚳᚻᚢᚷ",56
"chum",548986,1,"ᚳᚻᚢᛗ",110
"ciaos",332,0,"ᚳᛡᚩᛋ",180
"cilia",1064673,0,"ᚳᛁᛚᛡ",224
"cine",388749,0,"ᚳᛁᚾᛖ",140
"cite",2291241,0,"ᚳᛁᛏᛖ",170
"citing",1970599,1,"ᚳᛁᛏᛝ",182
"city",164367428,1,"ᚳᛁᛏᚣ",206
"clad",4808038,1,"ᚳᛚᚪᛞ",272
"clam",869484,1,"ᚳᛚᚪᛗ",254
"clan",6643047,1,"ᚳᛚᚪᚾ",212
"clang",490092,1,"ᚳᛚᚪᛝ",262
"clap",1238377,1,"ᚳᛚᚪᛈ",226
"claw",1572498,1,"ᚳᛚᚪᚹ",202
"clay",9866022,1,"ᚳᛚᚪᚣ",286
"clean",32158406,1,"ᚳᛚᛠᚾ",224
"clear",151548854,1,"ᚳᛚᛠᚱ",206
"cleat",183098,0,"ᚳᛚᛠᛏ",254
"clef",318229,1,"ᚳᛚᛖᚠ",155
"clew",266011,0,"ᚳᛚᛖᚹ",172
"clii",15199,0,"ᚳᛚᛁᛁ",148
"clinging",3334156,1,"ᚳᛚᛝᛝ",244
"clings",1083312,1,"ᚳᛚᛝᛋ",218
"clingy",60394,1,"ᚳᛚᛝᚣ",268
"clip",3365022,1,"ᚳᛚᛁᛈ",160
"clix",11279,0,"ᚳᛚᛁᛉ",164
"clod",349004,1,"ᚳᛚᚩᛞ",182
"clog",565334,1,"ᚳᛚᚩᚷ",110
"clop",102288,1,"ᚳᛚᚩᛈ",136
"clot",1612350,1,"ᚳᛚᚩᛏ",152
"cloth",11978071,1,"ᚳᛚᚩᚦ",98
"cloy",52151,1,"ᚳᛚᚩᚣ",196
"club",18772408,1,"ᚳᛚᚢᛒ",150
"clue",2723645,1,"ᚳᛚᚢᛖ",156
"cluing",4221,0,"ᚳᛚᚢᛝ",168
"clung",2049784,1,"ᚳᛚᚢᛝ",168
"clvi",11721,0,"ᚳᛚᚢᛁ",120
"clxi",8437,0,"ᚳᛚᛉᛁ",164
"coal",30673130,1,"ᚳᚩᚪᛚ",190
"coat",9995877,1,"ᚳᚩᚪᛏ",176
"coax",651095,1,"ᚳᚩᚪᛉ",164
"cobs",204597,1,"ᚳᚩᛒᛋ",134
"coca",627058,0,"ᚳᚩᚳᚪ",130
"cock",4201074,1,"ᚳᚩᚳᚳ",46
"coco",252878,0,"ᚳᚩᚳᚩ",40
"coda",640565,1,"ᚳᚩᛞᚪ",206
"code",41717678,1,"ᚳᚩᛞᛖ",176
"coding",5697637,1,"ᚳᚩᛞᛝ",188
"cods",32348,1,"ᚳᚩᛞᛋ",162
"coeds",63704,0,"ᚳᛟᛞᛋ",238
"cogs",277908,1,"ᚳᚩᚷᛋ",90
"coho",130509,0,"ᚳᚩᚻᚩ",50
"coif",115620,0,"ᚳᚩᛁᚠ",53
"coil",8556587,1,"ᚳᚩᛁᛚ",124
"coin",9302944,1,"ᚳᚩᛁᚾ",80
"coir",171576,0,"ᚳᚩᛁᚱ",62
"coke",2629608,0,"ᚳᚩᚳᛖ",100
"coking",432932,0,"ᚳᚩᚳᛝ",112
"cola",437618,0,"ᚳᚩᛚᚪ",190
"cold",71185106,1,"ᚳᚩᛚᛞ",182
"coll",553390,0,"ᚳᚩᛚᛚ",166
"cols",676630,1,"ᚳᚩᛚᛋ",146
"colt",1003073,1,"ᚳᚩᛚᛏ",152
"coma",2572380,1,"ᚳᚩᛗᚪ",188
"comae",14186,0,"ᚳᚩᛗᚫ",192
"comb",2993970,1,"ᚳᚩᛗᛒ",152
"come",316042726,1,"ᚳᚩᛗᛖ",158
"coming",89129346,1,"ᚳᚩᛗᛝ",170
"comm",883273,0,"ᚳᚩᛗᛗ",162
"comp",1537596,0,"ᚳᚩᛗᛈ",134
"cone",6735280,1,"ᚳᚩᚾᛖ",116
"conga",72131,1,"ᚳᚩᛝᚪ",196
"coning",61387,1,"ᚳᚩᚾᛝ",128
"conj",84613,0,"ᚳᚩᚾᛂ",86
"conk",34179,0,"ᚳᚩᚾᚳ",62
"cons",1453544,1,"ᚳᚩᚾᛋ",102
"cont",732896,0,"ᚳᚩᚾᛏ",108
"cony",43405,0,"ᚳᚩᚾᚣ",152
"cooed",215245,1,"ᚳᚩᛟᛞ",192
"cooing",354901,1,"ᚳᚩᚩᛝ",106
"cook",11937770,1,"ᚳᚩᚩᚳ",40
"cool",22213706,1,"ᚳᚩᚩᛚ",100
"coon",356794,0,"ᚳᚩᚩᚾ",56
"coop",498249,1,"ᚳᚩᚩᛈ",70
"coos",66162,1,"ᚳᚩᚩᛋ",80
"coot",139836,0,"ᚳᚩᚩᛏ",86
"cope",4710038,1,"ᚳᚩᛈᛖ",130
"coping",6134159,1,"ᚳᚩᛈᛝ",142
"cops",1230099,1,"ᚳᚩᛈᛋ",116
"copy",39777540,1,"ᚳᚩᛈᚣ",166
"cord",7678375,1,"ᚳᚩᚱᛞ",120
"core",30780550,1,"ᚳᚩᚱᛖ",98
"coring",164454,1,"ᚳᚩᚱᛝ",110
"cork",1144127,1,"ᚳᚩᚱᚳ",44
"corm",85199,0,"ᚳᚩᚱᛗ",102
"corn",22045360,1,"ᚳᚩᚱᚾ",60
"corp",194123,0,"ᚳᚩᚱᛈ",74
"corr",136144,0,"ᚳᚩᚱᚱ",42
"cosh",79279,1,"ᚳᚩᛋᚻ",96
"cost",132312232,1,"ᚳᚩᛋᛏ",132
"cote",287955,0,"ᚳᚩᛏᛖ",146
"cots",403541,1,"ᚳᚩᛏᛋ",132
"coup",5926380,0,"ᚳᚩᚢᛈ",66
"cove",1050701,1,"ᚳᚩᚢᛖ",90
"cowing",20506,1,"ᚳᚩᚹᛝ",118
"cowl",361168,1,"ᚳᚩᚹᛚ",112
"cows",4053165,1,"ᚳᚩᚹᛋ",92
"coxing",1689,0,"ᚳᚩᛉᛝ",146
"cozy",1162911,1,"ᚳᚩᛋᚣ",176
"crab",2276202,1,"ᚳᚱᚪᛒ",182
"crag",512615,1,"ᚳᚱᚪᚷ",138
"cram",427756,1,"ᚳᚱᚪᛗ",192
"crap",1047455,0,"ᚳᚱᚪᛈ",164
"craw",93649,1,"ᚳᚱᚪᚹ",140
"cray",32778,1,"ᚳᚱᚪᚣ",224
"creak",504838,1,"ᚳᚱᛠᚳ",146
"cream",6878858,1,"ᚳᚱᛠᛗ",204
"cred",70631,1,"ᚳᚱᛖᛞ",180
"crew",8821205,1,"ᚳᚱᛖᚹ",110
"crib",651952,1,"ᚳᚱᛁᛒ",116
"cringe",334916,1,"ᚳᚱᛝᛖ",170
"cringing",363892,1,"ᚳᚱᛝᛝ",182
"crop",21139362,1,"ᚳᚱᚩᛈ",74
"crow",2168614,1,"ᚳᚱᚩᚹ",50
"crud",65906,0,"ᚳᚱᚢᛞ",116
"crux",1088991,1,"ᚳᚱᚢᛉ",74
"crying",5776343,1,"ᚳᚱᚣᛝ",206
"cube",3414441,1,"ᚳᚢᛒᛖ",144
"cubing",23290,1,"ᚳᚢᛒᛝ",156
"cubs",718921,1,"ᚳᚢᛒᛋ",130
"cuds",22676,1,"ᚳᚢᛞᛋ",158
"cued",270465,1,"ᚳᚢᛖᛞ",172
"cues",4599405,1,"ᚳᚢᛖᛋ",136
"cuff",1846161,1,"ᚳᚢᚠᚠ",20
"cull",333523,1,"ᚳᚢᛚᛚ",162
"cult",4161670,1,"ᚳᚢᛚᛏ",148
"cums",9762,0,"ᚳᚢᛗᛋ",140
"cunt",371050,0,"ᚳᚢᚾᛏ",104
"cups",4282877,1,"ᚳᚢᛈᛋ",112
"curb",3738714,1,"ᚳᚢᚱᛒ",88
"curd",772445,1,"ᚳᚢᚱᛞ",116
"cure",15113626,1,"ᚳᚢᚱᛖ",94
"curia",409013,1,"ᚳᚢᚱᛡ",134
"curing",2819576,1,"ᚳᚢᚱᛝ",106
"curio",172272,1,"ᚳᚢᚱᛡ",134
"curl",1832693,1,"ᚳᚢᚱᛚ",100
"curs",193592,0,"ᚳᚢᚱᛋ",80
"curt",650977,1,"ᚳᚢᚱᛏ",86
"cusp",898323,1,"ᚳᚢᛋᛈ",112
"cuss",258885,1,"ᚳᚢᛋᛋ",122
"cute",911366,1,"ᚳᚢᛏᛖ",142
"cuts",11771596,1,"ᚳᚢᛏᛋ",128
"cyan",235397,1,"ᚳᚣᚪᚾ",242
"cyst",2994572,0,"ᚳᚣᛋᛏ",228
"czar",560354,1,"ᚳᛋᚪᚱ",174
"dabs",136723,0,"ᛞᚪᛒᛋ",300
"dace",112818,0,"ᛞᚪᚳᛖ",266
"dado",305432,0,"ᛞᚪᛞᚩ",282
"dads",244009,1,"ᛞᚪᛞᛋ",328
"daft",301508,1,"ᛞᚪᚠᛏ",247
"dago",46023,0,"ᛞᚪᚷᚩ",210
"dags",18055,0,"ᛞᚪᚷᛋ",256
"dais",730674,1,"ᛞᚪᛁᛋ",270
"dale",599606,1,"ᛞᚪᛚᛖ",326
"dame",1222470,1,"ᛞᚪᛗᛖ",324
"damn",6344158,1,"ᛞᚪᛗᚾ",286
"damp",7016260,1,"ᛞᚪᛗᛈ",300
"dams",2946945,1,"ᛞᚪᛗᛋ",310
"danging",539,0,"ᛞᚪᛝᛝ",344
"dangs",1799,0,"ᛞᚪᛝᛋ",318
"dank",509127,1,"ᛞᚪᚾᚳ",228
"dare",12993024,1,"ᛞᚪᚱᛖ",264
"daring",7484034,1,"ᛞᚪᚱᛝ",276
"dark",77956466,1,"ᛞᚪᚱᚳ",210
"darn",510908,1,"ᛞᚪᚱᚾ",226
"dart",1478147,1,"ᛞᚪᚱᛏ",256
"dash",4116278,1,"ᛞᚪᛋᚻ",262
"data",218702898,1,"ᛞᚪᛏᚪ",342
"date",84730538,1,"ᛞᚪᛏᛖ",312
"dating",4485172,1,"ᛞᚪᛏᛝ",324
"daub",269067,0,"ᛞᚪᚢᛒ",250
"dawn",12142040,1,"ᛞᚪᚹᚾ",234
"days",226879172,1,"ᛞᚪᚣᛋ",342
"daze",406637,1,"ᛞᚪᛋᛖ",306
"dazing",11931,0,"ᛞᚪᛋᛝ",318
"dded",8169,0,"ᛞᛞᛖᛞ",334
"dealing",34164138,1,"ᛞᛠᛚᛝ",350
"deals",14394362,1,"ᛞᛠᛚᛋ",324
"dealt",9900759,1,"ᛞᛠᛚᛏ",330
"deans",609682,1,"ᛞᛠᚾᛋ",280
"dears",240769,1,"ᛞᛠᚱᛋ",262
"dearth",1374252,1,"ᛞᛠᚱᚦ",214
"deary",41118,1,"ᛞᛠᚱᚣ",312
"deaths",5998446,1,"ᛞᛠᚦᛋ",256
"debs",35979,0,"ᛞᛖᛒᛋ",270
"debt",35107680,1,"ᛞᛖᛒᛏ",276
"deck",14810856,1,"ᛞᛖᚳᚳ",182
"deco",166804,0,"ᛞᛖᚳᚩ",176
"deed",12513722,1,"ᛞᛖᛖᛞ",312
"deem",3550083,1,"ᛞᛖᛖᛗ",294
"deep",89239886,1,"ᛞᛖᛖᛈ",266
"deer",9725263,1,"ᛞᛖᛖᚱ",234
"deft",688853,1,"ᛞᛖᚠᛏ",217
"defy",2573156,1,"ᛞᛖᚠᚣ",261
"deli",393409,0,"ᛞᛖᛚᛁ",260
"dell",1072816,1,"ᛞᛖᛚᛚ",302
"demo",528444,1,"ᛞᛖᛗᚩ",234
"dens",873097,1,"ᛞᛖᚾᛋ",238
"dent",1305184,1,"ᛞᛖᚾᛏ",244
"deny",9851679,1,"ᛞᛖᚾᚣ",288
"depth",38649374,1,"ᛞᛖᛈᚦ",204
"dept",197991,0,"ᛞᛖᛈᛏ",258
"derv",3160,0,"ᛞᛖᚱᚢ",170
"desk",18660016,1,"ᛞᛖᛋᚳ",222
"dews",395348,1,"ᛞᛖᚹᛋ",228
"dewy",465433,1,"ᛞᛖᚹᚣ",278
"dhow",109094,0,"ᛞᚻᚩᚹ",138
"dialing",505848,1,"ᛞᛡᛚᛝ",348
"dials",634578,1,"ᛞᛡᛚᛋ",322
"diary",8534080,1,"ᛞᛡᚱᚣ",310
"dibs",30055,0,"ᛞᛁᛒᛋ",234
"dice",1197194,1,"ᛞᛁᚳᛖ",200
"dicing",94057,1,"ᛞᛁᚳᛝ",212
"dick",556412,0,"ᛞᛁᚳᚳ",146
"dict",63669,1,"ᛞᛁᚳᛏ",192
"dido",12326,0,"ᛞᛁᛞᚩ",216
"died",41262031,1,"ᛞᛁᛖᛞ",276
"dieing",11816,0,"ᛞᛁᛖᛝ",266
"dies",10699072,1,"ᛞᛁᛖᛋ",240
"diet",11120486,1,"ᛞᛁᛖᛏ",246
"diff",262672,1,"ᛞᛁᚠᚠ",124
"digs",712914,1,"ᛞᛁᚷᛋ",190
"dike",810903,1,"ᛞᛁᚳᛖ",200
"diking",25290,1,"ᛞᛁᚳᛝ",212
"dill",478148,1,"ᛞᛁᛚᛚ",266
"dime",1311150,1,"ᛞᛁᛗᛖ",258
"dims",127574,1,"ᛞᛁᛗᛋ",244
"dine",3121027,1,"ᛞᛁᚾᛖ",216
"dinged",29769,1,"ᛞᛝᛖᛞ",324
"dinghy",468047,1,"ᛞᛝᚻᚣ",294
"dingle",59008,1,"ᛞᛝᛚᛖ",308
"dingoes",54707,1,"ᛞᛝᛟᛋ",304
"dingos",6561,1,"ᛞᛝᚩᛋ",228
"dingus",6304,0,"ᛞᛝᚢᛋ",224
"dining",11109192,1,"ᛞᛁᚾᛝ",228
"dink",46471,1,"ᛞᛁᚾᚳ",162
"dins",25847,0,"ᛞᛁᚾᛋ",202
"dint",980848,1,"ᛞᛁᚾᛏ",208
"diode",2821580,1,"ᛞᛡᛞᛖ",352
"dips",1222922,1,"ᛞᛁᛈᛋ",216
"dire",4248404,1,"ᛞᛁᚱᛖ",198
"dirk",151067,0,"ᛞᛁᚱᚳ",144
"dirt",4535071,1,"ᛞᛁᚱᛏ",190
"disc",8267747,1,"ᛞᛁᛋᚳ",186
"dish",9012084,1,"ᛞᛁᛋᚻ",196
"disk",15079646,1,"ᛞᛁᛋᚳ",186
"diss",850621,0,"ᛞᛁᛋᛋ",226
"dist",365830,0,"ᛞᛁᛋᛏ",232
"ditz",28286,0,"ᛞᛁᛏᛋ",232
"diva",187588,1,"ᛞᛁᚢᚪ",220
"dive",3213040,1,"ᛞᛁᚢᛖ",190
"diving",3031902,1,"ᛞᛁᚢᛝ",202
"dobs",3474,0,"ᛞᚩᛒᛋ",210
"dock",2334512,1,"ᛞᚩᚳᚳ",122
"docs",1096022,1,"ᛞᚩᚳᛋ",162
"dodo",135460,1,"ᛞᚩᛞᚩ",192
"doers",614098,1,"ᛞᛟᚱᛋ",236
"doff",102783,1,"ᛞᚩᚠᚠ",100
"doge",223595,0,"ᛞᚩᚷᛖ",180
"dogs",20987484,1,"ᛞᚩᚷᛋ",166
"dogy",756,0,"ᛞᚩᚷᚣ",216
"doings",2488355,1,"ᛞᚩᛝᛋ",228
"dole",574329,0,"ᛞᚩᛚᛖ",236
"doling",105635,1,"ᛞᚩᛚᛝ",248
"doll",3722642,1,"ᛞᚩᛚᛚ",242
"dolt",110566,1,"ᛞᚩᛚᛏ",228
"dome",2531142,1,"ᛞᚩᛗᛖ",234
"doming",52839,1,"ᛞᚩᛗᛝ",246
"dona",261445,0,"ᛞᚩᚾᚪ",222
"done",203550660,1,"ᛞᚩᚾᛖ",192
"donging",2903,0,"ᛞᚩᛝᛝ",254
"dongs",9219,1,"ᛞᚩᛝᛋ",228
"dons",429170,1,"ᛞᚩᚾᛋ",178
"doom",3336779,1,"ᛞᚩᚩᛗ",174
"door",104571784,1,"ᛞᚩᚩᚱ",114
"dopa",280623,0,"ᛞᚩᛈᚪ",236
"dope",1028809,1,"ᛞᚩᛈᛖ",206
"doping",1011479,1,"ᛞᚩᛈᛝ",218
"dopy",3146,0,"ᛞᚩᛈᚣ",242
"dork",51451,0,"ᛞᚩᚱᚳ",120
"dorm",644557,1,"ᛞᚩᚱᛗ",178
"dory",180257,1,"ᛞᚩᚱᚣ",210
"dose",10528614,1,"ᛞᚩᛋᛖ",216
"dosh",11055,0,"ᛞᚩᛋᚻ",172
"dosing",874138,1,"ᛞᚩᛋᛝ",228
"doss",83503,1,"ᛞᚩᛋᛋ",202
"dost",1768363,1,"ᛞᚩᛋᛏ",208
"dote",198144,1,"ᛞᚩᛏᛖ",222
"doting",322801,1,"ᛞᚩᛏᛝ",234
"dots",4107438,1,"ᛞᚩᛏᛋ",208
"dour",454232,1,"ᛞᚩᚢᚱ",110
"dove",2938246,1,"ᛞᚩᚢᛖ",166
"down",412203646,1,"ᛞᚩᚹᚾ",144
"doze",471936,1,"ᛞᚩᛋᛖ",216
"dozing",605392,1,"ᛞᚩᛋᛝ",228
"dozy",21072,1,"ᛞᚩᛋᚣ",252
"drab",1320776,1,"ᛞᚱᚪᛒ",258
"drag",9563636,1,"ᛞᚱᚪᚷ",214
"dram",471071,1,"ᛞᚱᚪᛗ",268
"drat",34456,1,"ᛞᚱᚪᛏ",256
"draw",41328426,1,"ᛞᚱᚪᚹ",216
"dray",208579,1,"ᛞᚱᚪᚣ",300
"dread",7214940,1,"ᛞᚱᛠᛞ",298
"dream",34146378,1,"ᛞᚱᛠᛗ",280
"drear",201833,0,"ᛞᚱᛠᚱ",220
"drew",14901502,1,"ᛞᚱᛖᚹ",186
"drip",1502041,1,"ᛞᚱᛁᛈ",174
"drop",33157320,1,"ᛞᚱᚩᛈ",150
"drub",13778,0,"ᛞᚱᚢᛒ",164
"drug",41532936,1,"ᛞᚱᚢᚷ",120
"drum",7856478,1,"ᛞᚱᚢᛗ",174
"drying",8159742,1,"ᛞᚱᚣᛝ",282
"drys",59554,1,"ᛞᚱᚣᛋ",256
"dual",10062938,1,"ᛞᚢᚪᛚ",262
"dubs",105161,1,"ᛞᚢᛒᛋ",206
"duck",4282428,1,"ᛞᚢᚳᚳ",118
"duct",6254624,1,"ᛞᚢᚳᛏ",164
"dude",567860,0,"ᛞᚢᛞᛖ",248
"duding",619,0,"ᛞᚢᛞᛝ",260
"duds",136438,1,"ᛞᚢᛞᛋ",234
"duel",2542461,1,"ᛞᚢᛖᛚ",232
"dues",3529496,1,"ᛞᚢᛖᛋ",212
"duet",849310,1,"ᛞᚢᛖᛏ",218
"duff",103876,1,"ᛞᚢᚠᚠ",96
"duke",8274862,1,"ᛞᚢᚳᛖ",172
"dull",6568898,1,"ᛞᚢᛚᛚ",238
"duly",9073321,1,"ᛞᚢᛚᚣ",268
"dumb",2539245,1,"ᛞᚢᛗᛒ",224
"dump",2694552,1,"ᛞᚢᛗᛈ",206
"dune",1147231,1,"ᛞᚢᚾᛖ",188
"dunging",18887,0,"ᛞᚢᛝᛝ",250
"dungs",13165,0,"ᛞᚢᛝᛋ",224
"dunk",134631,1,"ᛞᚢᚾᚳ",134
"duns",108252,0,"ᛞᚢᚾᛋ",174
"duos",160357,1,"ᛞᚢᚩᛋ",152
"dupe",534653,1,"ᛞᚢᛈᛖ",202
"duping",59019,1,"ᛞᚢᛈᛝ",214
"during",183571079,1,"ᛞᚢᚱᛝ",182
"dusk",1778790,1,"ᛞᚢᛋᚳ",158
"dust",22993350,1,"ᛞᚢᛋᛏ",204
"duty",70582958,1,"ᛞᚢᛏᚣ",254
"dyad",577899,1,"ᛞᚣᚪᛞ",378
"dyed",2120716,1,"ᛞᚣᛖᛞ",348
"dyeing",1299921,1,"ᛞᚣᛖᛝ",338
"dyer",203313,1,"ᛞᚣᛖᚱ",270
"dyes",2934576,1,"ᛞᚣᛖᛋ",312
"dyke",692760,1,"ᛞᚣᚳᛖ",272
"dyne",167253,0,"ᛞᚣᚾᛖ",288
"eager",7314732,1,"ᛠᚷᛖᚱ",204
"eagle",4592747,1,"ᛠᚷᛚᛖ",266
"eared",634823,1,"ᛠᚱᛖᛞ",276
"earls",748010,1,"ᛠᚱᛚᛋ",246
"early",231015146,1,"ᛠᚱᛚᚣ",296
"earning",6574402,1,"ᛠᚱᚾᛝ",228
"earns",785397,1,"ᛠᚱᚾᛋ",202
"earring",297345,1,"ᛠᚱᚱᛝ",210
"earthing",115693,1,"ᛠᚱᚦᛝ",204
"earths",824597,1,"ᛠᚱᚦᛋ",178
"earthy",732790,1,"ᛠᚱᚦᚣ",228
"eased",1451623,1,"ᛠᛋᛖᛞ",318
"easel",793483,1,"ᛠᛋᛖᛚ",302
"eases",718643,1,"ᛠᛋᛖᛋ",282
"easting",50697,1,"ᛠᛋᛏᛝ",300
"eaten",5498369,1,"ᛠᛏᛖᚾ",264
"eater",927935,1,"ᛠᛏᛖᚱ",246
"eaves",1066230,1,"ᛠᚢᛖᛋ",232
"ebay",790099,0,"ᛖᛒᚪᚣ",328
"ebbing",481790,1,"ᛖᛒᛒᛝ",268
"ebbs",222736,1,"ᛖᛒᛒᛋ",242
"eccl",61861,0,"ᛖᚳᚳᛚ",166
"echo",7549804,1,"ᛖᚳᚻᚩ",110
"ecol",11847,0,"ᛖᚳᚩᛚ",160
"econ",173586,0,"ᛖᚳᚩᚾ",116
"ecru",44313,1,"ᛖᚳᚱᚢ",94
"ecus",90479,0,"ᛖᚳᚢᛋ",136
"eddy",1435350,0,"ᛖᛞᛞᚣ",348
"edge",45696146,1,"ᛖᛞᚷᛖ",240
"edging",830020,1,"ᛖᛞᚷᛝ",252
"edgy",356736,1,"ᛖᛞᚷᚣ",276
"edit",4506593,1,"ᛖᛞᛁᛏ",246
"educ",121944,0,"ᛖᛞᚢᚳ",172
"eels",789035,1,"ᛖᛖᛚᛋ",260
"eery",41670,1,"ᛖᛖᚱᚣ",248
"effing",17339,0,"ᛖᚠᚠᛝ",150
"effs",1309,0,"ᛖᚠᚠᛋ",124
"egad",24610,0,"ᛖᚷᚪᛞ",270
"egging",81079,1,"ᛖᚷᚷᛝ",180
"eggs",11215742,1,"ᛖᚷᚷᛋ",154
"egis",5831,0,"ᛖᚷᛁᛋ",168
"egos",575477,1,"ᛖᚷᚩᛋ",144
"eked",201710,0,"ᛖᚳᛖᛞ",236
"ekes",22840,0,"ᛖᚳᛖᛋ",200
"elan",301280,0,"ᛖᛚᚪᚾ",266
"elem",44070,0,"ᛖᛚᛖᛗ",278
"elev",49847,0,"ᛖᛚᛖᚢ",210
"elks",63400,1,"ᛖᛚᚳᛋ",206
"ells",206146,0,"ᛖᛚᛚᛋ",266
"elms",703503,1,"ᛖᛚᛗᛋ",264
"else",93103010,1,"ᛖᛚᛋᛖ",260
"emfs",34529,0,"ᛖᛗᚠᛋ",193
"emir",284934,0,"ᛖᛗᛁᚱ",180
"emit",1602711,1,"ᛖᛗᛁᛏ",228
"emus",67121,1,"ᛖᛗᚢᛋ",194
"encl",56357,0,"ᛖᚾᚳᛚ",182
"ency",69874,0,"ᛖᚾᚳᚣ",212
"ending",17916360,1,"ᛖᚾᛞᛝ",264
"ends",43016022,1,"ᛖᚾᛞᛋ",238
"envy",6413026,1,"ᛖᚾᚢᚣ",202
"eolian",141627,1,"ᛇᛚᛡᚾ",250
"epee",43214,1,"ᛖᛈᛖᛖ",244
"epic",6520346,1,"ᛖᛈᛁᚳ",154
"eras",1276206,1,"ᛖᚱᚪᛋ",228
"ergo",883394,1,"ᛖᚱᚷᚩ",102
"ergs",294981,0,"ᛖᚱᚷᛋ",148
"erring",780869,1,"ᛖᚱᚱᛝ",168
"errs",315475,1,"ᛖᚱᚱᛋ",142
"erst",457572,1,"ᛖᚱᛋᛏ",190
"espy",91054,1,"ᛖᛋᛈᚣ",266
"etas",14049,1,"ᛖᛏᚪᛋ",276
"etch",799778,1,"ᛖᛏᚳᚻ",162
"ether",6854177,1,"ᛖᚦᛖᚱ",150
"ethic",3414501,1,"ᛖᚦᛁᚳ",116
"ethos",2544100,1,"ᛖᚦᚩᛋ",132
"ethyl",2248479,0,"ᛖᚦᚣᛚ",248
"euro",838080,0,"ᛖᚢᚱᚩ",88
"even",577663016,1,"ᛖᚢᛖᚾ",166
"ever",202087626,1,"ᛖᚢᛖᚱ",148
"eves",191301,1,"ᛖᚢᛖᛋ",190
"evil",50341266,1,"ᛖᚢᛁᛚ",174
"ewer",172640,1,"ᛖᚹᛖᚱ",164
"ewes",799081,1,"ᛖᚹᛖᛋ",206
"exam",4149936,1,"ᛖᛉᚪᛗ",282
"excl",88723,0,"ᛖᛉᚳᛚ",200
"exec",284056,0,"ᛖᛉᛖᚳ",194
"exes",27329,1,"ᛖᛉᛖᛋ",234
"exit",9255520,1,"ᛖᛉᛁᛏ",204
"expo",65388,0,"ᛖᛉᛈᚩ",164
"eyed",8014386,1,"ᛖᚣᛖᛞ",326
"eyes",84389984,1,"ᛖᚣᛖᛋ",290
"eyry",12021,1,"ᛖᚣᚱᚣ",284
"face",179955768,1,"ᚠᚪᚳᛖ",179
"facing",9833646,1,"ᚠᚪᚳᛝ",191
"fact",300602682,1,"ᚠᚪᚳᛏ",171
"fade",3508938,1,"ᚠᚪᛞᛖ",255
"fading",3452789,1,"ᚠᚪᛞᛝ",267
"fads",535331,1,"ᚠᚪᛞᛋ",241
"faery",128778,1,"ᚠᚫᚱᚣ",217
"faff",8671,0,"ᚠᚪᚠᚠ",103
"fags",103784,1,"ᚠᚪᚷᛋ",169
"fail",15591311,1,"ᚠᚪᛁᛚ",203
"fain",1781002,1,"ᚠᚪᛁᚾ",159
"fair",51652702,1,"ᚠᚪᛁᚱ",141
"faith",40448396,1,"ᚠᚪᛁᚦ",135
"fake",2596860,1,"ᚠᚪᚳᛖ",179
"faking",356758,1,"ᚠᚪᚳᛝ",191
"fall",88701678,1,"ᚠᚪᛚᛚ",245
"fame",16836794,1,"ᚠᚪᛗᛖ",237
"fangs",846162,1,"ᚠᚪᛝᛋ",231
"fans",3081598,1,"ᚠᚪᚾᛋ",181
"fare",6356262,1,"ᚠᚪᚱᛖ",177
"faring",409391,1,"ᚠᚪᚱᛝ",189
"farm",42127812,1,"ᚠᚪᚱᛗ",181
"faro",154097,1,"ᚠᚪᚱᚩ",117
"fart",328984,1,"ᚠᚪᚱᛏ",169
"fast",46229498,1,"ᚠᚪᛋᛏ",211
"fate",12723137,1,"ᚠᚪᛏᛖ",225
"fating",10871,0,"ᚠᚪᛏᛝ",237
"fats",3537245,1,"ᚠᚪᛏᛋ",211
"faun",136287,1,"ᚠᚪᚢᚾ",131
"fave",55313,0,"ᚠᚪᚢᛖ",169
"fawn",792827,1,"ᚠᚪᚹᚾ",147
"faxing",71627,1,"ᚠᚪᛉᛝ",225
"fays",923961,1,"ᚠᚪᚣᛋ",255
"faze",91916,1,"ᚠᚪᛋᛖ",219
"fazing",1385,0,"ᚠᚪᛋᛝ",231
"fearing",3951896,1,"ᚠᛠᚱᛝ",201
"fears",16992476,1,"ᚠᛠᚱᛋ",175
"feast",9064175,1,"ᚠᛠᛋᛏ",223
"feats",1778097,1,"ᚠᛠᛏᛋ",223
"feds",173890,0,"ᚠᛖᛞᛋ",211
"feed",23910164,1,"ᚠᛖᛖᛞ",225
"feel",127929764,1,"ᚠᛖᛖᛚ",209
"fees",7848165,1,"ᚠᛖᛖᛋ",189
"feet",66124621,1,"ᚠᛖᛖᛏ",195
"fell",61267104,1,"ᚠᛖᛚᛚ",215
"felt",73780870,1,"ᚠᛖᛚᛏ",201
"fend",543994,1,"ᚠᛖᚾᛞ",187
"fens",313818,1,"ᚠᛖᚾᛋ",151
"fern",1630478,1,"ᚠᛖᚱᚾ",109
"fess",105536,0,"ᚠᛖᛋᛋ",175
"fest",227900,1,"ᚠᛖᛋᛏ",181
"feta",103651,0,"ᚠᛖᛏᚪ",225
"fete",659886,1,"ᚠᛖᛏᛖ",195
"feting",13851,1,"ᚠᛖᛏᛝ",207
"feud",1546891,1,"ᚠᛖᚢᛞ",161
"fiats",58803,1,"ᚠᛡᛏᛋ",221
"fibs",56905,1,"ᚠᛁᛒᛋ",147
"fief",719305,1,"ᚠᛁᛖᚠ",102
"fife",571656,1,"ᚠᛁᚠᛖ",102
"fifth",25501720,1,"ᚠᛁᚠᚦ",40
"figs",3735232,1,"ᚠᛁᚷᛋ",103
"file",52814074,1,"ᚠᛁᛚᛖ",173
"filing",8555784,1,"ᚠᛁᛚᛝ",185
"fill",28494440,1,"ᚠᛁᛚᛚ",179
"film",54437996,1,"ᚠᛁᛚᛗ",177
"filo",71231,1,"ᚠᛁᛚᚩ",113
"filth",1915646,1,"ᚠᛁᛚᚦ",111
"find",131700834,1,"ᚠᛁᚾᛞ",151
"fine",84820912,1,"ᚠᛁᚾᛖ",129
"finger",21124298,1,"ᚠᛝᛖᚱ",159
"fining",267682,1,"ᚠᛁᚾᛝ",141
"fink",82069,0,"ᚠᛁᚾᚳ",75
"fins",2284893,1,"ᚠᛁᚾᛋ",115
"fiord",164592,0,"ᚠᛡᚱᛞ",209
"fire",99808148,1,"ᚠᛁᚱᛖ",111
"firing",11137616,1,"ᚠᛁᚱᛝ",123
"firm",63288590,1,"ᚠᛁᚱᛗ",115
"firs",659441,1,"ᚠᛁᚱᛋ",97
"firth",64889,1,"ᚠᛁᚱᚦ",49
"fish",49915274,1,"ᚠᛁᛋᚻ",109
"fist",4568098,1,"ᚠᛁᛋᛏ",145
"fits",9021280,1,"ᚠᛁᛏᛋ",145
"five",191398040,1,"ᚠᛁᚢᛖ",103
"fixing",3479725,1,"ᚠᛁᛉᛝ",159
"fizz",106591,1,"ᚠᛁᛋᛋ",139
"flab",45492,1,"ᚠᛚᚪᛒ",233
"flag",14928104,1,"ᚠᛚᚪᚷ",189
"flak",422701,1,"ᚠᛚᚪᚳ",185
"flam",52407,1,"ᚠᛚᚪᛗ",243
"flan",104222,1,"ᚠᛚᚪᚾ",201
"flap",4544759,1,"ᚠᛚᚪᛈ",215
"flat",35611646,1,"ᚠᛚᚪᛏ",231
"flaw",1105070,1,"ᚠᛚᚪᚹ",191
"flax",1987899,1,"ᚠᛚᚪᛉ",219
"flay",131273,1,"ᚠᛚᚪᚣ",275
"fleas",1020913,1,"ᚠᛚᛠᛋ",237
"fled",6286325,1,"ᚠᛚᛖᛞ",231
"flee",4179856,1,"ᚠᛚᛖᛖ",209
"flew",5270104,1,"ᚠᛚᛖᚹ",161
"flex",816617,1,"ᚠᛚᛖᛉ",189
"flinging",811177,1,"ᚠᛚᛝᛝ",233
"flings",430991,1,"ᚠᛚᛝᛋ",207
"flip",2922760,1,"ᚠᛚᛁᛈ",149
"flit",437369,1,"ᚠᛚᛁᛏ",165
"floes",340490,1,"ᚠᛚᛟᛋ",211
"flog",223496,1,"ᚠᛚᚩᚷ",99
"flop",1309309,1,"ᚠᛚᚩᛈ",125
"flow",79428870,1,"ᚠᛚᚩᚹ",101
"flub",16246,0,"ᚠᛚᚢᛒ",139
"flue",1358914,1,"ᚠᛚᚢᛖ",145
"flung",6065186,1,"ᚠᛚᚢᛝ",157
"flux",11824135,1,"ᚠᛚᚢᛉ",125
"flying",18579920,1,"ᚠᛚᚣᛝ",257
"foal",587759,1,"ᚠᚩᚪᛚ",179
"foam",2165295,1,"ᚠᚩᚪᛗ",177
"fobs",31324,1,"ᚠᚩᛒᛋ",123
"fogs",609505,1,"ᚠᚩᚷᛋ",79
"fogy",35013,0,"ᚠᚩᚷᚣ",129
"foil",3876660,1,"ᚠᚩᛁᛚ",113
"fold",12579364,1,"ᚠᚩᛚᛞ",171
"folio",2429407,1,"ᚠᚩᛚᛡ",189
"folk",15462124,1,"ᚠᚩᛚᚳ",95
"foll",54685,0,"ᚠᚩᛚᛚ",155
"fond",10874392,1,"ᚠᚩᚾᛞ",127
"font",3807678,1,"ᚠᚩᚾᛏ",97
"food",125067168,1,"ᚠᚩᚩᛞ",105
"fool",11598760,1,"ᚠᚩᚩᛚ",89
"foot",61733974,1,"ᚠᚩᚩᛏ",75
"fops",95033,0,"ᚠᚩᛈᛋ",105
"fora",600755,1,"ᚠᚩᚱᚪ",117
"ford",1615408,1,"ᚠᚩᚱᛞ",109
"fore",7232160,1,"ᚠᚩᚱᛖ",87
"fork",4973514,1,"ᚠᚩᚱᚳ",33
"form",332747816,1,"ᚠᚩᚱᛗ",91
"fort",11816988,1,"ᚠᚩᚱᛏ",79
"forth",59649534,1,"ᚠᚩᚱᚦ",25
"foul",5935392,1,"ᚠᚩᚢᛚ",85
"four",237105916,1,"ᚠᚩᚢᚱ",23
"fowl",2706056,1,"ᚠᚩᚹᛚ",101
"foxing",25279,1,"ᚠᚩᛉᛝ",135
"foxy",121456,1,"ᚠᚩᛉᚣ",159
"frag",191710,1,"ᚠᚱᚪᚷ",127
"frat",110347,0,"ᚠᚱᚪᛏ",169
"fray",640482,1,"ᚠᚱᚪᚣ",213
"freak",1210039,1,"ᚠᚱᛠᚳ",135
"free",179622086,1,"ᚠᚱᛖᛖ",147
"freon",55517,0,"ᚠᚱᛇᚾ",83
"freq",73878,0,"ᚠᚱᛖᚳ",93
"fret",1039996,1,"ᚠᚱᛖᛏ",139
"friar",1331741,1,"ᚠᚱᛡᚱ",131
"frig",27061,1,"ᚠᚱᛁᚷ",61
"fringe",4854254,1,"ᚠᚱᛝᛖ",159
"fringing",359214,1,"ᚠᚱᛝᛝ",171
"friz",7180,1,"ᚠᚱᛁᛋ",97
"frog",3959756,1,"ᚠᚱᚩᚷ",37
"from",3303055012,1,"ᚠᚱᚩᛗ",91
"froth",766889,1,"ᚠᚱᚩᚦ",25
"frying",1584216,1,"ᚠᚱᚣᛝ",195
"ftping",241,0,"ᚠᛏᛈᛝ",183
"ftps",2999,0,"ᚠᛏᛈᛋ",157
"fuck",2189603,0,"ᚠᚢᚳᚳ",31
"fuel",25191828,1,"ᚠᚢᛖᛚ",145
"full",188386574,1,"ᚠᚢᛚᛚ",151
"fume",565727,1,"ᚠᚢᛗᛖ",143
"fuming",488202,1,"ᚠᚢᛗᛝ",155
"fums",9478,0,"ᚠᚢᛗᛋ",129
"fumy",4956,0,"ᚠᚢᛗᚣ",179
"fund",22099210,1,"ᚠᚢᚾᛞ",123
"fungi",4206949,1,"ᚠᚢᛝᛁ",115
"funk",416424,1,"ᚠᚢᚾᚳ",47
"furl",72383,1,"ᚠᚢᚱᛚ",89
"furn",9928,0,"ᚠᚢᚱᚾ",45
"furs",1129473,1,"ᚠᚢᚱᛋ",69
"fury",3537421,1,"ᚠᚢᚱᚣ",119
"fuse",3024455,1,"ᚠᚢᛋᛖ",125
"fusing",890021,1,"ᚠᚢᛋᛝ",137
"fuss",2180077,1,"ᚠᚢᛋᛋ",111
"futz",3319,0,"ᚠᚢᛏᛋ",117
"fuze",106028,1,"ᚠᚢᛋᛖ",125
"fuzing",6381,1,"ᚠᚢᛋᛝ",137
"fuzz",233085,1,"ᚠᚢᛋᛋ",111
"gabs",6277,0,"ᚷᚪᛒᛋ",228
"gads",14214,0,"ᚷᚪᛞᛋ",256
"gaff",282104,0,"ᚷᚪᚠᚠ",118
"gaga",39136,0,"ᚷᚪᚷᚪ",228
"gags",237122,1,"ᚷᚪᚷᛋ",184
"gain",52008738,1,"ᚷᚪᛁᚾ",174
"gait",2679328,1,"ᚷᚪᛁᛏ",204
"gala",699651,1,"ᚷᚪᛚᚪ",284
"gale",2597695,1,"ᚷᚪᛚᛖ",254
"gall",2379112,1,"ᚷᚪᛚᛚ",260
"gals",367610,0,"ᚷᚪᛚᛋ",240
"game",53643156,1,"ᚷᚪᛗᛖ",252
"gaming",755687,1,"ᚷᚪᛗᛝ",264
"gamy",40381,0,"ᚷᚪᛗᚣ",288
"ganging",81405,1,"ᚷᚪᛝᛝ",272
"gangs",1380892,1,"ᚷᚪᛝᛋ",246
"gape",386409,1,"ᚷᚪᛈᛖ",224
"gaping",1497879,1,"ᚷᚪᛈᛝ",236
"gaps",6340009,1,"ᚷᚪᛈᛋ",210
"garb",2021415,1,"ᚷᚪᚱᛒ",186
"gars",48791,1,"ᚷᚪᚱᛋ",178
"gash",489087,1,"ᚷᚪᛋᚻ",190
"gasp",1445344,1,"ᚷᚪᛋᛈ",210
"gate",10478954,1,"ᚷᚪᛏᛖ",240
"gating",462943,1,"ᚷᚪᛏᛝ",252
"gave",76637000,1,"ᚷᚪᚢᛖ",184
"gawd",17882,1,"ᚷᚪᚹᛞ",222
"gawk",101212,1,"ᚷᚪᚹᚳ",146
"gawp",11026,0,"ᚷᚪᚹᛈ",176
"gays",987892,0,"ᚷᚪᚣᛋ",270
"gaze",13646632,1,"ᚷᚪᛋᛖ",234
"gazing",4286869,1,"ᚷᚪᛋᛝ",246
"gearing",753613,1,"ᚷᛠᚱᛝ",216
"gears",2325202,1,"ᚷᛠᚱᛋ",190
"geed",5732,0,"ᚷᛖᛖᛞ",240
"geeing",2328,0,"ᚷᛖᛖᛝ",230
"geek",136226,1,"ᚷᛖᛖᚳ",164
"gees",35595,0,"ᚷᛖᛖᛋ",204
"geez",17798,0,"ᚷᛖᛖᛋ",204
"geld",93572,0,"ᚷᛖᛚᛞ",246
"gels",1478600,1,"ᚷᛖᛚᛋ",210
"gems",2084711,1,"ᚷᛖᛗᛋ",208
"gene",20125302,1,"ᚷᛖᚾᛖ",180
"gens",906218,1,"ᚷᛖᚾᛋ",166
"gent",585794,1,"ᚷᛖᚾᛏ",172
"geode",24394,1,"ᚷᛇᛞᛖ",214
"germ",5220814,1,"ᚷᛖᚱᛗ",166
"gets",14540534,1,"ᚷᛖᛏᛋ",196
"ghat",132208,0,"ᚷᚻᚪᛏ",196
"ghee",434581,1,"ᚷᚻᛖᛖ",174
"giant",13419530,1,"ᚷᛡᚾᛏ",212
"gibe",146397,1,"ᚷᛁᛒᛖ",176
"gibing",25191,1,"ᚷᛁᛒᛝ",188
"gift",14403668,1,"ᚷᛁᚠᛏ",109
"gigs",279826,1,"ᚷᛁᚷᛋ",118
"gild",515061,1,"ᚷᛁᛚᛞ",210
"gill",1364726,1,"ᚷᛁᛚᛚ",194
"gilt",3793178,1,"ᚷᛁᛚᛏ",180
"gimp",75827,1,"ᚷᛁᛗᛈ",162
"ginger",2189271,1,"ᚷᛝᛖᚱ",174
"gingko",29814,1,"ᚷᛝᚳᚩ",116
"gins",257220,1,"ᚷᛁᚾᛋ",130
"gird",257589,0,"ᚷᛁᚱᛞ",148
"girl",70194728,1,"ᚷᛁᚱᛚ",132
"giro",91467,0,"ᚷᛁᚱᚩ",66
"girth",832697,1,"ᚷᛁᚱᚦ",64
"girt",483449,0,"ᚷᛁᚱᛏ",118
"gist",1029778,1,"ᚷᛁᛋᛏ",160
"gite",18415,0,"ᚷᛁᛏᛖ",174
"gits",139194,1,"ᚷᛁᛏᛋ",160
"give",261610052,1,"ᚷᛁᚢᛖ",118
"giving",80020844,1,"ᚷᛁᚢᛝ",130
"glad",13048573,1,"ᚷᛚᚪᛞ",276
"glam",43452,1,"ᚷᛚᚪᛗ",258
"gleam",2520091,1,"ᚷᛚᛠᛗ",270
"glean",542974,1,"ᚷᛚᛠᚾ",228
"glee",1335509,1,"ᚷᛚᛖᛖ",224
"glen",818062,1,"ᚷᛚᛖᚾ",186
"glib",439429,1,"ᚷᛚᛁᛒ",182
"glob",102364,1,"ᚷᛚᚩᛒ",158
"glop",23111,1,"ᚷᛚᚩᛈ",140
"glow",3395081,1,"ᚷᛚᚩᚹ",116
"glue",3846942,1,"ᚷᛚᚢᛖ",160
"gluing",328237,1,"ᚷᛚᚢᛝ",172
"glum",331971,1,"ᚷᛚᚢᛗ",164
"glut",505846,1,"ᚷᛚᚢᛏ",152
"gnat",279729,1,"ᚷᚾᚪᛏ",202
"gnaw",358486,1,"ᚷᚾᚪᚹ",162
"gnus",30491,1,"ᚷᚾᚢᛋ",102
"goad",447319,1,"ᚷᚩᚪᛞ",210
"goal",21048476,1,"ᚷᚩᚪᛚ",194
"goat",2398330,1,"ᚷᚩᚪᛏ",180
"gobs",86622,1,"ᚷᚩᛒᛋ",138
"gods",23742642,1,"ᚷᚩᛞᛋ",166
"goers",401870,0,"ᚷᛟᚱᛋ",164
"goings",880252,1,"ᚷᚩᛝᛋ",156
"gold",64875658,1,"ᚷᚩᛚᛞ",186
"golf",3035382,0,"ᚷᚩᛚᚠ",99
"gone",39972580,1,"ᚷᚩᚾᛖ",120
"gonging",4307,1,"ᚷᚩᛝᛝ",182
"gongs",313127,1,"ᚷᚩᛝᛋ",156
"gonk",1292,0,"ᚷᚩᚾᚳ",66
"good",470405749,1,"ᚷᚩᚩᛞ",120
"gooey",139416,1,"ᚷᚩᛟᚣ",210
"goof",114784,1,"ᚷᚩᚩᚠ",33
"gook",60537,1,"ᚷᚩᚩᚳ",44
"goon",144904,1,"ᚷᚩᚩᚾ",60
"goop",34806,1,"ᚷᚩᚩᛈ",74
"gore",521261,1,"ᚷᚩᚱᛖ",102
"goring",50172,1,"ᚷᚩᚱᛝ",114
"gorp",7286,0,"ᚷᚩᚱᛈ",78
"gory",413474,1,"ᚷᚩᚱᚣ",138
"gosh",217557,1,"ᚷᚩᛋᚻ",100
"goths",20240,1,"ᚷᚩᚦᛋ",82
"gout",2063870,1,"ᚷᚩᚢᛏ",86
"govt",215231,0,"ᚷᚩᚢᛏ",86
"gown",2621757,1,"ᚷᚩᚹᚾ",72
"grab",3820022,1,"ᚷᚱᚪᛒ",186
"grad",486451,0,"ᚷᚱᚪᛞ",214
"gram",4813128,1,"ᚷᚱᚪᛗ",196
"gran",779044,1,"ᚷᚱᚪᚾ",154
"gray",21269532,1,"ᚷᚱᚪᚣ",228
"great",476960686,1,"ᚷᚱᛠᛏ",196
"grep",123797,1,"ᚷᚱᛖᛈ",138
"grew",20155749,1,"ᚷᚱᛖᚹ",114
"grid",4856455,1,"ᚷᚱᛁᛞ",148
"grim",2668808,1,"ᚷᚱᛁᛗ",130
"grin",4324132,1,"ᚷᚱᛁᚾ",88
"gringo",216560,0,"ᚷᚱᛝᚩ",114
"grip",3706417,1,"ᚷᚱᛁᛈ",102
"grit",1439142,1,"ᚷᚱᛁᛏ",118
"grog",433530,1,"ᚷᚱᚩᚷ",52
"grok",5127,0,"ᚷᚱᚩᚳ",48
"grow",21610787,1,"ᚷᚱᚩᚹ",54
"grub",789982,1,"ᚷᚱᚢᛒ",92
"grue",55636,1,"ᚷᚱᚢᛖ",98
"guff",43786,1,"ᚷᚢᚠᚠ",24
"gulf",3562388,1,"ᚷᚢᛚᚠ",95
"gull",718576,1,"ᚷᚢᛚᛚ",166
"gulp",657327,1,"ᚷᚢᛚᛈ",136
"gums",1716750,1,"ᚷᚢᛗᛋ",144
"gunge",9259,0,"ᚷᚢᛝᛖ",166
"gungy",902,0,"ᚷᚢᛝᚣ",202
"gunk",56360,1,"ᚷᚢᚾᚳ",62
"guns",11396623,1,"ᚷᚢᚾᛋ",102
"guru",1397160,1,"ᚷᚢᚱᚢ",34
"gush",539355,1,"ᚷᚢᛋᚻ",96
"gust",1045455,1,"ᚷᚢᛋᛏ",132
"guts",1581938,1,"ᚷᚢᛏᛋ",132
"guvs",4274,1,"ᚷᚢᚢᛋ",76
"guying",26636,1,"ᚷᚢᚣᛝ",202
"guys",4450548,1,"ᚷᚢᚣᛋ",176
"gyms",127352,1,"ᚷᚣᛗᛋ",244
"gyps",7363,0,"ᚷᚣᛈᛋ",216
"gyro",339918,1,"ᚷᚣᚱᚩ",138
"gyve",29660,0,"ᚷᚣᚢᛖ",190
"gyving",1295,0,"ᚷᚣᚢᛝ",202
"hack",1529857,1,"ᚻᚪᚳᚳ",146
"hadj",12759,0,"ᚻᚪᛞᛂ",246
"haft",192172,1,"ᚻᚪᚠᛏ",181
"hags",145968,1,"ᚻᚪᚷᛋ",190
"hail",3088136,1,"ᚻᚪᛁᛚ",224
"hair",62614202,1,"ᚻᚪᛁᚱ",162
"hajj",131417,0,"ᚻᚪᛂᛂ",194
"hake",145664,1,"ᚻᚪᚳᛖ",200
"hale",395086,1,"ᚻᚪᛚᛖ",260
"half",189057222,1,"ᚻᚪᛚᚠ",195
"haling",22587,1,"ᚻᚪᛚᛝ",272
"hall",13206813,1,"ᚻᚪᛚᛚ",266
"halo",2004446,1,"ᚻᚪᛚᚩ",200
"halt",6712434,1,"ᚻᚪᛚᛏ",252
"hams",509744,1,"ᚻᚪᛗᛋ",244
"hand",289373734,1,"ᚻᚪᚾᛞ",238
"hanging",14759182,1,"ᚻᚪᛝᛝ",278
"hangs",1821221,1,"ᚻᚪᛝᛋ",252
"hank",230168,0,"ᚻᚪᚾᚳ",162
"hard",119890196,1,"ᚻᚪᚱᛞ",220
"hare",3066355,1,"ᚻᚪᚱᛖ",198
"haring",19462,1,"ᚻᚪᚱᛝ",210
"hark",403235,1,"ᚻᚪᚱᚳ",144
"harm",19756640,1,"ᚻᚪᚱᛗ",202
"harp",2308860,1,"ᚻᚪᚱᛈ",174
"hart",452612,1,"ᚻᚪᚱᛏ",190
"hash",1338528,1,"ᚻᚪᛋᚻ",196
"hasp",69575,0,"ᚻᚪᛋᛈ",216
"hast",6412671,1,"ᚻᚪᛋᛏ",232
"hate",15563654,1,"ᚻᚪᛏᛖ",246
"hating",1279941,1,"ᚻᚪᛏᛝ",258
"hats",2614113,1,"ᚻᚪᛏᛋ",232
"haul",3194224,1,"ᚻᚪᚢᛚ",196
"have",2745994956,1,"ᚻᚪᚢᛖ",190
"having",115403165,1,"ᚻᚪᚢᛝ",202
"hawing",43516,0,"ᚻᚪᚹᛝ",218
"hawk",2250408,1,"ᚻᚪᚹᚳ",152
"haws",68637,1,"ᚻᚪᚹᛋ",192
"haying",214164,1,"ᚻᚪᚣᛝ",302
"hays",59466,1,"ᚻᚪᚣᛋ",276
"haze",2258799,1,"ᚻᚪᛋᛖ",240
"hazing",192138,1,"ᚻᚪᛋᛝ",252
"hazy",705245,1,"ᚻᚪᛋᚣ",276
"heading",5747756,1,"ᚻᛠᛞᛝ",300
"heads",36710396,1,"ᚻᛠᛞᛋ",274
"heady",916728,1,"ᚻᛠᛞᚣ",324
"healing",13934706,1,"ᚻᛠᛚᛝ",284
"heals",766959,1,"ᚻᛠᛚᛋ",258
"health",123235898,1,"ᚻᛠᛚᚦ",210
"heaping",556144,1,"ᚻᛠᛈᛝ",254
"heaps",2536517,1,"ᚻᛠᛈᛋ",228
"heard",59900855,1,"ᚻᛠᚱᛞ",232
"hearing",37126836,1,"ᚻᛠᚱᛝ",222
"hears",2803998,1,"ᚻᛠᚱᛋ",196
"hearth",3963045,1,"ᚻᛠᚱᚦ",148
"heart",149867158,1,"ᚻᛠᚱᛏ",202
"heaths",269351,1,"ᚻᛠᚦᛋ",190
"heating",15050320,1,"ᚻᛠᛏᛝ",270
"heats",1691088,1,"ᚻᛠᛏᛋ",244
"heave",1080880,1,"ᚻᛠᚢᛖ",202
"heaving",1333450,1,"ᚻᛠᚢᛝ",214
"heavy",68618848,1,"ᚻᛠᚢᚣ",238
"heck",541201,1,"ᚻᛖᚳᚳ",116
"heed",1962480,1,"ᚻᛖᛖᛞ",246
"heel",2266732,1,"ᚻᛖᛖᛚ",230
"heft",153430,1,"ᚻᛖᚠᛏ",151
"heir",4447844,1,"ᚻᛖᛁᚱ",132
"held",175811294,1,"ᚻᛖᛚᛞ",252
"hell",21153478,1,"ᚻᛖᛚᛚ",236
"helm",1746230,1,"ᚻᛖᛚᛗ",234
"help",190157676,1,"ᚻᛖᛚᛈ",206
"heme",745514,0,"ᚻᛖᛗᛖ",228
"hemp",1722294,1,"ᚻᛖᛗᛈ",204
"hems",222841,0,"ᚻᛖᛗᛋ",214
"henge",54882,1,"ᚻᛖᛝᛖ",236
"hens",1946235,1,"ᚻᛖᚾᛋ",172
"herb",1235069,1,"ᚻᛖᚱᛒ",162
"herd",3182456,1,"ᚻᛖᚱᛞ",190
"here",168528316,1,"ᚻᛖᚱᛖ",168
"hero",10217302,1,"ᚻᛖᚱᚩ",108
"hers",9799786,1,"ᚻᛖᚱᛋ",154
"hewing",229880,1,"ᚻᛖᚹᛝ",188
"hews",69602,1,"ᚻᛖᚹᛋ",162
"hexing",9278,0,"ᚻᛖᛉᛝ",216
"hick",117472,1,"ᚻᛁᚳᚳ",80
"hide",15324594,1,"ᚻᛁᛞᛖ",210
"hiding",8515206,1,"ᚻᛁᛞᛝ",222
"hied",73699,1,"ᚻᛁᛖᛞ",210
"hieing",6855,0,"ᚻᛁᛖᛝ",200
"hies",50355,1,"ᚻᛁᛖᛋ",174
"high",335674530,1,"ᚻᛁᚷᚻ",94
"hike",1651116,1,"ᚻᛁᚳᛖ",134
"hiking",1663344,1,"ᚻᛁᚳᛝ",146
"hill",25491118,1,"ᚻᛁᛚᛚ",200
"hilt",938184,1,"ᚻᛁᛚᛏ",186
"hims",16191,0,"ᚻᛁᛗᛋ",178
"hind",4005623,1,"ᚻᛁᚾᛞ",172
"hinged",1357515,1,"ᚻᛝᛖᛞ",258
"hinges",2121250,1,"ᚻᛝᛖᛋ",222
"hint",8252084,1,"ᚻᛁᚾᛏ",142
"hips",2176040,1,"ᚻᛁᛈᛋ",150
"hire",8667900,1,"ᚻᛁᚱᛖ",132
"hiring",5313348,1,"ᚻᛁᚱᛝ",144
"hiss",938405,1,"ᚻᛁᛋᛋ",160
"hist",476506,1,"ᚻᛁᛋᛏ",166
"hits",4384228,1,"ᚻᛁᛏᛋ",166
"hive",1873914,1,"ᚻᛁᚢᛖ",124
"hiving",62083,1,"ᚻᛁᚢᛝ",136
"hiya",19811,0,"ᚻᛁᚣᚪ",254
"hoar",294279,1,"ᚻᚩᚪᚱ",138
"hoax",643367,1,"ᚻᚩᚪᛉ",174
"hobo",219871,1,"ᚻᚩᛒᚩ",98
"hobs",27931,1,"ᚻᚩᛒᛋ",144
"hock",324252,1,"ᚻᚩᚳᚳ",56
"hods",25710,0,"ᚻᚩᛞᛋ",172
"hoers",5334,0,"ᚻᛟᚱᛋ",170
"hogs",2141840,1,"ᚻᚩᚷᛋ",100
"hoke",6679,1,"ᚻᚩᚳᛖ",110
"hoking",981,0,"ᚻᚩᚳᛝ",122
"hold",94694706,1,"ᚻᚩᛚᛞ",192
"hole",24838578,1,"ᚻᚩᛚᛖ",170
"holing",89065,1,"ᚻᚩᛚᛝ",182
"hols",25620,0,"ᚻᚩᛚᛋ",156
"holy",13593461,1,"ᚻᚩᛚᚣ",206
"home",232410174,1,"ᚻᚩᛗᛖ",168
"homing",523956,1,"ᚻᚩᛗᛝ",180
"homo",1424144,1,"ᚻᚩᛗᚩ",108
"homy",21177,1,"ᚻᚩᛗᚣ",204
"hone",472631,1,"ᚻᚩᚾᛖ",126
"honing",209864,1,"ᚻᚩᚾᛝ",138
"honk",133111,1,"ᚻᚩᚾᚳ",72
"hons",37453,1,"ᚻᚩᚾᛋ",112
"hood",3535652,1,"ᚻᚩᚩᛞ",126
"hooey",23841,0,"ᚻᚩᛟᚣ",216
"hoof",1113079,1,"ᚻᚩᚩᚠ",39
"hook",7046600,1,"ᚻᚩᚩᚳ",50
"hoop",1278247,1,"ᚻᚩᚩᛈ",80
"hoot",380439,1,"ᚻᚩᚩᛏ",96
"hope",96177948,1,"ᚻᚩᛈᛖ",140
"hoping",5523736,1,"ᚻᚩᛈᛝ",152
"hops",1168291,1,"ᚻᚩᛈᛋ",126
"hora",314347,0,"ᚻᚩᚱᚪ",138
"horn",7846032,1,"ᚻᚩᚱᚾ",70
"hose",3270981,1,"ᚻᚩᛋᛖ",150
"hosing",59054,1,"ᚻᚩᛋᛝ",162
"hosp",20810,0,"ᚻᚩᛋᛈ",126
"host",29803324,1,"ᚻᚩᛋᛏ",142
"hots",60631,1,"ᚻᚩᛏᛋ",142
"hour",83954282,1,"ᚻᚩᚢᚱ",44
"hove",546926,1,"ᚻᚩᚢᛖ",100
"howl",1373437,1,"ᚻᚩᚹᛚ",122
"hows",118579,1,"ᚻᚩᚹᛋ",102
"hubs",540305,1,"ᚻᚢᛒᛋ",140
"hued",369519,0,"ᚻᚢᛖᛞ",182
"hues",1784654,1,"ᚻᚢᛖᛋ",146
"huff",253966,1,"ᚻᚢᚠᚠ",30
"huge",16009811,1,"ᚻᚢᚷᛖ",110
"hugs",604236,1,"ᚻᚢᚷᛋ",96
"hula",208155,0,"ᚻᚢᛚᚪ",196
"hulk",433676,1,"ᚻᚢᛚᚳ",112
"hull",3236500,1,"ᚻᚢᛚᛚ",172
"hump",935576,1,"ᚻᚢᛗᛈ",140
"hums",183139,1,"ᚻᚢᛗᛋ",150
"hunk",322670,1,"ᚻᚢᚾᚳ",68
"hunt",8059850,1,"ᚻᚢᚾᛏ",114
"hurl",848825,1,"ᚻᚢᚱᛚ",110
"hurt",23006344,1,"ᚻᚢᚱᛏ",96
"hush",1467418,1,"ᚻᚢᛋᚻ",102
"husk",708422,1,"ᚻᚢᛋᚳ",92
"huts",2047162,1,"ᚻᚢᛏᛋ",138
"hymn",4385837,1,"ᚻᚣᛗᚾ",226
"hype",446449,1,"ᚻᚣᛈᛖ",236
"hyping",23885,1,"ᚻᚣᛈᛝ",248
"hypo",457955,1,"ᚻᚣᛈᚩ",176
"iambi",4688,1,"ᛡᛗᛒᛁ",270
"iambs",36737,1,"ᛡᛗᛒᛋ",292
"ibex",178743,1,"ᛁᛒᛖᛉ",206
"ibid",13464169,0,"ᛁᛒᛁᛞ",212
"ibis",245840,0,"ᛁᛒᛁᛋ",176
"iced",869484,1,"ᛁᚳᛖᛞ",200
"ices",433795,1,"ᛁᚳᛖᛋ",164
"icings",27245,1,"ᛁᚳᛝᛋ",176
"icky",38266,1,"ᛁᚳᚳᚣ",160
"icon",4816083,1,"ᛁᚳᚩᚾ",80
"ideal",42522028,1,"ᛁᛞᛠᛚ",302
"ideas",45664348,1,"ᛁᛞᛠᛋ",282
"idem",1976355,0,"ᛁᛞᛖᛗ",258
"ides",144965,1,"ᛁᛞᛖᛋ",240
"idiom",2588703,1,"ᛁᛞᛡᛗ",298
"idiot",2437658,1,"ᛁᛞᛡᛏ",286
"idle",10202242,1,"ᛁᛞᛚᛖ",260
"idling",509012,1,"ᛁᛞᛚᛝ",272
"idly",1421750,1,"ᛁᛞᛚᚣ",296
"idol",3130378,1,"ᛁᛞᚩᛚ",200
"idyl",95999,1,"ᛁᛞᚣᛚ",296
"iffy",56867,0,"ᛁᚠᚠᚣ",138
"ikon",84126,0,"ᛁᚳᚩᚾ",80
"ilks",3114,0,"ᛁᛚᚳᛋ",170
"ills",2690445,1,"ᛁᛚᛚᛋ",230
"imam",390377,0,"ᛁᛗᚪᛗ",270
"imps",193771,1,"ᛁᛗᛈᛋ",198
"inch",31444350,1,"ᛁᚾᚳᚻ",96
"incing",1095,0,"ᛁᚾᚳᛝ",152
"incl",342829,0,"ᛁᚾᚳᛚ",146
"incs",2768,0,"ᛁᚾᚳᛋ",126
"info",1080102,1,"ᛁᚾᚠᚩ",69
"ingest",422177,0,"ᛝᛖᛋᛏ",258
"ingots",641026,1,"ᛝᚩᛏᛋ",198
"inking",182866,1,"ᛁᚾᚳᛝ",152
"inks",707946,1,"ᛁᚾᚳᛋ",126
"inky",343978,1,"ᛁᚾᚳᚣ",176
"inning",651981,1,"ᛁᚾᚾᛝ",168
"inns",1272415,1,"ᛁᚾᚾᛋ",142
"inst",716344,0,"ᛁᚾᛋᛏ",172
"into",568647878,1,"ᛁᚾᛏᚩ",126
"ioctl",25274,1,"ᛡᚳᛏᛚ",252
"ionic",3887965,1,"ᛡᚾᛁᚳ",180
"iotas",3381,0,"ᛡᛏᚪᛋ",316
"ipod",436713,0,"ᛁᛈᚩᛞ",170
"iris",2636530,1,"ᛁᚱᛁᛋ",126
"irking",9632,0,"ᛁᚱᚳᛝ",134
"irks",49223,1,"ᛁᚱᚳᛋ",108
"iron",61215690,1,"ᛁᚱᚩᚾ",78
"isle",1295580,1,"ᛁᛋᛚᛖ",224
"isms",280716,1,"ᛁᛋᛗᛋ",208
"ital",170290,0,"ᛁᛏᚪᛚ",260
"itch",970043,1,"ᛁᛏᚳᚻ",126
"item",27708728,1,"ᛁᛏᛖᛗ",228
"jabs",156845,1,"ᛂᚪᛒᛋ",248
"jack",2445999,0,"ᛂᚪᚳᚳ",160
"jade",1204603,1,"ᛂᚪᛞᛖ",290
"jading",4496,1,"ᛂᚪᛞᛝ",302
"jags",43659,0,"ᛂᚪᚷᛋ",204
"jail",4749537,1,"ᛂᚪᛁᛚ",238
"jamb",359711,0,"ᛂᚪᛗᛒ",266
"jams",310403,1,"ᛂᚪᛗᛋ",258
"jape",20898,1,"ᛂᚪᛈᛖ",244
"japing",2257,0,"ᛂᚪᛈᛝ",256
"jars",3128821,1,"ᛂᚪᚱᛋ",198
"jato",5365,0,"ᛂᚪᛏᚩ",200
"java",429389,0,"ᛂᚪᚢᚪ",234
"jawing",32400,1,"ᛂᚪᚹᛝ",232
"jaws",2023942,1,"ᛂᚪᚹᛋ",206
"jays",230284,1,"ᛂᚪᚣᛋ",290
"jazz",5099258,1,"ᛂᚪᛋᛋ",240
"jeans",1574970,1,"ᛂᛠᚾᛋ",228
"jeep",1306240,1,"ᛂᛖᛖᛈ",214
"jeer",233736,1,"ᛂᛖᛖᚱ",182
"jeez",29103,0,"ᛂᛖᛖᛋ",224
"jell",64216,1,"ᛂᛖᛚᛚ",250
"jerk",2058366,1,"ᛂᛖᚱᚳ",128
"jest",2635345,1,"ᛂᛖᛋᛏ",216
"jets",977902,1,"ᛂᛖᛏᛋ",216
"jibe",222400,1,"ᛂᛁᛒᛖ",196
"jibing",24549,1,"ᛂᛁᛒᛝ",208
"jibs",49206,1,"ᛂᛁᛒᛋ",182
"jiff",10294,0,"ᛂᛁᚠᚠ",72
"jigs",344915,1,"ᛂᛁᚷᛋ",138
"jilt",40798,1,"ᛂᛁᛚᛏ",200
"jingle",518001,1,"ᛂᛝᛚᛖ",256
"jingling",395075,1,"ᛂᛝᛚᛝ",268
"jingly",6784,1,"ᛂᛝᛚᚣ",292
"jink",10667,1,"ᛂᛁᚾᚳ",110
"jinn",131887,1,"ᛂᛁᚾᚾ",126
"jinx",70026,1,"ᛂᛁᚾᛉ",144
"jive",157120,1,"ᛂᛁᚢᛖ",138
"jiving",31061,1,"ᛂᛁᚢᛝ",150
"jobs",16100229,1,"ᛂᚩᛒᛋ",158
"jock",188943,0,"ᛂᚩᚳᚳ",70
"joeys",6933,0,"ᛂᛟᚣᛋ",276
"jogs",118403,1,"ᛂᚩᚷᛋ",114
"john",629607,0,"ᛂᚩᚻᚾ",96
"join",17293811,1,"ᛂᚩᛁᚾ",104
"joke",8121084,1,"ᛂᚩᚳᛖ",124
"joking",1826211,1,"ᛂᚩᚳᛝ",136
"joky",6144,0,"ᛂᚩᚳᚣ",160
"jolt",856960,1,"ᛂᚩᛚᛏ",176
"josh",27037,0,"ᛂᚩᛋᚻ",120
"jots",45911,1,"ᛂᚩᛏᛋ",156
"jowl",193341,1,"ᛂᚩᚹᛚ",136
"joying",24338,1,"ᛂᚩᚣᛝ",226
"joys",3641482,1,"ᛂᚩᚣᛋ",200
"judo",195426,1,"ᛂᚢᛞᚩ",136
"jugs",628698,1,"ᛂᚢᚷᛋ",110
"jump",10800960,1,"ᛂᚢᛗᛈ",154
"junk",2421720,1,"ᛂᚢᚾᚳ",82
"jury",19998436,1,"ᛂᚢᚱᚣ",154
"just",404644306,1,"ᛂᚢᛋᛏ",152
"jute",1197566,1,"ᛂᚢᛏᛖ",166
"juts",182435,1,"ᛂᚢᛏᛋ",152
"kale",286269,1,"ᚳᚪᛚᛖ",250
"kart",76179,1,"ᚳᚪᚱᛏ",180
"kayo",24681,0,"ᚳᚪᚣᚩ",220
"keel",1657592,1,"ᚳᛖᛖᛚ",220
"keen",10841996,1,"ᚳᛖᛖᚾ",176
"keep",136572532,1,"ᚳᛖᛖᛈ",190
"kegs",329290,1,"ᚳᛖᚷᛋ",150
"kelp",558559,1,"ᚳᛖᛚᛈ",196
"keno",55024,0,"ᚳᛖᚾᚩ",116
"kens",65107,0,"ᚳᛖᚾᛋ",162
"kepi",60278,0,"ᚳᛖᛈᛁ",154
"kept",101546422,1,"ᚳᛖᛈᛏ",182
"keying",414525,1,"ᚳᛖᚣᛝ",262
"keys",5298919,1,"ᚳᛖᚣᛋ",236
"khan",523861,1,"ᚳᚻᚪᚾ",162
"kick",5205358,1,"ᚳᛁᚳᚳ",70
"kids",9558263,1,"ᚳᛁᛞᛋ",186
"kike",39259,0,"ᚳᛁᚳᛖ",124
"kill",28441018,1,"ᚳᛁᛚᛚ",190
"kiln",1762345,1,"ᚳᛁᛚᚾ",146
"kilo",555942,1,"ᚳᛁᛚᚩ",124
"kilt",323266,1,"ᚳᛁᛚᛏ",176
"kind",181958710,1,"ᚳᛁᚾᛞ",162
"kine",293482,0,"ᚳᛁᚾᛖ",140
"kingly",959202,1,"ᚳᛝᛚᚣ",268
"kink",435198,1,"ᚳᛁᚾᚳ",86
"kins",137733,1,"ᚳᛁᚾᛋ",126
"kiosk",366858,1,"ᚳᛡᛋᚳ",186
"kips",259449,0,"ᚳᛁᛈᛋ",140
"kirk",559660,0,"ᚳᛁᚱᚳ",68
"kiss",11043094,1,"ᚳᛁᛋᛋ",150
"kite",1268104,1,"ᚳᛁᛏᛖ",170
"kiting",36699,1,"ᚳᛁᛏᛝ",182
"kits",1207537,1,"ᚳᛁᛏᛋ",156
"kiwi",137278,0,"ᚳᛁᚹᛁ",94
"knead",287895,1,"ᚳᚾᛠᛞ",240
"knee",12739788,1,"ᚳᚾᛖᛖ",176
"knew",72500698,1,"ᚳᚾᛖᚹ",128
"knit",2943814,1,"ᚳᚾᛁᛏ",132
"knob",1879867,1,"ᚳᚾᚩᛒ",110
"knot",4612882,1,"ᚳᚾᚩᛏ",108
"know",398899386,1,"ᚳᚾᚩᚹ",68
"koan",146985,1,"ᚳᚩᚪᚾ",146
"kohl",93666,0,"ᚳᚩᚻᛚ",116
"kola",219913,1,"ᚳᚩᛚᚪ",190
"kook",36222,1,"ᚳᚩᚩᚳ",40
"kyle",5169,0,"ᚳᚣᛚᛖ",256
"labia",545713,0,"ᛚᚪᛒᛡ",338
"labs",443250,1,"ᛚᚪᛒᛋ",284
"lace",4715292,1,"ᛚᚪᚳᛖ",250
"lacing",385105,1,"ᛚᚪᚳᛝ",262
"lack",71285916,1,"ᛚᚪᚳᚳ",196
"lacy",358398,1,"ᛚᚪᚳᚣ",286
"lade",99604,1,"ᛚᚪᛞᛖ",326
"lading",1581892,1,"ᛚᚪᛞᛝ",338
"lads",2251051,1,"ᛚᚪᛞᛋ",312
"lady",18681426,1,"ᛚᚪᛞᚣ",362
"lags",1345636,1,"ᛚᚪᚷᛋ",240
"laid",56728726,1,"ᛚᚪᛁᛞ",290
"lain",2290434,1,"ᛚᚪᛁᚾ",230
"lair",685307,1,"ᛚᚪᛁᚱ",212
"lake",22735502,1,"ᛚᚪᚳᛖ",250
"lama",487414,1,"ᛚᚪᛗᚪ",338
"lamb",4370536,1,"ᛚᚪᛗᛒ",302
"lame",2571807,1,"ᛚᚪᛗᛖ",308
"laming",32257,1,"ᛚᚪᛗᛝ",320
"lamp",6193564,1,"ᛚᚪᛗᛈ",284
"lams",33818,1,"ᛚᚪᛗᛋ",294
"land",197959728,1,"ᛚᚪᚾᛞ",288
"lane",5217529,1,"ᛚᚪᚾᛖ",266
"lank",353400,0,"ᛚᚪᚾᚳ",212
"laps",794399,1,"ᛚᚪᛈᛋ",266
"lard",1169803,1,"ᛚᚪᚱᛞ",270
"lark",932181,1,"ᛚᚪᚱᚳ",194
"lase",35154,1,"ᛚᚪᛋᛖ",290
"lash",1372634,1,"ᛚᚪᛋᚻ",246
"lasing",184697,1,"ᛚᚪᛋᛝ",302
"lass",902351,1,"ᛚᚪᛋᛋ",276
"last",293393844,1,"ᛚᚪᛋᛏ",282
"late",120776680,1,"ᛚᚪᛏᛖ",296
"lathe",1236803,1,"ᛚᚪᚦᛖ",242
"lathing",53203,1,"ᛚᚪᚦᛝ",254
"laths",246451,1,"ᛚᚪᚦᛋ",228
"lats",37400,0,"ᛚᚪᛏᛋ",282
"laud",448393,1,"ᛚᚪᚢᛞ",262
"lava",3349403,1,"ᛚᚪᚢᚪ",270
"lave",260870,1,"ᛚᚪᚢᛖ",240
"laving",86025,1,"ᛚᚪᚢᛝ",252
"lavs",27886,0,"ᛚᚪᚢᛋ",226
"lawn",2804681,1,"ᛚᚪᚹᚾ",218
"laws",45347849,1,"ᛚᚪᚹᛋ",242
"laying",11334284,1,"ᛚᚪᚣᛝ",352
"lays",5129733,1,"ᛚᚪᚣᛋ",326
"laze",44612,1,"ᛚᚪᛋᛖ",290
"lazing",49959,0,"ᛚᚪᛋᛝ",302
"lazy",2253290,1,"ᛚᚪᛋᚣ",326
"leach",344496,1,"ᛚᛠᚳᚻ",218
"leading",66369864,1,"ᛚᛠᛞᛝ",350
"leads",40640568,1,"ᛚᛠᛞᛋ",324
"leafing",190982,1,"ᛚᛠᚠᛝ",263
"leafs",54672,1,"ᛚᛠᚠᛋ",237
"leafy",1556137,1,"ᛚᛠᚠᚣ",287
"leaking",596671,1,"ᛚᛠᚳᛝ",274
"leaks",903213,1,"ᛚᛠᚳᛋ",248
"leaky",746014,1,"ᛚᛠᚳᚣ",298
"leaning",7202493,1,"ᛚᛠᚾᛝ",290
"leans",1447113,1,"ᛚᛠᚾᛋ",264
"leaping",2344966,1,"ᛚᛠᛈᛝ",304
"leaps",2051157,1,"ᛚᛠᛈᛋ",278
"learn",35678407,1,"ᛚᛠᚱᚾ",222
"lease",12802390,1,"ᛚᛠᛋᛖ",302
"leash",953721,1,"ᛚᛠᛋᚻ",258
"leasing",1939942,1,"ᛚᛠᛋᛝ",314
"least",217773936,1,"ᛚᛠᛋᛏ",294
"leave",106389086,1,"ᛚᛠᚢᛖ",252
"leaving",54553018,1,"ᛚᛠᚢᛝ",264
"lech",22784,0,"ᛚᛖᚳᚻ",176
"leek",243625,1,"ᛚᛖᛖᚳ",220
"leer",349232,1,"ᛚᛖᛖᚱ",218
"lees",270900,1,"ᛚᛖᛖᛋ",260
"left",292864854,1,"ᛚᛖᚠᛏ",201
"legs",15674647,1,"ᛚᛖᚷᛋ",210
"leis",91387,0,"ᛚᛖᛁᛋ",224
"lend",4268319,1,"ᛚᛖᚾᛞ",258
"length",104573528,1,"ᛚᛖᛝᚦ",224
"lens",7191753,1,"ᛚᛖᚾᛋ",222
"lent",3054878,1,"ᛚᛖᚾᛏ",228
"less",328814600,1,"ᛚᛖᛋᛋ",246
"lest",5219854,1,"ᛚᛖᛋᛏ",252
"lets",2818802,1,"ᛚᛖᛏᛋ",252
"levy",3926546,0,"ᛚᛖᚢᚣ",246
"lewd",665306,1,"ᛚᛖᚹᛞ",248
"liars",714262,1,"ᛚᛡᚱᛋ",244
"lice",1370443,1,"ᛚᛁᚳᛖ",184
"lick",1399925,1,"ᛚᛁᚳᚳ",130
"lido",25773,0,"ᛚᛁᛞᚩ",200
"lids",1994312,1,"ᛚᛁᛞᛋ",246
"lied",1317759,1,"ᛚᛁᛖᛞ",260
"lief",172424,1,"ᛚᛁᛖᚠ",173
"lien",3966720,1,"ᛚᛁᛖᚾ",200
"lies",48032054,1,"ᛚᛁᛖᛋ",224
"lieu",4105891,1,"ᛚᛁᛖᚢ",174
"life",543377444,1,"ᛚᛁᚠᛖ",173
"lift",14255288,1,"ᛚᛁᚠᛏ",165
"like",664335704,1,"ᛚᛁᚳᛖ",184
"liking",4069022,1,"ᛚᛁᚳᛝ",196
"lilo",16651,0,"ᛚᛁᛚᚩ",184
"lilt",282628,1,"ᛚᛁᛚᛏ",236
"lily",2028943,1,"ᛚᛁᛚᚣ",280
"limb",9154143,1,"ᛚᛁᛗᛒ",236
"lime",10324675,1,"ᛚᛁᛗᛖ",242
"liming",238994,1,"ᛚᛁᛗᛝ",254
"limn",56320,0,"ᛚᛁᛗᚾ",204
"limo",401428,0,"ᛚᛁᛗᚩ",182
"limp",1154898,1,"ᛚᛁᛗᛈ",218
"limy",96461,0,"ᛚᛁᛗᚣ",278
"line",221475184,1,"ᛚᛁᚾᛖ",200
"linger",2226418,1,"ᛚᛝᛖᚱ",230
"lingoes",4616,0,"ᛚᛝᛟᛋ",288
"lining",5868494,1,"ᛚᛁᚾᛝ",212
"link",27391500,1,"ᛚᛁᚾᚳ",146
"lino",261655,0,"ᛚᛁᚾᚩ",140
"lint",813948,0,"ᛚᛁᚾᛏ",192
"lions",3694682,1,"ᛚᛡᚾᛋ",262
"lips",28302696,1,"ᛚᛁᛈᛋ",200
"lira",345029,0,"ᛚᛁᚱᚪ",212
"lire",621117,0,"ᛚᛁᚱᛖ",182
"lisp",237619,1,"ᛚᛁᛋᛈ",200
"list",80222346,1,"ᛚᛁᛋᛏ",216
"lite",674859,1,"ᛚᛁᛏᛖ",230
"lithe",599539,1,"ᛚᛁᚦᛖ",176
"live",112840802,1,"ᛚᛁᚢᛖ",174
"living",132106986,1,"ᛚᛁᚢᛝ",186
"load",35764450,1,"ᛚᚩᚪᛞ",266
"loaf",2422579,1,"ᛚᚩᚪᚠ",179
"loam",1971408,0,"ᛚᚩᚪᛗ",248
"loan",22097480,1,"ᛚᚩᚪᚾ",206
"loath",473731,1,"ᛚᚩᚪᚦ",182
"lobe",5717125,1,"ᛚᚩᛒᛖ",208
"lobs",45575,1,"ᛚᚩᛒᛋ",194
"loch",454630,1,"ᛚᚩᚳᚻ",116
"loci",2328410,1,"ᛚᚩᚳᛁ",124
"lock",10065600,1,"ᛚᚩᚳᚳ",106
"loco",855675,0,"ᛚᚩᚳᚩ",100
"lode",643391,1,"ᛚᚩᛞᛖ",236
"loft",1705818,1,"ᛚᚩᚠᛏ",141
"loge",114399,0,"ᛚᚩᚷᛖ",164
"logo",782800,1,"ᛚᚩᚷᚩ",104
"logs",6061842,1,"ᛚᚩᚷᛋ",150
"logy",136163,1,"ᛚᚩᚷᚣ",200
"loin",924202,1,"ᛚᚩᛁᚾ",140
"loll",139302,0,"ᛚᚩᛚᛚ",226
"lone",3343447,1,"ᛚᚩᚾᛖ",176
"longing",6400622,1,"ᛚᚩᛝᛝ",238
"longs",1077532,1,"ᛚᚩᛝᛋ",212
"look",175575420,1,"ᛚᚩᚩᚳ",100
"loom",2628705,1,"ᛚᚩᚩᛗ",158
"loon",305397,1,"ᛚᚩᚩᚾ",116
"loop",15515017,1,"ᛚᚩᚩᛈ",130
"loos",46158,0,"ᛚᚩᚩᛋ",140
"loot",1063300,1,"ᛚᚩᚩᛏ",146
"lope",151355,1,"ᛚᚩᛈᛖ",190
"loping",144395,1,"ᛚᚩᛈᛝ",202
"lops",32559,1,"ᛚᚩᛈᛋ",176
"lord",19926575,1,"ᛚᚩᚱᛞ",180
"lore",1461731,1,"ᛚᚩᚱᛖ",158
"lorn",126859,1,"ᛚᚩᚱᚾ",120
"lose",18421132,1,"ᛚᚩᛋᛖ",200
"losing",17136370,1,"ᛚᚩᛋᛝ",212
"loss",103112130,1,"ᛚᚩᛋᛋ",186
"lost",114365422,1,"ᛚᚩᛋᛏ",192
"lots",6856067,1,"ᛚᚩᛏᛋ",192
"loud",16594622,1,"ᛚᚩᚢᛞ",172
"lour",228786,0,"ᛚᚩᚢᚱ",94
"lout",197142,1,"ᛚᚩᚢᛏ",142
"love",185549322,1,"ᛚᚩᚢᛖ",150
"loving",15614234,1,"ᛚᚩᚢᛝ",162
"lowing",474529,1,"ᛚᚩᚹᛝ",178
"lows",328878,1,"ᛚᚩᚹᛋ",152
"luau",42645,0,"ᛚᚢᚪᚢ",176
"lube",161277,1,"ᛚᚢᛒᛖ",204
"lubing",1924,0,"ᛚᚢᛒᛝ",216
"luck",6280403,1,"ᛚᚢᚳᚳ",102
"ludo",25239,0,"ᛚᚢᛞᚩ",172
"luff",116448,0,"ᛚᚢᚠᚠ",80
"luge",27783,0,"ᛚᚢᚷᛖ",160
"lugs",366721,0,"ᛚᚢᚷᛋ",146
"lull",1449148,1,"ᛚᚢᛚᛚ",222
"lulu",30527,0,"ᛚᚢᛚᚢ",152
"lump",4557676,1,"ᛚᚢᛗᛈ",190
"lune",244467,0,"ᛚᚢᚾᛖ",172
"lunge",392691,1,"ᛚᚢᛝᛖ",222
"lunging",166718,1,"ᛚᚢᛝᛝ",234
"lungs",5545670,1,"ᛚᚢᛝᛋ",208
"lure",2771520,1,"ᛚᚢᚱᛖ",154
"luring",421632,1,"ᛚᚢᚱᛝ",166
"lurk",601183,1,"ᛚᚢᚱᚳ",100
"lush",828404,1,"ᛚᚢᛋᚻ",152
"lust",4701500,1,"ᛚᚢᛋᛏ",188
"lute",1083205,1,"ᛚᚢᛏᛖ",202
"luvs",1850,0,"ᛚᚢᚢᛋ",132
"lvii",137941,0,"ᛚᚢᛁᛁ",138
"lxii",104780,0,"ᛚᛉᛁᛁ",182
"lxiv",86870,0,"ᛚᛉᛁᚢ",154
"lxix",85603,0,"ᛚᛉᛁᛉ",198
"lxvi",126133,0,"ᛚᛉᚢᛁ",154
"lynx",432455,1,"ᛚᚣᚾᛉ",252
"lyre",1023186,1,"ᛚᚣᚱᛖ",254
"mace",689503,1,"ᛗᚪᚳᛖ",248
"mach",112237,1,"ᛗᚪᚳᚻ",204
"macing",1811,0,"ᛗᚪᚳᛝ",260
"mack",36565,1,"ᛗᚪᚳᚳ",194
"macs",10400,1,"ᛗᚪᚳᛋ",234
"made",732199160,1,"ᛗᚪᛞᛖ",324
"mads",39781,1,"ᛗᚪᛞᛋ",310
"mafia",331587,0,"ᛗᚪᚠᛡ",277
"magi",187933,1,"ᛗᚪᚷᛁ",216
"mags",57513,0,"ᛗᚪᚷᛋ",238
"maid",3719090,1,"ᛗᚪᛁᛞ",288
"mail",27991232,1,"ᛗᚪᛁᛚ",272
"maim",229628,1,"ᛗᚪᛁᛗ",270
"main",123065940,1,"ᛗᚪᛁᚾ",228
"make",484244254,1,"ᛗᚪᚳᛖ",248
"making",190737312,1,"ᛗᚪᚳᛝ",260
"male",59458558,1,"ᛗᚪᛚᛖ",308
"mall",1013969,0,"ᛗᚪᛚᛚ",314
"malt",1469799,0,"ᛗᚪᛚᛏ",300
"mama",1446328,1,"ᛗᚪᛗᚪ",336
"mams",12402,1,"ᛗᚪᛗᛋ",292
"mane",1210641,1,"ᛗᚪᚾᛖ",264
"mange",285040,0,"ᛗᚪᛝᛖ",314
"mango",947445,1,"ᛗᚪᛝᚩ",254
"mangy",186303,0,"ᛗᚪᛝᚣ",350
"mania",1097777,1,"ᛗᚪᚾᛡ",304
"mans",561240,1,"ᛗᚪᚾᛋ",250
"many",642590580,1,"ᛗᚪᚾᚣ",300
"maps",7421747,1,"ᛗᚪᛈᛋ",264
"mare",1572339,1,"ᛗᚪᚱᛖ",246
"maria",165625,0,"ᛗᚪᚱᛡ",286
"mark",35551436,0,"ᛗᚪᚱᚳ",192
"marl",685441,0,"ᛗᚪᚱᛚ",252
"mars",510000,1,"ᛗᚪᚱᛋ",232
"mart",314254,0,"ᛗᚪᚱᛏ",238
"masc",72986,0,"ᛗᚪᛋᚳ",234
"mash",814150,1,"ᛗᚪᛋᚻ",244
"mask",10283208,1,"ᛗᚪᛋᚳ",234
"mass",82581070,1,"ᛗᚪᛋᛋ",274
"mast",1973008,1,"ᛗᚪᛋᛏ",280
"mate",8019598,1,"ᛗᚪᛏᛖ",294
"maths",359702,1,"ᛗᚪᚦᛋ",226
"mating",3484929,1,"ᛗᚪᛏᛝ",306
"mats",2213626,1,"ᛗᚪᛏᛋ",280
"maul",132388,1,"ᛗᚪᚢᛚ",244
"maws",41910,1,"ᛗᚪᚹᛋ",240
"maxi",116946,0,"ᛗᚪᛉᛁ",246
"maxing",7968,0,"ᛗᚪᛉᛝ",294
"mayo",158006,0,"ᛗᚪᚣᚩ",278
"maze",2834650,1,"ᛗᚪᛋᛖ",288
"mdse",11779,0,"ᛗᛞᛋᛖ",280
"meals",5190057,1,"ᛗᛠᛚᛋ",306
"mealy",246840,1,"ᛗᛠᛚᚣ",356
"meaning",96398570,1,"ᛗᛠᚾᛝ",288
"means",256878068,1,"ᛗᛠᚾᛋ",262
"meant",31283673,1,"ᛗᛠᚾᛏ",268
"meany",4692,1,"ᛗᛠᚾᚣ",312
"meats",2380164,1,"ᛗᛠᛏᛋ",292
"meaty",258781,1,"ᛗᛠᛏᚣ",342
"media",43702836,1,"ᛗᛖᛞᛡ",334
"meed",245102,1,"ᛗᛖᛖᛞ",294
"meek",1651875,1,"ᛗᛖᛖᚳ",218
"meet",44344705,1,"ᛗᛖᛖᛏ",264
"mega",565386,1,"ᛗᛖᚷᚪ",252
"megs",11229,0,"ᛗᛖᚷᛋ",208
"meld",199854,1,"ᛗᛖᛚᛞ",300
"melt",5694938,1,"ᛗᛖᛚᛏ",270
"meme",1134792,1,"ᛗᛖᛗᛖ",276
"memo",1202509,0,"ᛗᛖᛗᚩ",216
"mend",1705669,1,"ᛗᛖᚾᛞ",256
"menu",7239620,1,"ᛗᛖᚾᚢ",170
"meowing",36853,1,"ᛗᛇᚹᛝ",210
"meows",17543,1,"ᛗᛇᚹᛋ",184
"mere",25163006,1,"ᛗᛖᚱᛖ",216
"mesa",636262,0,"ᛗᛖᛋᚪ",288
"mesh",4871952,1,"ᛗᛖᛋᚻ",214
"mess",7054016,1,"ᛗᛖᛋᛋ",244
"meta",3178766,1,"ᛗᛖᛏᚪ",294
"mete",318405,1,"ᛗᛖᛏᛖ",264
"meths",8653,0,"ᛗᛖᚦᛋ",196
"meting",109041,1,"ᛗᛖᛏᛝ",276
"mewing",109284,1,"ᛗᛖᚹᛝ",236
"mewl",5839,0,"ᛗᛖᚹᛚ",230
"mews",150982,1,"ᛗᛖᚹᛋ",210
"mfrs",16830,0,"ᛗᚠᚱᛋ",137
"mica",1955081,0,"ᛗᛁᚳᚪ",212
"mice",5233501,1,"ᛗᛁᚳᛖ",182
"mick",25658,0,"ᛗᛁᚳᚳ",128
"mics",83108,0,"ᛗᛁᚳᛋ",168
"midi",157221,1,"ᛗᛁᛞᛁ",222
"mien",768319,0,"ᛗᛁᛖᚾ",198
"miff",11122,0,"ᛗᛁᚠᚠ",106
"mike",547557,0,"ᛗᛁᚳᛖ",182
"miking",32003,0,"ᛗᛁᚳᛝ",194
"mild",7502272,1,"ᛗᛁᛚᛞ",264
"mile",24965868,1,"ᛗᛁᛚᛖ",242
"milk",37425488,1,"ᛗᛁᛚᚳ",188
"mill",7438848,1,"ᛗᛁᛚᛚ",248
"mils",411492,1,"ᛗᛁᛚᛋ",228
"milt",90637,1,"ᛗᛁᛚᛏ",234
"mime",624120,1,"ᛗᛁᛗᛖ",240
"miming",117538,1,"ᛗᛁᛗᛝ",252
"mind",209660240,1,"ᛗᛁᚾᛞ",220
"mine",40346646,1,"ᛗᛁᚾᛖ",198
"mingle",1810004,1,"ᛗᛝᛚᛖ",290
"mingling",1786674,1,"ᛗᛝᛚᛝ",302
"mini",2715386,1,"ᛗᛁᚾᛁ",162
"mining",16900876,1,"ᛗᛁᚾᛝ",210
"mink",338777,1,"ᛗᛁᚾᚳ",144
"mint",1272613,1,"ᛗᛁᚾᛏ",190
"minx",98040,1,"ᛗᛁᚾᛉ",178
"mire",934573,1,"ᛗᛁᚱᛖ",180
"miring",20468,1,"ᛗᛁᚱᛝ",192
"mirth",1939478,1,"ᛗᛁᚱᚦ",118
"miry",157390,1,"ᛗᛁᚱᚣ",216
"misc",135776,0,"ᛗᛁᛋᚳ",168
"miss",12223468,1,"ᛗᛁᛋᛋ",208
"mist",5629042,1,"ᛗᛁᛋᛏ",214
"mite",1262481,1,"ᛗᛁᛏᛖ",228
"mitt",194874,0,"ᛗᛁᛏᛏ",220
"mixing",10645862,1,"ᛗᛁᛉᛝ",228
"moan",1277104,1,"ᛗᚩᚪᚾ",204
"moat",1268680,1,"ᛗᚩᚪᛏ",234
"mobs",1017386,1,"ᛗᚩᛒᛋ",192
"mock",3902946,1,"ᛗᚩᚳᚳ",104
"mode",22494925,1,"ᛗᚩᛞᛖ",234
"mods",50890,1,"ᛗᚩᛞᛋ",220
"moil",81421,0,"ᛗᚩᛁᛚ",182
"mold",5181038,1,"ᛗᚩᛚᛞ",240
"mole",4320004,1,"ᛗᚩᛚᛖ",218
"moll",84489,1,"ᛗᚩᛚᛚ",224
"molt",436578,1,"ᛗᚩᛚᛏ",210
"moms",393420,1,"ᛗᚩᛗᛋ",202
"monk",6160843,1,"ᛗᚩᚾᚳ",120
"mono",1219866,1,"ᛗᚩᚾᚩ",114
"month",66071940,1,"ᛗᚩᚾᚦ",112
"mood",9232164,1,"ᛗᚩᚩᛞ",174
"mooed",18826,1,"ᛗᚩᛟᛞ",250
"mooing",46026,1,"ᛗᚩᚩᛝ",164
"moon",22915472,1,"ᛗᚩᚩᚾ",114
"moor",1098287,1,"ᛗᚩᚩᚱ",96
"moos",19990,1,"ᛗᚩᚩᛋ",138
"moot",947856,1,"ᛗᚩᚩᛏ",144
"mope",93223,1,"ᛗᚩᛈᛖ",188
"moping",162021,1,"ᛗᚩᛈᛝ",200
"mops",152497,1,"ᛗᚩᛈᛋ",174
"mopy",1828,0,"ᛗᚩᛈᚣ",224
"more",1493405428,1,"ᛗᚩᚱᛖ",156
"morn",1289416,0,"ᛗᚩᚱᚾ",118
"mosh",17578,0,"ᛗᚩᛋᚻ",154
"moss",3446868,1,"ᛗᚩᛋᛋ",184
"most",781222666,1,"ᛗᚩᛋᛏ",190
"mote",465163,1,"ᛗᚩᛏᛖ",204
"moths",1525186,1,"ᛗᚩᚦᛋ",136
"mots",510065,0,"ᛗᚩᛏᛋ",190
"moue",48187,0,"ᛗᚩᚢᛖ",148
"mouth",29389703,1,"ᛗᚩᚢᚦ",86
"move",89595234,1,"ᛗᚩᚢᛖ",148
"moving",56673768,1,"ᛗᚩᚢᛝ",160
"mowing",728107,1,"ᛗᚩᚹᛝ",176
"mows",76326,1,"ᛗᚩᚹᛋ",150
"mtge",9039,0,"ᛗᛏᚷᛖ",214
"much",580060796,1,"ᛗᚢᚳᚻ",110
"muck",873119,1,"ᛗᚢᚳᚳ",100
"muff",229438,0,"ᛗᚢᚠᚠ",78
"mugs",636618,1,"ᛗᚢᚷᛋ",144
"mule",3498607,1,"ᛗᚢᛚᛖ",214
"mull",229713,1,"ᛗᚢᛚᛚ",220
"mums",99095,1,"ᛗᚢᛗᛋ",198
"munging",1316,0,"ᛗᚢᛝᛝ",232
"mungs",516,0,"ᛗᚢᛝᛋ",206
"murk",169010,0,"ᛗᚢᚱᚳ",98
"muse",1370252,1,"ᛗᚢᛋᛖ",194
"mush",467623,1,"ᛗᚢᛋᚻ",150
"musing",804081,1,"ᛗᚢᛋᛝ",206
"musk",830089,1,"ᛗᚢᛋᚳ",140
"muss",437223,0,"ᛗᚢᛋᛋ",180
"must",328529535,1,"ᛗᚢᛋᛏ",186
"mute",2779220,1,"ᛗᚢᛏᛖ",200
"muting",95673,1,"ᛗᚢᛏᛝ",212
"mutt",200262,1,"ᛗᚢᛏᛏ",192
"myna",20789,0,"ᛗᚣᚾᚪ",300
"myths",3267663,1,"ᛗᚣᚦᛋ",232
"naan",23362,0,"ᚾᚪᚪᚾ",252
"nabs",8492,0,"ᚾᚪᛒᛋ",240
"naff",15852,0,"ᚾᚪᚠᚠ",130
"nags",143996,1,"ᚾᚪᚷᛋ",196
"naiad",33848,0,"ᚾᚪᛡᛞ",322
"naif",104326,0,"ᚾᚪᛁᚠ",159
"nail",5470136,1,"ᚾᚪᛁᛚ",230
"name",232008390,1,"ᚾᚪᛗᛖ",264
"naming",5535178,1,"ᚾᚪᛗᛝ",276
"nans",28977,1,"ᚾᚪᚾᛋ",208
"nape",753488,1,"ᚾᚪᛈᛖ",236
"naps",300784,1,"ᚾᚪᛈᛋ",222
"narc",22736,0,"ᚾᚪᚱᚳ",150
"nark",25447,0,"ᚾᚪᚱᚳ",150
"nary",312610,1,"ᚾᚪᚱᚣ",240
"natl",24336,0,"ᚾᚪᛏᛚ",258
"nave",3330647,1,"ᚾᚪᚢᛖ",196
"navy",9626042,1,"ᚾᚪᚢᚣ",232
"nays",315803,1,"ᚾᚪᚣᛋ",282
"neaps",18106,0,"ᚾᛠᛈᛋ",234
"nearing",786207,1,"ᚾᛠᚱᛝ",228
"nears",322079,1,"ᚾᛠᚱᛋ",202
"neck",33574208,1,"ᚾᛖᚳᚳ",122
"need",268259854,1,"ᚾᛖᛖᛞ",252
"nerd",139169,1,"ᚾᛖᚱᛞ",196
"nest",5178291,1,"ᚾᛖᛋᛏ",208
"nets",3911642,1,"ᚾᛖᛏᛋ",208
"nett",235580,0,"ᚾᛖᛏᛏ",214
"neut",32304,0,"ᚾᛖᚢᛏ",158
"nevi",233110,0,"ᚾᛖᚢᛁ",130
"news",54676956,1,"ᚾᛖᚹᛋ",168
"newt",186261,1,"ᚾᛖᚹᛏ",174
"next",197388978,1,"ᚾᛖᛉᛏ",202
"nibs",100814,1,"ᚾᛁᛒᛋ",174
"nice",11632027,1,"ᚾᛁᚳᛖ",140
"nick",742128,1,"ᚾᛁᚳᚳ",86
"niff",2295,0,"ᚾᛁᚠᚠ",64
"nigh",3236687,1,"ᚾᛁᚷᚻ",100
"nine",46620596,1,"ᚾᛁᚾᛖ",156
"ninth",3814328,1,"ᚾᛁᚾᚦ",94
"nips",100053,1,"ᚾᛁᛈᛋ",156
"nite",141063,1,"ᚾᛁᛏᛖ",186
"nits",110854,1,"ᚾᛁᛏᛋ",172
"nixing",6593,0,"ᚾᛁᛉᛝ",186
"nobs",31468,1,"ᚾᚩᛒᛋ",150
"node",13317963,1,"ᚾᚩᛞᛖ",192
"nods",1195501,1,"ᚾᚩᛞᛋ",178
"noels",5014,0,"ᚾᛟᛚᛋ",238
"none",30714340,1,"ᚾᚩᚾᛖ",132
"nook",933216,1,"ᚾᚩᚩᚳ",56
"noon",5069230,1,"ᚾᚩᚩᚾ",72
"nope",44396,1,"ᚾᚩᛈᛖ",146
"norm",7428777,1,"ᚾᚩᚱᛗ",118
"north",71018262,1,"ᚾᚩᚱᚦ",52
"nose",23036840,1,"ᚾᚩᛋᛖ",156
"nosh",17729,0,"ᚾᚩᛋᚻ",112
"nosing",228540,1,"ᚾᚩᛋᛝ",168
"nosy",191039,1,"ᚾᚩᛋᚣ",192
"note",94874682,1,"ᚾᚩᛏᛖ",162
"nothing",198642348,1,"ᚾᚩᚦᛝ",120
"noting",4223256,1,"ᚾᚩᛏᛝ",174
"noun",7971224,1,"ᚾᚩᚢᚾ",68
"nous",4973995,1,"ᚾᚩᚢᛋ",92
"nova",591338,1,"ᚾᚩᚢᚪ",136
"novae",218131,0,"ᚾᚩᚢᚫ",140
"nowt",72774,0,"ᚾᚩᚹᛏ",114
"nubs",32296,1,"ᚾᚢᛒᛋ",146
"nude",2401308,1,"ᚾᚢᛞᛖ",188
"nuke",89442,1,"ᚾᚢᚳᛖ",112
"nuking",14873,1,"ᚾᚢᚳᛝ",124
"null",5942015,1,"ᚾᚢᛚᛚ",178
"numb",1393380,1,"ᚾᚢᛗᛒ",164
"nuns",3502792,1,"ᚾᚢᚾᛋ",114
"nuts",6447660,1,"ᚾᚢᛏᛋ",144
"oafs",24109,1,"ᚩᚪᚠᛋ",159
"oaks",1943500,1,"ᚩᚪᚳᛋ",170
"oaring",7772,0,"ᚩᚪᚱᛝ",194
"oars",1908262,1,"ᚩᚪᚱᛋ",168
"oaths",2800930,1,"ᚩᚪᚦᛋ",162
"oats",1533368,1,"ᚩᚪᛏᛋ",216
"obey",10838778,1,"ᚩᛒᛖᚣ",238
"obis",9082,0,"ᚩᛒᛁᛋ",152
"obit",110445,0,"ᚩᛒᛁᛏ",158
"oboes",235963,1,"ᚩᛒᛟᛋ",204
"ocean",21511978,1,"ᚩᚳᛠᚾ",158
"odds",7587344,1,"ᚩᛞᛞᛋ",238
"odes",643240,1,"ᚩᛞᛖᛋ",216
"odor",2473319,0,"ᚩᛞᚩᚱ",114
"offing",488963,1,"ᚩᚠᚠᛝ",90
"offs",2019610,0,"ᚩᚠᚠᛋ",64
"ogle",71254,0,"ᚩᚷᛚᛖ",164
"ogling",118895,0,"ᚩᚷᛚᛝ",176
"ogre",382735,1,"ᚩᚷᚱᛖ",102
"ohms",1458281,0,"ᚩᚻᛗᛋ",154
"oiks",4567,0,"ᚩᛁᚳᛋ",104
"oiling",299793,1,"ᚩᛁᛚᛝ",190
"oils",3429645,1,"ᚩᛁᛚᛋ",164
"oily",825990,1,"ᚩᛁᛚᚣ",214
"oink",20655,0,"ᚩᛁᚾᚳ",80
"okay",7630434,1,"ᚩᚳᚪᚣ",220
"okra",237367,1,"ᚩᚳᚱᚪ",128
"olde",213929,1,"ᚩᛚᛞᛖ",236
"oles",16124,0,"ᚩᛚᛖᛋ",200
"omen",1558297,1,"ᚩᛗᛖᚾ",174
"omit",1944602,1,"ᚩᛗᛁᛏ",168
"once",218020996,1,"ᚩᚾᚳᛖ",116
"ones",33926811,1,"ᚩᚾᛖᛋ",156
"ongoing",4934197,1,"ᚩᛝᚩᛝ",172
"onion",1977485,1,"ᚩᚾᛡᚾ",172
"only",1077729958,1,"ᚩᚾᛚᚣ",212
"onto",16493055,1,"ᚩᚾᛏᚩ",102
"onus",806780,1,"ᚩᚾᚢᛋ",92
"onyx",274987,1,"ᚩᚾᚣᛉ",186
"oohing",14887,0,"ᚩᚩᚻᛝ",116
"oohs",26498,0,"ᚩᚩᚻᛋ",90
"oops",54444,1,"ᚩᚩᛈᛋ",110
"ooze",607547,1,"ᚩᚩᛋᛖ",134
"oozing",686189,1,"ᚩᚩᛋᛝ",146
"oozy",80564,1,"ᚩᚩᛋᚣ",170
"opal",542676,1,"ᚩᛈᚪᛚ",220
"oped",114934,0,"ᚩᛈᛖᛞ",206
"open",166611978,1,"ᚩᛈᛖᚾ",146
"opes",88460,0,"ᚩᛈᛖᛋ",170
"opting",601651,1,"ᚩᛈᛏᛝ",188
"opts",252289,1,"ᚩᛈᛏᛋ",162
"opus",1113304,1,"ᚩᛈᚢᛋ",106
"oral",11237032,1,"ᚩᚱᚪᛚ",188
"orbs",412125,1,"ᚩᚱᛒᛋ",132
"ores",3538360,1,"ᚩᚱᛖᛋ",138
"orgy",707080,1,"ᚩᚱᚷᚣ",138
"orig",303150,0,"ᚩᚱᛁᚷ",66
"orzo",22388,0,"ᚩᚱᛋᚩ",78
"other",651163318,1,"ᚩᚦᛖᚱ",90
"ouch",131761,1,"ᚩᚢᚳᚻ",46
"ours",11944764,1,"ᚩᚢᚱᛋ",74
"oust",336463,1,"ᚩᚢᛋᛏ",122
"outing",921459,1,"ᚩᚢᛏᛝ",148
"outs",941971,1,"ᚩᚢᛏᛋ",122
"ouzo",38240,0,"ᚩᚢᛋᚩ",70
"oval",5363206,1,"ᚩᚢᚪᛚ",180
"oven",7180090,1,"ᚩᚢᛖᚾ",106
"over",690784344,1,"ᚩᚢᛖᚱ",88
"ovum",1425862,1,"ᚩᚢᚢᛗ",84
"owed",4370246,1,"ᚩᚹᛖᛞ",182
"owes",2544192,1,"ᚩᚹᛖᛋ",146
"owls",1099480,1,"ᚩᚹᛚᛋ",152
"owning",3402088,1,"ᚩᚹᚾᛝ",134
"owns",2561367,1,"ᚩᚹᚾᛋ",108
"oxen",1764821,1,"ᚩᛉᛖᚾ",150
"oxes",8306,0,"ᚩᛉᛖᛋ",174
"pace",14869550,1,"ᛈᚪᚳᛖ",220
"pacing",2512584,1,"ᛈᚪᚳᛝ",232
"pack",11232632,1,"ᛈᚪᚳᚳ",166
"pact",1394132,1,"ᛈᚪᚳᛏ",212
"pacy",6112,0,"ᛈᚪᚳᚣ",256
"pads",2361666,1,"ᛈᚪᛞᛋ",282
"paean",261341,1,"ᛈᚫᚪᚾ",270
"page",82744412,1,"ᛈᚪᚷᛖ",224
"paging",538575,1,"ᛈᚪᚷᛝ",236
"paid",91387784,1,"ᛈᚪᛁᛞ",260
"pail",1302189,1,"ᛈᚪᛁᛚ",244
"pain",35525340,1,"ᛈᚪᛁᚾ",200
"pair",34136376,1,"ᛈᚪᛁᚱ",182
"pale",20289094,1,"ᛈᚪᛚᛖ",280
"paling",260917,1,"ᛈᚪᛚᛝ",292
"pall",481856,1,"ᛈᚪᛚᛚ",286
"palm",10922528,1,"ᛈᚪᛚᛗ",284
"pals",611924,1,"ᛈᚪᛚᛋ",266
"pane",2373233,1,"ᛈᚪᚾᛖ",236
"pangs",1227209,1,"ᛈᚪᛝᛋ",272
"pans",2551554,1,"ᛈᚪᚾᛋ",222
"pant",459548,1,"ᛈᚪᚾᛏ",228
"papa",2203753,1,"ᛈᚪᛈᚪ",280
"paps",45424,0,"ᛈᚪᛈᛋ",236
"para",10663844,0,"ᛈᚪᚱᚪ",248
"pare",473142,1,"ᛈᚪᚱᛖ",218
"paring",390745,1,"ᛈᚪᚱᛝ",230
"park",16902428,1,"ᛈᚪᚱᚳ",164
"pars",1377813,0,"ᛈᚪᚱᛋ",204
"part",466224674,1,"ᛈᚪᚱᛏ",210
"pass",70730812,1,"ᛈᚪᛋᛋ",246
"past",145105134,1,"ᛈᚪᛋᛏ",252
"pate",506088,1,"ᛈᚪᛏᛖ",266
"paths",6371771,1,"ᛈᚪᚦᛋ",198
"patio",1677526,0,"ᛈᚪᛏᛡ",306
"pats",340326,1,"ᛈᚪᛏᛋ",252
"pave",979025,1,"ᛈᚪᚢᛖ",210
"paving",1860674,1,"ᛈᚪᚢᛝ",222
"pawing",260250,1,"ᛈᚪᚹᛝ",238
"pawl",124511,1,"ᛈᚪᚹᛚ",232
"pawn",515671,1,"ᛈᚪᚹᚾ",188
"paws",1320500,1,"ᛈᚪᚹᛋ",212
"paying",21151564,1,"ᛈᚪᚣᛝ",322
"pays",5314005,1,"ᛈᚪᚣᛋ",296
"peace",85367780,1,"ᛈᛠᚳᛖ",232
"peach",2032047,1,"ᛈᛠᚳᚻ",188
"peaking",445846,1,"ᛈᛠᚳᛝ",244
"peaks",8317405,1,"ᛈᛠᚳᛋ",218
"peaky",24907,1,"ᛈᛠᚳᚣ",268
"pealing",187410,1,"ᛈᛠᛚᛝ",304
"peals",367225,1,"ᛈᛠᛚᛋ",278
"pearl",3253544,1,"ᛈᛠᚱᛚ",236
"pears",1404911,1,"ᛈᛠᚱᛋ",216
"peaty",212901,1,"ᛈᛠᛏᚣ",314
"peck",729420,1,"ᛈᛖᚳᚳ",136
"pecs",29061,0,"ᛈᛖᚳᛋ",176
"peed",99532,1,"ᛈᛖᛖᛞ",266
"peeing",74908,1,"ᛈᛖᛖᛝ",256
"peek",745785,1,"ᛈᛖᛖᚳ",190
"peel",1901115,1,"ᛈᛖᛖᛚ",250
"peen",63828,1,"ᛈᛖᛖᚾ",206
"peep",1186579,1,"ᛈᛖᛖᛈ",220
"peer",8766888,1,"ᛈᛖᛖᚱ",188
"pees",45756,1,"ᛈᛖᛖᛋ",230
"pegs",1066243,1,"ᛈᛖᚷᛋ",180
"peke",6109,0,"ᛈᛖᚳᛖ",190
"pekoe",13685,0,"ᛈᛖᚳᛟ",206
"pelf",91536,0,"ᛈᛖᛚᚠ",185
"pelt",402399,1,"ᛈᛖᛚᛏ",242
"pend",72421,1,"ᛈᛖᚾᛞ",228
"pens",2693829,1,"ᛈᛖᚾᛋ",192
"pent",1120820,1,"ᛈᛖᚾᛏ",198
"peons",329392,1,"ᛈᛇᚾᛋ",166
"peony",171884,1,"ᛈᛇᚾᚣ",216
"peps",4805,1,"ᛈᛖᛈᛋ",206
"perk",179628,1,"ᛈᛖᚱᚳ",134
"perm",133780,0,"ᛈᛖᚱᛗ",192
"pert",456044,1,"ᛈᛖᚱᛏ",180
"perv",10251,0,"ᛈᛖᚱᚢ",124
"peso",779194,0,"ᛈᛖᛋᚩ",170
"pest",2848466,1,"ᛈᛖᛋᛏ",222
"pets",2216791,1,"ᛈᛖᛏᛋ",222
"pews",870641,1,"ᛈᛖᚹᛋ",182
"phat",35446,0,"ᛈᚻᚪᛏ",222
"phew",15805,0,"ᛈᚻᛖᚹ",152
"phial",279774,1,"ᛈᚻᛡᛚ",246
"phis",38807,0,"ᛈᚻᛁᛋ",150
"phys",353606,0,"ᛈᚻᚣᛋ",222
"piano",11531126,1,"ᛈᛡᚾᚩ",186
"pica",240614,0,"ᛈᛁᚳᚪ",184
"pick",21455784,1,"ᛈᛁᚳᚳ",100
"pics",53690,0,"ᛈᛁᚳᛋ",140
"pied",551167,1,"ᛈᛁᛖᛞ",230
"pieing",909,0,"ᛈᛁᛖᛝ",220
"pier",2959640,1,"ᛈᛁᛖᚱ",152
"pies",1508332,1,"ᛈᛁᛖᛋ",194
"pigs",7135572,1,"ᛈᛁᚷᛋ",144
"pike",1431402,1,"ᛈᛁᚳᛖ",154
"piking",5222,0,"ᛈᛁᚳᛝ",166
"pile",10208526,1,"ᛈᛁᛚᛖ",214
"piling",737406,1,"ᛈᛁᛚᛝ",226
"pill",2664576,1,"ᛈᛁᛚᛚ",220
"pimp",205946,0,"ᛈᛁᛗᛈ",188
"pine",11130634,1,"ᛈᛁᚾᛖ",170
"pinged",38723,1,"ᛈᛝᛖᛞ",278
"pining",374209,1,"ᛈᛁᚾᛝ",182
"pink",12112874,1,"ᛈᛁᚾᚳ",116
"pins",4557225,1,"ᛈᛁᚾᛋ",156
"pint",2656650,1,"ᛈᛁᚾᛏ",162
"piny",41630,0,"ᛈᛁᚾᚣ",206
"pious",8106056,1,"ᛈᛡᚢᛋ",206
"pipe",9837539,1,"ᛈᛁᛈᛖ",184
"piping",2125213,1,"ᛈᛁᛈᛝ",196
"pips",177101,1,"ᛈᛁᛈᛋ",170
"piss",615287,0,"ᛈᛁᛋᛋ",180
"pita",169343,0,"ᛈᛁᛏᚪ",230
"piths",6028,1,"ᛈᛁᚦᛋ",132
"pithy",458871,1,"ᛈᛁᚦᚣ",182
"pits",4498114,1,"ᛈᛁᛏᛋ",186
"pity",6389619,1,"ᛈᛁᛏᚣ",236
"pixy",13463,0,"ᛈᛁᛉᚣ",224
"pkwy",67,0,"ᛈᚳᚹᚣ",178
"plan",109973328,1,"ᛈᛚᚪᚾ",242
"plat",654542,0,"ᛈᛚᚪᛏ",272
"play",119228616,1,"ᛈᛚᚪᚣ",316
"plead",2021108,1,"ᛈᛚᛠᛞ",314
"pleas",2170758,1,"ᛈᛚᛠᛋ",278
"pleat",121859,1,"ᛈᛚᛠᛏ",284
"pleb",8082,0,"ᛈᛚᛖᛒ",244
"plod",189084,1,"ᛈᛚᚩᛞ",212
"plop",169680,1,"ᛈᛚᚩᛈ",166
"plot",22257214,1,"ᛈᛚᚩᛏ",182
"plow",2133170,1,"ᛈᛚᚩᚹ",142
"ploy",805951,1,"ᛈᛚᚩᚣ",226
"plug",5370646,1,"ᛈᛚᚢᚷ",136
"plum",1736551,1,"ᛈᛚᚢᛗ",190
"plus",35454930,1,"ᛈᛚᚢᛋ",172
"plying",662272,1,"ᛈᛚᚣᛝ",298
"pock",182797,0,"ᛈᚩᚳᚳ",76
"pods",1295671,1,"ᛈᚩᛞᛋ",192
"poems",11109131,1,"ᛈᛟᛗᛋ",250
"poesy",279273,0,"ᛈᛟᛋᚣ",282
"poets",15352463,1,"ᛈᛟᛏᛋ",238
"pogo",35221,0,"ᛈᚩᚷᚩ",74
"poke",1035572,1,"ᛈᚩᚳᛖ",130
"poking",1084862,1,"ᛈᚩᚳᛝ",142
"poky",66487,1,"ᛈᚩᚳᚣ",166
"pole",12994400,1,"ᛈᚩᛚᛖ",190
"poling",159582,1,"ᛈᚩᛚᛝ",202
"polio",942934,0,"ᛈᚩᛚᛡ",230
"poll",4447920,1,"ᛈᚩᛚᛚ",196
"polo",811749,0,"ᛈᚩᛚᚩ",130
"pols",35194,0,"ᛈᚩᛚᛋ",176
"poly",2528459,1,"ᛈᚩᛚᚣ",226
"pomp",2508006,1,"ᛈᚩᛗᛈ",164
"poms",56833,0,"ᛈᚩᛗᛋ",174
"pond",6083069,1,"ᛈᚩᚾᛞ",168
"pone",190721,0,"ᛈᚩᚾᛖ",146
"ponging",5676,0,"ᛈᚩᛝᛝ",208
"pongs",3565,1,"ᛈᚩᛝᛋ",182
"pony",1363867,1,"ᛈᚩᚾᚣ",182
"pooed",2410,0,"ᛈᚩᛟᛞ",222
"poof",73112,1,"ᛈᚩᚩᚠ",59
"pooh",255355,0,"ᛈᚩᚩᚻ",80
"pooing",1753,0,"ᛈᚩᚩᛝ",136
"pool",17970636,1,"ᛈᚩᚩᛚ",130
"poop",565205,0,"ᛈᚩᚩᛈ",100
"poor",114544866,1,"ᛈᚩᚩᚱ",68
"poos",7859,0,"ᛈᚩᚩᛋ",110
"pope",7404193,1,"ᛈᚩᛈᛖ",160
"pops",639199,1,"ᛈᚩᛈᛋ",146
"pore",3855648,1,"ᛈᚩᚱᛖ",128
"poring",373219,1,"ᛈᚩᚱᛝ",140
"pork",4537658,1,"ᛈᚩᚱᚳ",74
"porn",520241,0,"ᛈᚩᚱᚾ",90
"port",26648876,1,"ᛈᚩᚱᛏ",120
"pose",3736871,1,"ᛈᚩᛋᛖ",170
"posh",326790,1,"ᛈᚩᛋᚻ",126
"posing",1860956,1,"ᛈᚩᛋᛝ",182
"poss",76622,0,"ᛈᚩᛋᛋ",156
"post",64930360,1,"ᛈᚩᛋᛏ",162
"posy",88334,1,"ᛈᚩᛋᚣ",206
"pots",5641641,1,"ᛈᚩᛏᛋ",162
"pouf",22767,0,"ᛈᚩᚢᚠ",55
"pour",8972572,1,"ᛈᚩᚢᚱ",64
"pout",309373,1,"ᛈᚩᚢᛏ",112
"poxy",13027,1,"ᛈᚩᛉᚣ",200
"pram",210428,1,"ᛈᚱᚪᛗ",222
"prang",19862,0,"ᛈᚱᚪᛝ",230
"prat",44506,1,"ᛈᚱᚪᛏ",210
"pray",17348248,1,"ᛈᚱᚪᚣ",254
"pref",164582,0,"ᛈᚱᛖᚠ",123
"prep",900516,0,"ᛈᚱᛖᛈ",164
"pres",870430,0,"ᛈᚱᛖᛋ",174
"prey",9935490,1,"ᛈᚱᛖᚣ",224
"prig",182312,1,"ᛈᚱᛁᚷ",102
"prim",575600,1,"ᛈᚱᛁᛗ",156
"prion",207605,0,"ᛈᚱᛡᚾ",190
"prior",49249950,1,"ᛈᚱᛡᚱ",172
"prob",526622,1,"ᛈᚱᚩᛒ",122
"prod",746567,1,"ᛈᚱᚩᛞ",150
"prof",500640,0,"ᛈᚱᚩᚠ",63
"prom",496710,0,"ᛈᚱᚩᛗ",132
"prong",462165,1,"ᛈᚱᚩᛝ",140
"pron",77974,0,"ᛈᚱᚩᚾ",90
"prop",1935846,1,"ᛈᚱᚩᛈ",104
"pros",794189,0,"ᛈᚱᚩᛋ",114
"prov",180802,0,"ᛈᚱᚩᚢ",64
"prow",685893,0,"ᛈᚱᚩᚹ",80
"prying",769237,1,"ᛈᚱᚣᛝ",236
"psis",3199,1,"ᛈᛋᛁᛋ",180
"psst",7982,0,"ᛈᛋᛋᛏ",208
"pubs",722608,0,"ᛈᚢᛒᛋ",160
"puce",71622,1,"ᛈᚢᚳᛖ",126
"puck",362056,1,"ᛈᚢᚳᚳ",72
"puds",30678,0,"ᛈᚢᛞᛋ",188
"puff",1573965,1,"ᛈᚢᚠᚠ",50
"pugs",28975,1,"ᛈᚢᚷᛋ",116
"puke",161227,1,"ᛈᚢᚳᛖ",126
"puking",66322,1,"ᛈᚢᚳᛝ",138
"pule",23556,1,"ᛈᚢᛚᛖ",186
"puling",50508,1,"ᛈᚢᛚᛝ",198
"pull",20493700,1,"ᛈᚢᛚᛚ",192
"pulp",2730666,1,"ᛈᚢᛚᛈ",162
"puma",187530,1,"ᛈᚢᛗᚪ",214
"pump",13337686,1,"ᛈᚢᛗᛈ",160
"punk",833492,1,"ᛈᚢᚾᚳ",88
"puns",578875,1,"ᛈᚢᚾᛋ",128
"punt",394788,1,"ᛈᚢᚾᛏ",134
"puny",387694,1,"ᛈᚢᚾᚣ",178
"pupa",577397,1,"ᛈᚢᛈᚪ",186
"pupae",556081,1,"ᛈᚢᛈᚫ",190
"pups",802539,1,"ᛈᚢᛈᛋ",142
"pure",24373636,1,"ᛈᚢᚱᛖ",124
"purl",88411,0,"ᛈᚢᚱᛚ",130
"purr",274623,1,"ᛈᚢᚱᚱ",68
"push",16486142,1,"ᛈᚢᛋᚻ",122
"puss",169320,0,"ᛈᚢᛋᛋ",152
"puts",16798490,1,"ᛈᚢᛏᛋ",158
"putt",479610,1,"ᛈᚢᛏᛏ",164
"putz",16072,0,"ᛈᚢᛏᛋ",158
"pyre",634365,1,"ᛈᚣᚱᛖ",224
"quad",436137,1,"ᚳᚹᚪᛞ",218
"quay",1081664,1,"ᚳᚹᚪᚣ",232
"ques",369595,0,"ᚳᚹᛖᛋ",152
"quid",1630287,0,"ᚳᚹᛁᛞ",152
"quin",157084,0,"ᚳᚹᛁᚾ",92
"quip",229630,1,"ᚳᚹᛁᛈ",106
"quit",4569524,1,"ᚳᚹᛁᛏ",122
"quiz",971775,1,"ᚳᚹᛁᛋ",116
"quoth",803363,0,"ᚳᚹᚩᚦ",44
"quot",113684,0,"ᚳᚹᚩᛏ",98
"race",29288545,1,"ᚱᚪᚳᛖ",188
"racing",5610838,1,"ᚱᚪᚳᛝ",200
"rack",4027706,1,"ᚱᚪᚳᚳ",134
"racy",450854,1,"ᚱᚪᚳᚣ",224
"radio",31699308,1,"ᚱᚪᛞᛡ",304
"rads",276802,0,"ᚱᚪᛞᛋ",250
"raft",2381231,1,"ᚱᚪᚠᛏ",169
"raga",261356,0,"ᚱᚪᚷᚪ",222
"rage",10418184,1,"ᚱᚪᚷᛖ",192
"raging",3074334,1,"ᚱᚪᚷᛝ",204
"rags",2792123,1,"ᚱᚪᚷᛋ",178
"raid",5015734,1,"ᚱᚪᛁᛞ",228
"rail",10891550,1,"ᚱᚪᛁᛚ",212
"rain",30576544,1,"ᚱᚪᛁᚾ",168
"raja",380626,1,"ᚱᚪᛂᚪ",242
"rake",772103,1,"ᚱᚪᚳᛖ",188
"raking",712360,1,"ᚱᚪᚳᛝ",200
"ramp",2169400,1,"ᚱᚪᛗᛈ",222
"rams",914815,1,"ᚱᚪᛗᛋ",232
"rand",149144,0,"ᚱᚪᚾᛞ",226
"range",110466336,1,"ᚱᚪᛝᛖ",254
"ranging",13592106,1,"ᚱᚪᛝᛝ",266
"rangy",109244,1,"ᚱᚪᛝᚣ",290
"rani",49954,0,"ᚱᚪᚾᛁ",168
"rank",29342250,1,"ᚱᚪᚾᚳ",150
"rant",439637,1,"ᚱᚪᚾᛏ",196
"rape",7579230,1,"ᚱᚪᛈᛖ",218
"raping",361799,1,"ᚱᚪᛈᛝ",230
"raps",254290,1,"ᚱᚪᛈᛋ",204
"rapt",804466,1,"ᚱᚪᛈᛏ",210
"rare",17825021,1,"ᚱᚪᚱᛖ",186
"raring",55528,1,"ᚱᚪᚱᛝ",198
"rash",4781884,1,"ᚱᚪᛋᚻ",184
"rasp",303778,1,"ᚱᚪᛋᛈ",204
"rate",178880988,1,"ᚱᚪᛏᛖ",234
"rating",9309694,1,"ᚱᚪᛏᛝ",246
"ratio",24581072,1,"ᚱᚪᛏᛡ",274
"rats",11989045,1,"ᚱᚪᛏᛋ",220
"rave",540555,1,"ᚱᚪᚢᛖ",178
"raving",723394,1,"ᚱᚪᚢᛝ",190
"rays",9214856,1,"ᚱᚪᚣᛋ",264
"raze",139776,1,"ᚱᚪᛋᛖ",228
"razing",113145,1,"ᚱᚪᛋᛝ",240
"razz",16556,0,"ᚱᚪᛋᛋ",214
"rcpt",1879,0,"ᚱᚳᛈᛏ",126
"reach",61948794,1,"ᚱᛠᚳᚻ",156
"react",4725440,1,"ᚱᛠᚳᛏ",192
"reading",87038944,1,"ᚱᛠᛞᛝ",288
"reads",5955545,1,"ᚱᛠᛞᛋ",262
"ready",76881788,1,"ᚱᛠᛞᚣ",312
"realm",8402542,1,"ᚱᛠᛚᛗ",264
"reals",302816,1,"ᚱᛠᛚᛋ",246
"reaming",117407,1,"ᚱᛠᛗᛝ",270
"reams",274264,1,"ᚱᛠᛗᛋ",244
"reaping",984104,1,"ᚱᛠᛈᛝ",242
"reaps",235864,1,"ᚱᛠᛈᛋ",216
"rearing",3861990,1,"ᚱᛠᚱᛝ",210
"rearm",116682,1,"ᚱᛠᚱᛗ",202
"rears",379371,1,"ᚱᛠᚱᛋ",184
"recd",76251,0,"ᚱᛖᚳᛞ",180
"redo",381214,1,"ᚱᛖᛞᚩ",174
"reds",941387,1,"ᚱᛖᛞᛋ",220
"reed",2594433,1,"ᚱᛖᛖᛞ",234
"reef",3660687,1,"ᚱᛖᛖᚠ",147
"reek",300370,1,"ᚱᛖᛖᚳ",158
"reel",2569822,1,"ᚱᛖᛖᛚ",218
"refs",667279,1,"ᚱᛖᚠᛋ",133
"rehi",1044,0,"ᚱᛖᚻᛁ",132
"rein",1975220,1,"ᚱᛖᛁᚾ",138
"rely",8000072,1,"ᚱᛖᛚᚣ",254
"rems",46434,0,"ᚱᛖᛗᛋ",202
"rend",987391,1,"ᚱᛖᚾᛞ",196
"rent",21147726,1,"ᚱᛖᚾᛏ",166
"reps",540454,0,"ᚱᛖᛈᛋ",174
"resp",342401,0,"ᚱᛖᛋᛈ",174
"rest",115002186,1,"ᚱᛖᛋᛏ",190
"revs",92146,0,"ᚱᛖᚢᛋ",134
"rheas",15889,0,"ᚱᚻᛠᛋ",196
"rhos",6099,1,"ᚱᚻᚩᛋ",94
"rials",149087,0,"ᚱᛡᛚᛋ",244
"ribs",2892254,1,"ᚱᛁᛒᛋ",156
"rice",20144302,1,"ᚱᛁᚳᛖ",122
"rich",30468361,1,"ᚱᛁᚳᚻ",78
"ricing",5448,0,"ᚱᛁᚳᛝ",134
"rick",190269,0,"ᚱᛁᚳᚳ",68
"ride",18693610,1,"ᚱᛁᛞᛖ",198
"riding",13185382,1,"ᚱᛁᛞᛝ",210
"rids",90171,1,"ᚱᛁᛞᛋ",184
"rife",1327245,1,"ᚱᛁᚠᛖ",111
"riff",260718,1,"ᚱᛁᚠᚠ",46
"rift",850098,1,"ᚱᛁᚠᛏ",103
"rigs",509673,1,"ᚱᛁᚷᛋ",112
"rile",101720,1,"ᚱᛁᛚᛖ",182
"riling",40964,1,"ᚱᛁᛚᛝ",194
"rill",324212,0,"ᚱᛁᛚᛚ",188
"rime",859172,0,"ᚱᛁᛗᛖ",180
"riming",61274,1,"ᚱᛁᛗᛝ",192
"rims",979061,1,"ᚱᛁᛗᛋ",166
"rind",984473,1,"ᚱᛁᚾᛞ",160
"ringed",935450,1,"ᚱᛝᛖᛞ",246
"ringer",282872,1,"ᚱᛝᛖᚱ",168
"ringings",7494,0,"ᚱᛝᛝᛋ",222
"rink",461827,1,"ᚱᛁᚾᚳ",84
"rioting",1005629,1,"ᚱᛡᛏᛝ",256
"riots",4317695,1,"ᚱᛡᛏᛋ",230
"ripe",3050933,1,"ᚱᛁᛈᛖ",152
"rips",258070,1,"ᚱᛁᛈᛋ",138
"rise",75579978,1,"ᚱᛁᛋᛖ",162
"rising",32925426,1,"ᚱᛁᛋᛝ",174
"risk",80707696,1,"ᚱᛁᛋᚳ",108
"rite",4152447,0,"ᚱᛁᛏᛖ",168
"rive",217966,0,"ᚱᛁᚢᛖ",112
"riving",45600,0,"ᚱᛁᚢᛝ",124
"road",79437232,1,"ᚱᚩᚪᛞ",204
"roam",1542232,1,"ᚱᚩᚪᛗ",186
"roan",405401,0,"ᚱᚩᚪᚾ",144
"roar",2393351,1,"ᚱᚩᚪᚱ",126
"robe",4877402,1,"ᚱᚩᛒᛖ",146
"robing",54382,1,"ᚱᚩᛒᛝ",158
"robs",599367,1,"ᚱᚩᛒᛋ",132
"rock",43023818,1,"ᚱᚩᚳᚳ",44
"rode",6249805,1,"ᚱᚩᛞᛖ",174
"rodeo",470806,1,"ᚱᚩᛞᛇ",148
"rods",6591720,1,"ᚱᚩᛞᛋ",160
"roil",54951,0,"ᚱᚩᛁᛚ",122
"role",65313430,1,"ᚱᚩᛚᛖ",158
"roll",17085310,1,"ᚱᚩᛚᛚ",164
"romeo",14608,0,"ᚱᚩᛗᛇ",130
"romp",294936,0,"ᚱᚩᛗᛈ",132
"rood",372214,0,"ᚱᚩᚩᛞ",114
"roof",11477916,1,"ᚱᚩᚩᚠ",27
"rook",286623,1,"ᚱᚩᚩᚳ",38
"room",169915572,1,"ᚱᚩᚩᛗ",96
"root",32673214,1,"ᚱᚩᚩᛏ",84
"rope",5757524,1,"ᚱᚩᛈᛖ",128
"roping",190687,1,"ᚱᚩᛈᛝ",140
"ropy",118186,1,"ᚱᚩᛈᚣ",164
"rose",43799506,1,"ᚱᚩᛋᛖ",138
"rosy",1210497,1,"ᚱᚩᛋᚣ",174
"rota",164207,1,"ᚱᚩᛏᚪ",174
"rote",1038394,1,"ᚱᚩᛏᛖ",144
"rots",303068,1,"ᚱᚩᛏᛋ",130
"roue",88652,0,"ᚱᚩᚢᛖ",88
"rout",670583,1,"ᚱᚩᚢᛏ",80
"roux",77350,0,"ᚱᚩᚢᛉ",68
"rove",298975,1,"ᚱᚩᚢᛖ",88
"roving",1224335,1,"ᚱᚩᚢᛝ",100
"rowing",1372778,1,"ᚱᚩᚹᛝ",116
"rows",6587474,1,"ᚱᚩᚹᛋ",90
"rube",67259,0,"ᚱᚢᛒᛖ",142
"rubs",643711,1,"ᚱᚢᛒᛋ",128
"ruby",1259246,1,"ᚱᚢᛒᚣ",178
"ruck",98000,0,"ᚱᚢᚳᚳ",40
"rude",7593980,1,"ᚱᚢᛞᛖ",170
"rued",48410,1,"ᚱᚢᛖᛞ",170
"rues",83971,1,"ᚱᚢᛖᛋ",134
"ruff",336676,1,"ᚱᚢᚠᚠ",18
"rugs",1894785,1,"ᚱᚢᚷᛋ",84
"ruin",12258998,1,"ᚱᚢᛁᚾ",74
"rule",105598590,1,"ᚱᚢᛚᛖ",154
"ruling",15748688,1,"ᚱᚢᛚᛝ",166
"rump",995201,1,"ᚱᚢᛗᛈ",128
"rums",64555,1,"ᚱᚢᛗᛋ",138
"rune",220245,1,"ᚱᚢᚾᛖ",110
"rungs",492332,1,"ᚱᚢᛝᛋ",146
"runs",26071152,1,"ᚱᚢᚾᛋ",96
"runt",153366,1,"ᚱᚢᚾᛏ",102
"ruse",867465,1,"ᚱᚢᛋᛖ",134
"rush",11764956,1,"ᚱᚢᛋᚻ",90
"rusk",30172,0,"ᚱᚢᛋᚳ",80
"rust",2802498,1,"ᚱᚢᛋᛏ",126
"ruts",538536,1,"ᚱᚢᛏᛋ",126
"sack",2036816,1,"ᛋᚪᚳᚳ",176
"sacs",965855,0,"ᛋᚪᚳᛋ",216
"safe",39910444,1,"ᛋᚪᚠᛖ",219
"saga",1553146,1,"ᛋᚪᚷᚪ",264
"sage",4181010,1,"ᛋᚪᚷᛖ",234
"sago",404361,0,"ᛋᚪᚷᚩ",174
"sags",148419,1,"ᛋᚪᚷᛋ",220
"said",375989973,1,"ᛋᚪᛁᛞ",270
"sail",11852564,1,"ᛋᚪᛁᛚ",254
"saith",3514541,1,"ᛋᚪᛁᚦ",186
"sake",26808144,1,"ᛋᚪᚳᛖ",230
"saki",49438,0,"ᛋᚪᚳᛁ",194
"sale",41162474,1,"ᛋᚪᛚᛖ",290
"salt",33035978,1,"ᛋᚪᛚᛏ",282
"same",617519506,1,"ᛋᚪᛗᛖ",288
"sand",29364060,1,"ᛋᚪᚾᛞ",268
"sane",2738382,1,"ᛋᚪᚾᛖ",246
"sangs",21621,1,"ᛋᚪᛝᛋ",282
"sank",3256803,1,"ᛋᚪᚾᚳ",192
"sans",3385713,1,"ᛋᚪᚾᛋ",232
"saps",195777,1,"ᛋᚪᛈᛋ",246
"sari",411881,1,"ᛋᚪᚱᛁ",192
"sash",1424688,1,"ᛋᚪᛋᚻ",226
"sass",68629,0,"ᛋᚪᛋᛋ",256
"sate",606204,1,"ᛋᚪᛏᛖ",276
"sating",20867,1,"ᛋᚪᛏᛝ",288
"save",45958104,1,"ᛋᚪᚢᛖ",220
"saving",18397770,1,"ᛋᚪᚢᛝ",232
"sawing",829439,1,"ᛋᚪᚹᛝ",248
"saws",995726,1,"ᛋᚪᚹᛋ",222
"saying",69122140,1,"ᛋᚪᚣᛝ",332
"says",68867368,1,"ᛋᚪᚣᛋ",306
"scab",606571,1,"ᛋᚳᚪᛒ",224
"scad",15404,0,"ᛋᚳᚪᛞ",252
"scag",5933,0,"ᛋᚳᚪᚷ",180
"scam",360617,1,"ᛋᚳᚪᛗ",234
"scan",6594531,1,"ᛋᚳᚪᚾ",192
"scar",3393398,1,"ᛋᚳᚪᚱ",174
"scat",276396,0,"ᛋᚳᚪᛏ",222
"scion",666771,1,"ᛋᚳᛡᚾ",202
"scow",182084,0,"ᛋᚳᚩᚹ",92
"scud",104232,0,"ᛋᚳᚢᛞ",158
"scum",932842,1,"ᛋᚳᚢᛗ",140
"sealing",2344729,1,"ᛋᛠᛚᛝ",314
"seals",4628732,1,"ᛋᛠᛚᛋ",288
"seaming",56445,1,"ᛋᛠᛗᛝ",312
"seams",2226965,1,"ᛋᛠᛗᛋ",286
"seamy",145157,0,"ᛋᛠᛗᚣ",336
"searing",625330,1,"ᛋᛠᚱᛝ",252
"sears",72272,1,"ᛋᛠᚱᛋ",226
"seating",2677114,1,"ᛋᛠᛏᛝ",300
"seats",14977262,1,"ᛋᛠᛏᛋ",274
"secs",199612,0,"ᛋᛖᚳᛋ",186
"sect",6647845,1,"ᛋᛖᚳᛏ",192
"secy",42147,0,"ᛋᛖᚳᚣ",236
"seed",23650488,1,"ᛋᛖᛖᛞ",276
"seeing",42166582,1,"ᛋᛖᛖᛝ",266
"seek",22164375,1,"ᛋᛖᛖᚳ",200
"seem",57270695,1,"ᛋᛖᛖᛗ",258
"seen",115306744,1,"ᛋᛖᛖᚾ",216
"seep",458770,1,"ᛋᛖᛖᛈ",230
"seer",1264381,1,"ᛋᛖᛖᚱ",198
"sees",13797823,1,"ᛋᛖᛖᛋ",240
"self",186819676,1,"ᛋᛖᛚᚠ",195
"sell",34539882,1,"ᛋᛖᛚᛚ",266
"semi",14791676,1,"ᛋᛖᛗᛁ",222
"send",24434013,1,"ᛋᛖᚾᛞ",238
"sens",934892,1,"ᛋᛖᚾᛋ",202
"sent",60437024,1,"ᛋᛖᚾᛏ",208
"sepia",330599,1,"ᛋᛖᛈᛡ",270
"sere",218038,0,"ᛋᛖᚱᛖ",198
"serf",741618,1,"ᛋᛖᚱᚠ",133
"sets",38127534,1,"ᛋᛖᛏᛋ",232
"sett",438362,0,"ᛋᛖᛏᛏ",238
"sewing",4256905,1,"ᛋᛖᚹᛝ",218
"sewn",1348372,1,"ᛋᛖᚹᚾ",168
"sews",110041,1,"ᛋᛖᚹᛋ",192
"sexing",67869,0,"ᛋᛖᛉᛝ",246
"sexy",753523,0,"ᛋᛖᛉᚣ",270
"shad",351082,0,"ᛋᚻᚪᛞ",262
"shag",175159,0,"ᛋᚻᚪᚷ",190
"shah",278437,0,"ᛋᚻᚪᚻ",196
"sham",1815768,1,"ᛋᚻᚪᛗ",244
"shat",48466,0,"ᛋᚻᚪᛏ",232
"shay",80110,0,"ᛋᚻᚪᚣ",276
"sheaf",742441,1,"ᛋᚻᛠᚠ",187
"shear",9009999,1,"ᛋᚻᛠᚱ",196
"sheath",3930802,1,"ᛋᚻᛠᚦ",190
"shed",6087833,1,"ᛋᚻᛖᛞ",232
"shes",92829,1,"ᛋᚻᛖᛋ",196
"shew",3940751,0,"ᛋᚻᛖᚹ",162
"shim",150388,1,"ᛋᚻᛁᛗ",178
"shin",648956,1,"ᛋᚻᛁᚾ",136
"ship",56943938,1,"ᛋᚻᛁᛈ",150
"shit",4036094,0,"ᛋᚻᛁᛏ",166
"shiv",16737,0,"ᛋᚻᛁᚢ",110
"shod",723834,1,"ᛋᚻᚩᛞ",172
"shoeing",195524,1,"ᛋᚻᛟᛝ",238
"shoes",8384812,1,"ᛋᚻᛟᛋ",212
"shoo",175998,0,"ᛋᚻᚩᚩ",90
"shop",26308254,1,"ᛋᚻᚩᛈ",126
"shot",40508648,1,"ᛋᚻᚩᛏ",142
"show",168628678,1,"ᛋᚻᚩᚹ",102
"shpt",833,0,"ᛋᚻᛈᛏ",178
"shun",1366397,1,"ᛋᚻᚢᚾ",108
"shut",20908630,1,"ᛋᚻᚢᛏ",138
"shying",107580,1,"ᛋᚻᚣᛝ",258
"sick",14486851,1,"ᛋᛁᚳᚳ",110
"sics",12087,0,"ᛋᛁᚳᛋ",150
"side",236035794,1,"ᛋᛁᛞᛖ",240
"siding",1294710,1,"ᛋᛁᛞᛝ",252
"sift",729360,1,"ᛋᛁᚠᛏ",145
"sigh",6432510,1,"ᛋᛁᚷᚻ",124
"sign",53896108,1,"ᛋᛁᚷᚾ",130
"silk",7389575,1,"ᛋᛁᛚᚳ",170
"sill",1502100,1,"ᛋᛁᛚᛚ",230
"silo",544259,1,"ᛋᛁᛚᚩ",164
"silt",2312863,1,"ᛋᛁᛚᛏ",216
"sine",3987097,1,"ᛋᛁᚾᛖ",180
"singed",315238,1,"ᛋᛝᛖᛞ",288
"singeing",77810,1,"ᛋᛝᛖᛝ",278
"singer",2889937,1,"ᛋᛝᛖᚱ",210
"singes",27311,0,"ᛋᛝᛖᛋ",252
"single",154381726,1,"ᛋᛝᛚᛖ",272
"singling",357125,1,"ᛋᛝᛚᛝ",284
"singly",2676064,1,"ᛋᛝᛚᚣ",308
"sink",10183106,1,"ᛋᛁᚾᚳ",126
"sins",7109175,1,"ᛋᛁᚾᛋ",166
"sips",366876,1,"ᛋᛁᛈᛋ",180
"sire",1612725,1,"ᛋᛁᚱᛖ",162
"siring",56687,1,"ᛋᛁᚱᛝ",174
"sirs",250018,1,"ᛋᛁᚱᛋ",148
"site",70945774,1,"ᛋᛁᛏᛖ",210
"siting",653358,1,"ᛋᛁᛏᛝ",222
"sits",3970897,1,"ᛋᛁᛏᛋ",196
"sixth",15586316,1,"ᛋᛁᛉᚦ",136
"size",123372358,1,"ᛋᛁᛋᛖ",204
"sizing",1203039,1,"ᛋᛁᛋᛝ",216
"skew",700420,1,"ᛋᚳᛖᚹ",152
"skid",611213,1,"ᛋᚳᛁᛞ",186
"skiing",1675908,1,"ᛋᚳᛁᛝ",176
"skim",1321709,1,"ᛋᚳᛁᛗ",168
"skin",57175084,1,"ᛋᚳᛁᚾ",126
"skip",2735485,1,"ᛋᚳᛁᛈ",140
"skis",786604,1,"ᛋᚳᛁᛋ",150
"skit",286329,1,"ᛋᚳᛁᛏ",156
"skua",57831,0,"ᛋᚳᚢᚪ",166
"skying",6265,0,"ᛋᚳᚣᛝ",248
"slab",4393332,1,"ᛋᛚᚪᛒ",284
"slag",1976239,1,"ᛋᛚᚪᚷ",240
"slam",936084,1,"ᛋᛚᚪᛗ",294
"slang",1738424,1,"ᛋᛚᚪᛝ",302
"slap",1741763,1,"ᛋᛚᚪᛈ",266
"slat",196835,0,"ᛋᛚᚪᛏ",282
"slaw",93555,0,"ᛋᛚᚪᚹ",242
"slay",1537583,1,"ᛋᛚᚪᚣ",326
"sled",1065464,1,"ᛋᛚᛖᛞ",282
"slew",871939,1,"ᛋᛚᛖᚹ",212
"slid",2677470,1,"ᛋᛚᛁᛞ",246
"slim",1575347,1,"ᛋᛚᛁᛗ",228
"slinging",175520,1,"ᛋᛚᛝᛝ",284
"slings",440932,1,"ᛋᛚᛝᛋ",258
"slip",13347946,1,"ᛋᛚᛁᛈ",200
"slit",3739901,1,"ᛋᛚᛁᛏ",216
"slob",150866,1,"ᛋᛚᚩᛒ",194
"sloes",26570,0,"ᛋᛚᛟᛋ",262
"slog",97158,1,"ᛋᛚᚩᚷ",150
"slop",389649,1,"ᛋᛚᚩᛈ",176
"slot",1956671,1,"ᛋᛚᚩᛏ",192
"sloth",839053,1,"ᛋᛚᚩᚦ",138
"slow",41586300,1,"ᛋᛚᚩᚹ",152
"slue",23039,1,"ᛋᛚᚢᛖ",196
"slug",860316,1,"ᛋᛚᚢᚷ",146
"sluing",3253,0,"ᛋᛚᚢᛝ",208
"slum",2058891,1,"ᛋᛚᚢᛗ",200
"slung",1412136,1,"ᛋᛚᚢᛝ",208
"slur",458987,1,"ᛋᛚᚢᚱ",140
"slut",350580,0,"ᛋᛚᚢᛏ",188
"smear",1710167,1,"ᛋᛗᛠᚱ",244
"smith",1033841,1,"ᛋᛗᛁᚦ",160
"smog",638737,1,"ᛋᛗᚩᚷ",148
"smug",848426,1,"ᛋᛗᚢᚷ",144
"smut",359757,0,"ᛋᛗᚢᛏ",186
"snag",455711,1,"ᛋᚾᚪᚷ",196
"snap",3519310,1,"ᛋᚾᚪᛈ",222
"sneak",1470885,1,"ᛋᚾᛠᚳ",204
"snip",228328,1,"ᛋᚾᛁᛈ",156
"snit",34848,0,"ᛋᚾᛁᛏ",172
"snob",428884,1,"ᛋᚾᚩᛒ",150
"snog",8798,0,"ᛋᚾᚩᚷ",106
"snot",147034,0,"ᛋᚾᚩᛏ",148
"snow",27062486,1,"ᛋᚾᚩᚹ",108
"snub",432795,1,"ᛋᚾᚢᛒ",146
"snug",1174743,1,"ᛋᚾᚢᚷ",102
"soak",703873,1,"ᛋᚩᚪᚳ",170
"soap",3839887,1,"ᛋᚩᚪᛈ",200
"soar",579617,1,"ᛋᚩᚪᚱ",168
"sobs",1413049,1,"ᛋᚩᛒᛋ",174
"sock",724452,1,"ᛋᚩᚳᚳ",86
"soda",2975131,0,"ᛋᚩᛞᚪ",246
"sods",190514,1,"ᛋᚩᛞᛋ",202
"sofa",2174265,1,"ᛋᚩᚠᚪ",159
"soft",41303308,1,"ᛋᚩᚠᛏ",121
"soil",31703889,1,"ᛋᚩᛁᛚ",164
"sold",47549110,1,"ᛋᚩᛚᛞ",222
"sole",19391156,1,"ᛋᚩᛚᛖ",200
"soling",15755,1,"ᛋᚩᛚᛝ",212
"solo",4684272,1,"ᛋᚩᛚᚩ",140
"sols",399407,0,"ᛋᚩᛚᛋ",186
"some",1018879893,1,"ᛋᚩᛗᛖ",198
"songs",10135712,1,"ᛋᚩᛝᛋ",192
"sons",14630764,1,"ᛋᚩᚾᛋ",142
"soon",146548738,1,"ᛋᚩᚩᚾ",96
"soot",1355358,1,"ᛋᚩᚩᛏ",126
"sooth",391835,1,"ᛋᚩᚩᚦ",72
"sops",54429,0,"ᛋᚩᛈᛋ",156
"sore",5928362,1,"ᛋᚩᚱᛖ",138
"sort",75178366,1,"ᛋᚩᚱᛏ",130
"sots",67126,0,"ᛋᚩᛏᛋ",172
"souk",68391,0,"ᛋᚩᚢᚳ",76
"soul",34775975,1,"ᛋᚩᚢᛚ",136
"soup",6804888,1,"ᛋᚩᚢᛈ",106
"sour",4322620,1,"ᛋᚩᚢᚱ",74
"sous",2597995,0,"ᛋᚩᚢᛋ",116
"south",66081158,1,"ᛋᚩᚢᚦ",68
"sowing",2483715,1,"ᛋᚩᚹᛝ",158
"sown",4016828,1,"ᛋᚩᚹᚾ",108
"sows",693816,1,"ᛋᚩᚹᛋ",132
"soya",387970,0,"ᛋᚩᚣᚪ",260
"spam",386103,1,"ᛋᛈᚪᛗ",264
"span",10664702,1,"ᛋᛈᚪᚾ",222
"spar",949854,1,"ᛋᛈᚪᚱ",204
"spas",298228,0,"ᛋᛈᚪᛋ",246
"spat",820450,1,"ᛋᛈᚪᛏ",252
"spay",21381,0,"ᛋᛈᚪᚣ",296
"speak",81099950,1,"ᛋᛈᛠᚳ",218
"spear",4141222,1,"ᛋᛈᛠᚱ",216
"spec",722978,0,"ᛋᛈᛖᚳ",176
"sped",973421,1,"ᛋᛈᛖᛞ",252
"spew",162710,1,"ᛋᛈᛖᚹ",182
"spic",51856,0,"ᛋᛈᛁᚳ",140
"spik",13624,0,"ᛋᛈᛁᚳ",140
"spin",9668424,1,"ᛋᛈᛁᚾ",156
"spit",1361897,1,"ᛋᛈᛁᛏ",186
"spiv",14213,0,"ᛋᛈᛁᚢ",130
"spot",36165338,1,"ᛋᛈᚩᛏ",162
"spring",51459254,1,"ᛋᛈᚱᛝ",186
"spry",131856,0,"ᛋᛈᚱᚣ",210
"spud",75709,0,"ᛋᛈᚢᛞ",188
"spun",4014528,1,"ᛋᛈᚢᚾ",128
"spur",3718082,1,"ᛋᛈᚢᚱ",110
"spying",1013807,1,"ᛋᛈᚣᛝ",278
"stab",1536617,1,"ᛋᛏᚪᛒ",270
"stag",1240160,1,"ᛋᛏᚪᚷ",226
"star",23534650,1,"ᛋᛏᚪᚱ",220
"stat",688785,1,"ᛋᛏᚪᛏ",268
"stay",54789864,1,"ᛋᛏᚪᚣ",312
"stdio",10713,1,"ᛋᛏᛞᛡ",308
"stead",2441201,1,"ᛋᛏᛠᛞ",310
"steak",1927267,1,"ᛋᛏᛠᚳ",234
"steal",3044209,1,"ᛋᛏᛠᛚ",294
"steam",11925213,1,"ᛋᛏᛠᛗ",292
"stem",16550048,1,"ᛋᛏᛖᛗ",250
"step",80486524,1,"ᛋᛏᛖᛈ",222
"stet",36478,0,"ᛋᛏᛖᛏ",238
"stew",1639990,1,"ᛋᛏᛖᚹ",198
"stinging",1322944,1,"ᛋᛏᛝᛝ",270
"stings",716810,1,"ᛋᛏᛝᛋ",244
"stingy",420444,1,"ᛋᛏᛝᚣ",294
"stir",4050163,1,"ᛋᛏᛁᚱ",154
"stop",59010696,1,"ᛋᛏᚩᛈ",162
"stow",322493,1,"ᛋᛏᚩᚹ",138
"stria",262887,0,"ᛋᛏᚱᛡ",230
"string",10164176,1,"ᛋᛏᚱᛝ",202
"stub",922940,1,"ᛋᛏᚢᛒ",176
"stud",1634287,1,"ᛋᛏᚢᛞ",204
"stun",275633,1,"ᛋᛏᚢᚾ",144
"stung",1514408,1,"ᛋᛏᚢᛝ",194
"stye",59796,0,"ᛋᛏᚣᛖ",282
"subj",153813,0,"ᛋᚢᛒᛂ",154
"subs",454480,1,"ᛋᚢᛒᛋ",170
"such",1005223300,1,"ᛋᚢᚳᚻ",92
"suck",1979688,1,"ᛋᚢᚳᚳ",82
"suds",263297,0,"ᛋᚢᛞᛋ",198
"sued",1932809,1,"ᛋᚢᛖᛞ",212
"sues",460460,1,"ᛋᚢᛖᛋ",176
"suet",260580,0,"ᛋᚢᛖᛏ",182
"suit",29296178,1,"ᛋᚢᛁᛏ",146
"sulk",199382,1,"ᛋᚢᛚᚳ",142
"sumo",121482,0,"ᛋᚢᛗᚩ",134
"sump",368162,0,"ᛋᚢᛗᛈ",170
"sums",10743888,1,"ᛋᚢᛗᛋ",180
"sunk",3586386,1,"ᛋᚢᚾᚳ",98
"suns",1081928,1,"ᛋᚢᚾᛋ",138
"supp",241192,0,"ᛋᚢᛈᛈ",142
"sups",35059,0,"ᛋᚢᛈᛋ",152
"supt",27446,0,"ᛋᚢᛈᛏ",158
"surd",73034,0,"ᛋᚢᚱᛞ",156
"sure",108935666,1,"ᛋᚢᚱᛖ",134
"surf",2373277,1,"ᛋᚢᚱᚠ",69
"suss",20575,0,"ᛋᚢᛋᛋ",162
"swab",541670,1,"ᛋᚹᚪᛒ",230
"swag",143792,1,"ᛋᚹᚪᚷ",186
"swam",2275070,1,"ᛋᚹᚪᛗ",240
"swan",1361686,1,"ᛋᚹᚪᚾ",198
"swap",1729662,1,"ᛋᚹᚪᛈ",212
"swat",143916,1,"ᛋᚹᚪᛏ",228
"swath",386685,1,"ᛋᚹᚪᚦ",174
"sway",4837858,1,"ᛋᚹᚪᚣ",272
"swear",2955278,1,"ᛋᚹᛠᚱ",192
"sweat",7606732,1,"ᛋᚹᛠᛏ",240
"swig",257058,1,"ᛋᚹᛁᚷ",120
"swim",5929614,1,"ᛋᚹᛁᛗ",174
"swinging",4489844,1,"ᛋᚹᛝᛝ",230
"swings",2573932,1,"ᛋᚹᛝᛋ",204
"swiz",449,0,"ᛋᚹᛁᛋ",156
"swob",669,0,"ᛋᚹᚩᛒ",140
"swop",29803,1,"ᛋᚹᚩᛈ",122
"swot",16568,1,"ᛋᚹᚩᛏ",138
"swum",221990,1,"ᛋᚹᚢᛗ",146
"swung",3333643,1,"ᛋᚹᚢᛝ",154
"sync",838407,0,"ᛋᚣᚾᚳ",198
"tabs",641792,1,"ᛏᚪᛒᛋ",270
"tabu",279278,0,"ᛏᚪᛒᚢ",220
"tack",1002617,1,"ᛏᚪᚳᚳ",182
"taco",129795,0,"ᛏᚪᚳᚩ",176
"tact",2677678,1,"ᛏᚪᚳᛏ",228
"tads",8932,0,"ᛏᚪᛞᛋ",298
"tags",2748485,1,"ᛏᚪᚷᛋ",226
"tail",19241538,1,"ᛏᚪᛁᛚ",260
"take",356772168,1,"ᛏᚪᚳᛖ",236
"taking",110014458,1,"ᛏᚪᚳᛝ",248
"talc",525593,0,"ᛏᚪᛚᚳ",242
"tale",16204972,1,"ᛏᚪᛚᛖ",296
"tali",305471,0,"ᛏᚪᛚᛁ",260
"talk",79285990,1,"ᛏᚪᛚᚳ",242
"tall",11955107,1,"ᛏᚪᛚᛚ",302
"tame",2928722,1,"ᛏᚪᛗᛖ",294
"taming",447303,1,"ᛏᚪᛗᛝ",306
"tamp",75291,0,"ᛏᚪᛗᛈ",270
"tams",14081,0,"ᛏᚪᛗᛋ",280
"tango",356954,1,"ᛏᚪᛝᚩ",242
"tangs",40390,1,"ᛏᚪᛝᛋ",288
"tangy",151676,1,"ᛏᚪᛝᚣ",338
"tank",14385066,1,"ᛏᚪᚾᚳ",198
"tans",156548,1,"ᛏᚪᚾᛋ",238
"tape",16601972,1,"ᛏᚪᛈᛖ",266
"taping",634752,1,"ᛏᚪᛈᛝ",278
"taps",1438379,1,"ᛏᚪᛈᛋ",252
"tare",236899,0,"ᛏᚪᚱᛖ",234
"taring",23641,0,"ᛏᚪᚱᛝ",246
"tarn",467568,0,"ᛏᚪᚱᚾ",196
"taro",463831,1,"ᛏᚪᚱᚩ",174
"tarp",220758,0,"ᛏᚪᚱᛈ",210
"tars",255151,1,"ᛏᚪᚱᛋ",220
"tart",864786,1,"ᛏᚪᚱᛏ",226
"task",35698307,1,"ᛏᚪᛋᚳ",222
"tats",49068,0,"ᛏᚪᛏᛋ",268
"taus",9526,0,"ᛏᚪᚢᛋ",212
"taut",809138,1,"ᛏᚪᚢᛏ",218
"taxi",1999859,1,"ᛏᚪᛉᛁ",234
"taxing",2171955,1,"ᛏᚪᛉᛝ",282
"tbsp",743746,0,"ᛏᛒᛋᛈ",216
"teach",14525709,1,"ᛏᛠᚳᚻ",204
"teaks",3510,1,"ᛏᛠᚳᛋ",234
"teals",24385,1,"ᛏᛠᛚᛋ",294
"teaming",244682,1,"ᛏᛠᛗᛝ",318
"teams",6459510,1,"ᛏᛠᛗᛋ",292
"tearing",1919610,1,"ᛏᛠᚱᛝ",258
"tears",13160374,1,"ᛏᛠᚱᛋ",232
"teary",131634,1,"ᛏᛠᚱᚣ",282
"tease",1348520,1,"ᛏᛠᛋᛖ",288
"teasing",2083030,1,"ᛏᛠᛋᛝ",300
"teats",280219,1,"ᛏᛠᛏᛋ",280
"tech",2911938,0,"ᛏᛖᚳᚻ",162
"teds",22479,0,"ᛏᛖᛞᛋ",268
"teed",85715,0,"ᛏᛖᛖᛞ",282
"teeing",40987,1,"ᛏᛖᛖᛝ",272
"teem",216054,1,"ᛏᛖᛖᛗ",264
"teen",2804250,1,"ᛏᛖᛖᚾ",222
"tees",235994,1,"ᛏᛖᛖᛋ",246
"teeth",15679033,1,"ᛏᛖᛖᚦ",198
"tell",133296324,1,"ᛏᛖᛚᛚ",272
"temp",859043,0,"ᛏᛖᛗᛈ",240
"tend",21366162,1,"ᛏᛖᚾᛞ",244
"tens",2143050,1,"ᛏᛖᚾᛋ",208
"tent",5103414,1,"ᛏᛖᚾᛏ",214
"tenth",9892718,1,"ᛏᛖᚾᚦ",160
"term",147412430,1,"ᛏᛖᚱᛗ",208
"tern",696563,1,"ᛏᛖᚱᚾ",166
"terr",38586,0,"ᛏᛖᚱᚱ",148
"test",111542000,1,"ᛏᛖᛋᛏ",238
"text",43922394,1,"ᛏᛖᛉᛏ",232
"thane",156513,1,"ᚦᚪᚾᛖ",198
"thank",10541211,1,"ᚦᚪᚾᚳ",144
"thawing",711407,1,"ᚦᚪᚹᛝ",200
"thaws",145105,1,"ᚦᚪᚹᛋ",174
"thees",35752,1,"ᚦᛖᛖᛋ",192
"theft",2762061,1,"ᚦᛖᚠᛏ",133
"their",1036335585,1,"ᚦᛖᛁᚱ",114
"theme",13982159,1,"ᚦᛖᛗᛖ",210
"theory",139786832,1,"ᚦᛇᚱᚣ",160
"there",1168307982,1,"ᚦᛖᚱᛖ",150
"therm",74899,1,"ᚦᛖᚱᛗ",154
"these",511507051,1,"ᚦᛖᛋᛖ",192
"theta",487694,1,"ᚦᛖᛏᚪ",228
"thews",56655,0,"ᚦᛖᚹᛋ",144
"thick",36142964,1,"ᚦᛁᚳᚳ",62
"thief",2207835,1,"ᚦᛁᛖᚠ",105
"thigh",2248221,1,"ᚦᛁᚷᚻ",76
"thine",4529611,1,"ᚦᛁᚾᛖ",132
"think",273158456,1,"ᚦᛁᚾᚳ",78
"thins",232151,1,"ᚦᛁᚾᛋ",118
"third",131078276,1,"ᚦᛁᚱᛞ",136
"thole",151497,0,"ᚦᚩᛚᛖ",152
"thongs",425111,1,"ᚦᚩᛝᛋ",144
"thorn",1904986,1,"ᚦᚩᚱᚾ",52
"those",323533961,1,"ᚦᚩᛋᛖ",132
"thous",75309,1,"ᚦᚩᚢᛋ",68
"thread",5903831,1,"ᚦᚱᛠᛞ",214
"threat",27780052,1,"ᚦᚱᛠᛏ",184
"three",441840384,1,"ᚦᚱᛖᛖ",150
"threw",9988252,1,"ᚦᚱᛖᚹ",102
"throb",746996,1,"ᚦᚱᚩᛒ",84
"throes",902231,1,"ᚦᚱᛟᛋ",152
"throng",2349211,1,"ᚦᚱᚩᛝ",102
"throw",11397769,1,"ᚦᚱᚩᚹ",42
"thrum",83888,0,"ᚦᚱᚢᛗ",90
"thuds",101844,1,"ᚦᚢᛞᛋ",150
"thugs",632163,1,"ᚦᚢᚷᛋ",78
"thumb",4248482,1,"ᚦᚢᛗᛒ",140
"thump",762758,1,"ᚦᚢᛗᛈ",122
"thunk",80584,1,"ᚦᚢᚾᚳ",50
"thyme",911920,1,"ᚦᚣᛗᛖ",246
"tiara",352921,1,"ᛏᛡᚱᚪ",274
"tibia",1823561,0,"ᛏᛁᛒᛡ",258
"tick",2082584,1,"ᛏᛁᚳᚳ",116
"tics",563874,1,"ᛏᛁᚳᛋ",156
"tide",13186170,1,"ᛏᛁᛞᛖ",246
"tiding",61630,1,"ᛏᛁᛞᛝ",258
"tidy",1695965,1,"ᛏᛁᛞᚣ",282
"tied",19844852,1,"ᛏᛁᛖᛞ",246
"tier",1542683,1,"ᛏᛁᛖᚱ",168
"ties",15992986,1,"ᛏᛁᛖᛋ",210
"tiff",130489,0,"ᛏᛁᚠᚠ",94
"tike",127587,0,"ᛏᛁᚳᛖ",170
"tile",1862275,1,"ᛏᛁᛚᛖ",230
"tiling",499825,1,"ᛏᛁᛚᛝ",242
"till",63755720,1,"ᛏᛁᛚᛚ",236
"tilt",2691652,1,"ᛏᛁᛚᛏ",222
"time",1120679362,1,"ᛏᛁᛗᛖ",228
"timing",10052076,1,"ᛏᛁᛗᛝ",240
"tine",802674,1,"ᛏᛁᚾᛖ",186
"tinged",1833279,1,"ᛏᛝᛖᛞ",294
"tingeing",23071,0,"ᛏᛝᛖᛝ",284
"tinges",99528,1,"ᛏᛝᛖᛋ",258
"tingle",444250,1,"ᛏᛝᛚᛖ",278
"tingling",1041151,1,"ᛏᛝᛚᛝ",290
"tingly",49722,1,"ᛏᛝᛚᚣ",314
"tins",1237584,1,"ᛏᛁᚾᛋ",172
"tint",2165532,1,"ᛏᛁᚾᛏ",178
"tiny",10045657,1,"ᛏᛁᚾᚣ",222
"tipi",282680,0,"ᛏᛁᛈᛁ",164
"tips",3723577,1,"ᛏᛁᛈᛋ",186
"tire",4226026,1,"ᛏᛁᚱᛖ",168
"tiring",1052160,1,"ᛏᛁᚱᛝ",180
"tiro",82159,0,"ᛏᛁᚱᚩ",108
"tithe",1310001,1,"ᛏᛁᚦᛖ",162
"tithing",284943,1,"ᛏᛁᚦᛝ",174
"tits",412512,0,"ᛏᛁᛏᛋ",202
"tizz",2655,0,"ᛏᛁᛋᛋ",196
"toad",554197,1,"ᛏᚩᚪᛞ",252
"toff",39504,0,"ᛏᚩᚠᚠ",70
"tofu",457704,0,"ᛏᚩᚠᚢ",71
"toga",402910,1,"ᛏᚩᚷᚪ",180
"toge",32306,0,"ᛏᚩᚷᛖ",150
"togs",79962,1,"ᛏᚩᚷᛋ",136
"toil",4925339,1,"ᛏᚩᛁᛚ",170
"toke",88860,0,"ᛏᚩᚳᛖ",146
"toking",5565,0,"ᛏᚩᚳᛝ",158
"told",88272334,1,"ᛏᚩᛚᛞ",228
"tole",139888,1,"ᛏᚩᛚᛖ",206
"toll",5059822,1,"ᛏᚩᛚᛚ",212
"tomb",9802226,1,"ᛏᚩᛗᛒ",198
"tome",893362,1,"ᛏᚩᛗᛖ",204
"toms",248066,0,"ᛏᚩᛗᛋ",190
"tone",18604116,1,"ᛏᚩᚾᛖ",162
"tonging",5725,0,"ᛏᚩᛝᛝ",224
"tongs",778479,1,"ᛏᚩᛝᛋ",198
"toning",346026,1,"ᛏᚩᚾᛝ",174
"tons",10892615,1,"ᛏᚩᚾᛋ",148
"tony",35213,1,"ᛏᚩᚾᚣ",198
"took",111784680,1,"ᛏᚩᚩᚳ",86
"tool",27066466,1,"ᛏᚩᚩᛚ",146
"toot",213698,0,"ᛏᚩᚩᛏ",132
"tooth",10143862,1,"ᛏᚩᚩᚦ",78
"topi",59359,0,"ᛏᚩᛈᛁ",140
"tops",6421308,1,"ᛏᚩᛈᛋ",162
"tore",2312375,1,"ᛏᚩᚱᛖ",144
"tori",171823,0,"ᛏᚩᚱᛁ",108
"torn",12321788,1,"ᛏᚩᚱᚾ",106
"tors",427929,0,"ᛏᚩᚱᛋ",130
"tort",3161891,1,"ᛏᚩᚱᛏ",136
"tosh",30081,0,"ᛏᚩᛋᚻ",142
"toss",2558479,1,"ᛏᚩᛋᛋ",172
"tote",367842,0,"ᛏᚩᛏᛖ",192
"toting",215235,0,"ᛏᚩᛏᛝ",204
"tots",129491,0,"ᛏᚩᛏᛋ",178
"tour",14337566,1,"ᛏᚩᚢᚱ",80
"tout",3732210,1,"ᛏᚩᚢᛏ",128
"towing",837154,1,"ᛏᚩᚹᛝ",164
"town",111177784,1,"ᛏᚩᚹᚾ",114
"tows",152030,1,"ᛏᚩᚹᛋ",138
"toying",363449,1,"ᛏᚩᚣᛝ",248
"toys",5199388,1,"ᛏᚩᚣᛋ",222
"trad",148006,0,"ᛏᚱᚪᛞ",256
"tram",1056646,1,"ᛏᚱᚪᛗ",238
"trap",4815989,1,"ᛏᚱᚪᛈ",210
"tray",2566158,1,"ᛏᚱᚪᚣ",270
"tread",3278037,1,"ᛏᚱᛠᛞ",268
"treas",56919,0,"ᛏᚱᛠᛋ",232
"treat",25903574,1,"ᛏᚱᛠᛏ",238
"tree",60881230,1,"ᛏᚱᛖᛖ",204
"trek",1212158,1,"ᛏᚱᛖᚳ",150
"trey",26938,0,"ᛏᚱᛖᚣ",240
"triad",1712361,1,"ᛏᚱᛡᛞ",266
"trial",52718034,1,"ᛏᚱᛡᛚ",250
"trig",88138,0,"ᛏᚱᛁᚷ",118
"trim",3808460,1,"ᛏᚱᛁᛗ",172
"trios",223690,1,"ᛏᚱᛡᛋ",230
"trip",27510040,1,"ᛏᚱᛁᛈ",144
"trod",1296808,1,"ᛏᚱᚩᛞ",166
"tron",59531,0,"ᛏᚱᚩᚾ",106
"trot",1535679,1,"ᛏᚱᚩᛏ",136
"troth",323424,0,"ᛏᚱᚩᚦ",82
"trow",164929,1,"ᛏᚱᚩᚹ",96
"troy",212484,0,"ᛏᚱᚩᚣ",180
"true",96890850,1,"ᛏᚱᚢᛖ",140
"trug",36137,0,"ᛏᚱᚢᚷ",90
"truing",39820,1,"ᛏᚱᚢᛝ",152
"truth",53562106,1,"ᛏᚱᚢᚦ",78
"trying",69480944,1,"ᛏᚱᚣᛝ",252
"ttys",5837,0,"ᛏᛏᚣᛋ",274
"tuba",295148,1,"ᛏᚢᛒᚪ",220
"tubae",13448,0,"ᛏᚢᛒᚫ",224
"tube",17540658,1,"ᛏᚢᛒᛖ",190
"tubing",2775341,1,"ᛏᚢᛒᛝ",202
"tubs",966502,1,"ᛏᚢᛒᛋ",176
"tuck",787328,1,"ᛏᚢᚳᚳ",88
"tuft",885464,1,"ᛏᚢᚠᛏ",123
"tugs",571844,1,"ᛏᚢᚷᛋ",132
"tums",78420,0,"ᛏᚢᛗᛋ",186
"tuna",1475779,1,"ᛏᚢᚾᚪ",188
"tune",8542182,1,"ᛏᚢᚾᛖ",158
"tuning",3239223,1,"ᛏᚢᚾᛝ",170
"tuns",144118,1,"ᛏᚢᚾᛋ",144
"turd",93663,0,"ᛏᚢᚱᛞ",162
"turf",3022618,1,"ᛏᚢᚱᚠ",75
"turn",128403076,1,"ᛏᚢᚱᚾ",102
"tush",44551,0,"ᛏᚢᛋᚻ",138
"tusk",339239,1,"ᛏᚢᛋᚳ",128
"tuts",16271,1,"ᛏᚢᛏᛋ",174
"tutu",70575,0,"ᛏᚢᛏᚢ",124
"twang",271525,0,"ᛏᚹᚪᛝ",254
"twas",994666,1,"ᛏᚹᚪᛋ",228
"twat",25204,0,"ᛏᚹᚪᛏ",234
"tweak",182929,1,"ᛏᚹᛠᚳ",200
"twee",101885,1,"ᛏᚹᛖᛖ",212
"twig",1329681,1,"ᛏᚹᛁᚷ",126
"twin",7378470,1,"ᛏᚹᛁᚾ",138
"twinge",469458,1,"ᛏᚹᛝᛖ",224
"twinging",5819,0,"ᛏᚹᛝᛝ",236
"twit",92357,0,"ᛏᚹᛁᛏ",168
"twos",615995,1,"ᛏᚹᚩᛋ",138
"tyke",52109,0,"ᛏᚣᚳᛖ",242
"type",176743432,1,"ᛏᚣᛈᛖ",272
"typing",3848527,1,"ᛏᚣᛈᛝ",284
"typo",131039,1,"ᛏᚣᛈᚩ",212
"tyro",177884,0,"ᛏᚣᚱᚩ",180
"tzar",28006,1,"ᛏᛋᚪᚱ",220
"ugly",4185880,1,"ᚢᚷᛚᚣ",196
"ulna",754630,0,"ᚢᛚᚾᚪ",202
"ulnae",18541,1,"ᚢᛚᚾᚫ",206
"umiak",32007,0,"ᚢᛗᛡᚳ",194
"umping",4048,0,"ᚢᛗᛈᛝ",196
"umps",10310,1,"ᚢᛗᛈᛋ",170
"undo",980939,1,"ᚢᚾᛞᚩ",128
"union",53253372,1,"ᚢᚾᛡᚾ",168
"unis",39863,0,"ᚢᚾᛁᛋ",116
"unit",72787116,1,"ᚢᚾᛁᛏ",122
"univ",77245,0,"ᚢᚾᛁᚢ",66
"unto",29663535,1,"ᚢᚾᛏᚩ",98
"upon",513694230,1,"ᚢᛈᚩᚾ",82
"upping",59601,1,"ᚢᛈᛈᛝ",168
"urge",9987308,1,"ᚢᚱᚷᛖ",98
"urging",3027998,1,"ᚢᚱᚷᛝ",110
"uric",1468142,0,"ᚢᚱᛁᚳ",58
"urns",735890,1,"ᚢᚱᚾᛋ",96
"used",516510200,1,"ᚢᛋᛖᛞ",212
"user",17852227,1,"ᚢᛋᛖᚱ",134
"uses",52665924,1,"ᚢᛋᛖᛋ",176
"vacs",3431,0,"ᚢᚪᚳᛋ",166
"vain",9349448,1,"ᚢᚪᛁᚾ",160
"vale",1362420,1,"ᚢᚪᛚᛖ",240
"vamp",145661,0,"ᚢᚪᛗᛈ",214
"vane",750448,1,"ᚢᚪᚾᛖ",196
"vans",393635,1,"ᚢᚪᚾᛋ",182
"vars",87127,1,"ᚢᚪᚱᛋ",164
"vary",14826806,1,"ᚢᚪᚱᚣ",214
"vase",2976366,1,"ᚢᚪᛋᛖ",220
"vast",20218768,1,"ᚢᚪᛋᛏ",212
"vats",559018,1,"ᚢᚪᛏᛋ",212
"veep",8655,0,"ᚢᛖᛖᛈ",180
"veer",360951,1,"ᚢᛖᛖᚱ",148
"veil",3113980,1,"ᚢᛖᛁᛚ",174
"vein",6590069,1,"ᚢᛖᛁᚾ",130
"vela",60570,0,"ᚢᛖᛚᚪ",240
"veld",342463,1,"ᚢᛖᛚᛞ",232
"vend",138997,1,"ᚢᛖᚾᛞ",188
"vent",3852152,1,"ᚢᛖᚾᛏ",158
"verb",13877123,1,"ᚢᛖᚱᛒ",142
"very",723565352,1,"ᚢᛖᚱᚣ",184
"vest",2415253,1,"ᚢᛖᛋᛏ",182
"veto",4104416,1,"ᚢᛖᛏᚩ",136
"vets",205910,1,"ᚢᛖᛏᛋ",182
"vexing",538411,1,"ᚢᛖᛉᛝ",196
"vials",748096,1,"ᚢᛡᛚᛋ",236
"viand",30778,0,"ᚢᛡᚾᛞ",228
"vibe",99627,1,"ᚢᛁᛒᛖ",162
"vice",21815814,1,"ᚢᛁᚳᛖ",114
"vicing",3871,0,"ᚢᛁᚳᛝ",126
"video",15487914,1,"ᚢᛁᛞᛇ",164
"vied",752845,1,"ᚢᛁᛖᛞ",190
"vies",232098,1,"ᚢᛁᛖᛋ",154
"view",201364910,1,"ᚢᛁᛖᚹ",120
"viii",6692233,0,"ᚢᛁᛁᛁ",96
"viking",88173,1,"ᚢᛁᚳᛝ",126
"vile",2941439,1,"ᚢᛁᛚᛖ",174
"vine",3897788,1,"ᚢᛁᚾᛖ",130
"vino",246181,0,"ᚢᛁᚾᚩ",70
"viola",617115,1,"ᚢᛡᛚᚪ",280
"viols",125324,1,"ᚢᛡᛚᛋ",236
"vireo",65001,0,"ᚢᛁᚱᛇ",86
"visa",2010476,0,"ᚢᛁᛋᚪ",184
"vise",652417,1,"ᚢᛁᛋᛖ",154
"vising",17871,1,"ᚢᛁᛋᛝ",166
"vitae",594194,1,"ᚢᛁᛏᚫ",194
"vita",1245418,1,"ᚢᛁᛏᚪ",190
"viva",417019,0,"ᚢᛁᚢᚪ",134
"void",13214340,1,"ᚢᚩᛁᛞ",130
"vole",276909,1,"ᚢᚩᛚᛖ",150
"volt",2129921,1,"ᚢᚩᛚᛏ",142
"vote",36921042,1,"ᚢᚩᛏᛖ",136
"voting",13416352,1,"ᚢᚩᛏᛝ",148
"vowing",167425,1,"ᚢᚩᚹᛝ",108
"vows",3080672,1,"ᚢᚩᚹᛋ",82
"wade",776600,1,"ᚹᚪᛞᛖ",272
"wadi",268476,0,"ᚹᚪᛞᛁ",236
"wading",884073,1,"ᚹᚪᛞᛝ",284
"wads",173583,0,"ᚹᚪᛞᛋ",258
"waft",274010,1,"ᚹᚪᚠᛏ",177
"wage",27228502,1,"ᚹᚪᚷᛖ",200
"waging",1171679,1,"ᚹᚪᚷᛝ",212
"wags",182389,1,"ᚹᚪᚷᛋ",186
"waif",221965,1,"ᚹᚪᛁᚠ",149
"wail",1255702,1,"ᚹᚪᛁᛚ",220
"wain",84019,1,"ᚹᚪᛁᚾ",176
"wait",36240490,1,"ᚹᚪᛁᛏ",206
"wake",11894224,1,"ᚹᚪᚳᛖ",196
"waking",4930837,1,"ᚹᚪᚳᛝ",208
"wale",66806,1,"ᚹᚪᛚᛖ",256
"waling",16649,1,"ᚹᚪᛚᛝ",268
"walk",44666290,1,"ᚹᚪᛚᚳ",202
"wall",73380126,1,"ᚹᚪᛚᛚ",262
"wand",1232161,1,"ᚹᚪᚾᛞ",234
"wane",902551,1,"ᚹᚪᚾᛖ",212
"waning",1531001,1,"ᚹᚪᚾᛝ",224
"wank",16145,0,"ᚹᚪᚾᚳ",158
"want",204348702,1,"ᚹᚪᚾᛏ",204
"ward",8682958,1,"ᚹᚪᚱᛞ",216
"ware",3864101,1,"ᚹᚪᚱᛖ",194
"waring",24052,1,"ᚹᚪᚱᛝ",206
"warm",39512424,1,"ᚹᚪᚱᛗ",198
"warn",5742496,1,"ᚹᚪᚱᚾ",156
"warp",2283673,1,"ᚹᚪᚱᛈ",170
"wars",9113549,1,"ᚹᚪᚱᛋ",180
"wart",245445,1,"ᚹᚪᚱᛏ",186
"wary",1503879,1,"ᚹᚪᚱᚣ",230
"wash",12063954,1,"ᚹᚪᛋᚻ",192
"wasp",867984,1,"ᚹᚪᛋᛈ",212
"wast",500841,1,"ᚹᚪᛋᛏ",228
"watt",1095661,0,"ᚹᚪᛏᛏ",234
"wave",41773662,1,"ᚹᚪᚢᛖ",186
"waving",4900622,1,"ᚹᚪᚢᛝ",198
"wavy",1441805,1,"ᚹᚪᚢᚣ",222
"waxing",599222,1,"ᚹᚪᛉᛝ",242
"waxy",654920,1,"ᚹᚪᛉᚣ",266
"ways",55045807,1,"ᚹᚪᚣᛋ",272
"weals",43274,1,"ᚹᛠᛚᛋ",254
"wealth",20958981,1,"ᚹᛠᛚᚦ",206
"weaning",1015659,1,"ᚹᛠᚾᛝ",236
"weans",41619,1,"ᚹᛠᚾᛋ",210
"wearing",19480832,1,"ᚹᛠᚱᛝ",218
"wears",2386474,1,"ᚹᛠᚱᛋ",192
"weary",4470094,1,"ᚹᛠᚱᚣ",242
"weave",2774553,1,"ᚹᛠᚢᛖ",198
"weaving",4881165,1,"ᚹᛠᚢᛝ",210
"webs",1354158,1,"ᚹᛖᛒᛋ",200
"weds",154976,1,"ᚹᛖᛞᛋ",228
"weed",4136917,1,"ᚹᛖᛖᛞ",242
"weeing",2234,0,"ᚹᛖᛖᛝ",232
"week",78836088,1,"ᚹᛖᛖᚳ",166
"ween",196027,1,"ᚹᛖᛖᚾ",182
"weep",3533836,1,"ᚹᛖᛖᛈ",196
"weer",39235,0,"ᚹᛖᛖᚱ",164
"wees",25850,0,"ᚹᛖᛖᛋ",206
"weft",751732,1,"ᚹᛖᚠᛏ",147
"weir",807000,1,"ᚹᛖᛁᚱ",128
"weld",2115817,1,"ᚹᛖᛚᛞ",248
"well",608640448,1,"ᚹᛖᛚᛚ",232
"welt",212088,0,"ᚹᛖᛚᛏ",218
"wend",171475,0,"ᚹᛖᚾᛞ",204
"wens",32446,0,"ᚹᛖᚾᛋ",168
"went",110221165,1,"ᚹᛖᚾᛏ",174
"wept",2023833,1,"ᚹᛖᛈᛏ",188
"were",2258807796,1,"ᚹᛖᚱᛖ",164
"west",53102304,1,"ᚹᛖᛋᛏ",198
"wets",200130,1,"ᚹᛖᛏᛋ",198
"wham",71503,0,"ᚹᚻᚪᛗ",210
"what",890180124,1,"ᚹᚻᚪᛏ",198
"wheal",141919,1,"ᚹᚻᛠᛚ",224
"wheat",19386754,1,"ᚹᚻᛠᛏ",210
"whee",25490,0,"ᚹᚻᛖᛖ",176
"when",1141910832,1,"ᚹᚻᛖᚾ",138
"whet",332504,1,"ᚹᚻᛖᛏ",168
"whew",32068,0,"ᚹᚻᛖᚹ",128
"whey",780876,1,"ᚹᚻᛖᚣ",212
"whim",1626333,1,"ᚹᚻᛁᛗ",144
"whinge",10147,0,"ᚹᚻᛝᛖ",188
"whinging",7270,0,"ᚹᚻᛝᛝ",200
"whip",4545590,1,"ᚹᚻᛁᛈ",116
"whir",165822,0,"ᚹᚻᛁᚱ",84
"whit",837816,1,"ᚹᚻᛁᛏ",132
"whiz",311684,1,"ᚹᚻᛁᛋ",126
"whoa",93607,1,"ᚹᚻᚩᚪ",146
"whom",82452340,1,"ᚹᚻᚩᛗ",120
"whop",21129,0,"ᚹᚻᚩᛈ",92
"whup",31625,0,"ᚹᚻᚢᛈ",88
"whys",192443,1,"ᚹᚻᚣᛋ",198
"wick",956212,1,"ᚹᛁᚳᚳ",76
"wide",85872470,1,"ᚹᛁᛞᛖ",206
"width",19601643,1,"ᚹᛁᛞᚦ",144
"wife",57530860,1,"ᚹᛁᚠᛖ",119
"wigs",603564,1,"ᚹᛁᚷᛋ",120
"wiki",102804,1,"ᚹᛁᚳᛁ",94
"wild",42293554,1,"ᚹᛁᛚᛞ",212
"wile",180675,1,"ᚹᛁᛚᛖ",190
"wiling",16698,0,"ᚹᛁᛚᛝ",202
"will",1447562252,1,"ᚹᛁᛚᛚ",196
"wilt",3087639,1,"ᚹᛁᛚᛏ",182
"wily",921655,1,"ᚹᛁᛚᚣ",226
"wimp",140577,1,"ᚹᛁᛗᛈ",164
"wind",51993720,1,"ᚹᛁᚾᛞ",168
"wine",15696197,1,"ᚹᛁᚾᛖ",146
"wingding",4624,0,"ᚹᛝᛞᛝ",266
"winged",3349827,1,"ᚹᛝᛖᛞ",254
"winger",99675,1,"ᚹᛝᛖᚱ",176
"wining",58638,1,"ᚹᛁᚾᛝ",158
"wink",1400006,1,"ᚹᛁᚾᚳ",92
"wino",57840,0,"ᚹᛁᚾᚩ",86
"wins",3827536,1,"ᚹᛁᚾᛋ",132
"winy",16840,1,"ᚹᛁᚾᚣ",182
"wipe",1722833,1,"ᚹᛁᛈᛖ",160
"wiping",1000248,1,"ᚹᛁᛈᛝ",172
"wire",25953564,1,"ᚹᛁᚱᛖ",128
"wiring",2448822,1,"ᚹᛁᚱᛝ",140
"wiry",396968,1,"ᚹᛁᚱᚣ",164
"wise",15041647,1,"ᚹᛁᛋᛖ",170
"wish",71236120,1,"ᚹᛁᛋᚻ",126
"wising",6244,0,"ᚹᛁᛋᛝ",182
"wisp",569785,1,"ᚹᛁᛋᛈ",146
"wist",123614,1,"ᚹᛁᛋᛏ",162
"withe",69562,1,"ᚹᛁᚦᛖ",122
"withing",11663,0,"ᚹᛁᚦᛝ",134
"wits",2966773,1,"ᚹᛁᛏᛋ",162
"wive",29989,1,"ᚹᛁᚢᛖ",120
"wiving",5193,0,"ᚹᛁᚢᛝ",132
"wkly",4027,0,"ᚹᚳᛚᚣ",208
"woad",95410,1,"ᚹᚩᚪᛞ",212
"wogs",19732,0,"ᚹᚩᚷᛋ",96
"woke",2489979,1,"ᚹᚩᚳᛖ",106
"woks",17528,1,"ᚹᚩᚳᛋ",92
"wold",269375,1,"ᚹᚩᛚᛞ",188
"wolf",5199504,1,"ᚹᚩᛚᚠ",101
"womb",3815753,1,"ᚹᚩᛗᛒ",158
"wonk",15643,0,"ᚹᚩᚾᚳ",68
"wont",3670560,1,"ᚹᚩᚾᛏ",114
"wood",47722088,1,"ᚹᚩᚩᛞ",122
"wooed",481061,1,"ᚹᚩᛟᛞ",198
"wooer",96137,1,"ᚹᚩᛟᚱ",120
"woof",379822,1,"ᚹᚩᚩᚠ",35
"wooing",657452,1,"ᚹᚩᚩᛝ",112
"wool",11474244,1,"ᚹᚩᚩᛚ",106
"woos",99605,1,"ᚹᚩᚩᛋ",86
"wops",21676,1,"ᚹᚩᛈᛋ",122
"word",164081240,1,"ᚹᚩᚱᛞ",126
"wore",9262369,1,"ᚹᚩᚱᛖ",104
"work",591878281,1,"ᚹᚩᚱᚳ",50
"worm",2555500,1,"ᚹᚩᚱᛗ",108
"worn",18766434,1,"ᚹᚩᚱᚾ",66
"wort",687163,1,"ᚹᚩᚱᛏ",96
"worth",58095584,1,"ᚹᚩᚱᚦ",42
"wost",7304,0,"ᚹᚩᛋᛏ",138
"wove",894621,1,"ᚹᚩᚢᛖ",96
"wowing",13670,1,"ᚹᚩᚹᛝ",124
"wows",36328,0,"ᚹᚩᚹᛋ",98
"wrap",3586818,1,"ᚹᚱᚪᛈ",170
"wrath",6831049,1,"ᚹᚱᚪᚦ",132
"wreak",540778,1,"ᚹᚱᛠᚳ",152
"wreath",1708505,1,"ᚹᚱᛠᚦ",144
"wren",382965,1,"ᚹᚱᛖᚾ",126
"wringing",620090,1,"ᚹᚱᛝᛝ",188
"wrings",97877,1,"ᚹᚱᛝᛋ",162
"writ",6315984,1,"ᚹᚱᛁᛏ",120
"wrong",66303212,1,"ᚹᚱᚩᛝ",116
"wroth",230678,1,"ᚹᚱᚩᚦ",42
"wrung",1243261,1,"ᚹᚱᚢᛝ",112
"wuss",43813,0,"ᚹᚢᛋᛋ",128
"xcii",49072,0,"ᛉᚳᛁᛁ",122
"xciv",48658,0,"ᛉᚳᛁᚢ",94
"xcix",38800,0,"ᛉᚳᛁᛉ",138
"xcvi",45855,0,"ᛉᚳᚢᛁ",94
"xiii",4789057,0,"ᛉᛁᛁᛁ",140
"xref",33967,0,"ᛉᚱᛖᚠ",127
"xvii",3079174,0,"ᛉᚢᛁᛁ",112
"xxii",1836603,0,"ᛉᛉᛁᛁ",156
"xxiv",1566375,0,"ᛉᛉᛁᚢ",128
"xxix",824169,0,"ᛉᛉᛁᛉ",172
"xxvi",1225739,0,"ᛉᛉᚢᛁ",128
"xxxi",793018,0,"ᛉᛉᛉᛁ",172
"xxxv",538681,0,"ᛉᛉᛉᚢ",144
"yack",6635,1,"ᚣᚪᚳᚳ",226
"yaks",130283,0,"ᚣᚪᚳᛋ",266
"yams",716607,0,"ᚣᚪᛗᛋ",324
"yank",276355,1,"ᚣᚪᚾᚳ",242
"yaps",19539,1,"ᚣᚪᛈᛋ",296
"yard",16059068,1,"ᚣᚪᚱᛞ",300
"yarn",3900814,1,"ᚣᚪᚱᚾ",240
"yawing",86347,0,"ᚣᚪᚹᛝ",298
"yawl",159343,0,"ᚣᚪᚹᛚ",292
"yawn",711027,1,"ᚣᚪᚹᚾ",248
"yaws",182271,0,"ᚣᚪᚹᛋ",272
"yeahs",10916,0,"ᚣᛠᚻᛋ",288
"yearn",723044,1,"ᚣᛠᚱᚾ",252
"years",272448334,1,"ᚣᛠᚱᛋ",276
"yeast",2635469,1,"ᚣᛠᛋᛏ",324
"yegg",7436,0,"ᚣᛖᚷᚷ",204
"yell",2114584,1,"ᚣᛖᛚᛚ",316
"yelp",246669,1,"ᚣᛖᛚᛈ",286
"yens",18042,0,"ᚣᛖᚾᛋ",252
"yeps",391,0,"ᚣᛖᛈᛋ",266
"yest",12107,1,"ᚣᛖᛋᛏ",282
"yeti",36350,0,"ᚣᛖᛏᛁ",260
"yews",132126,1,"ᚣᛖᚹᛋ",242
"yids",3732,0,"ᚣᛁᛞᛋ",276
"yipe",1236,0,"ᚣᛁᛈᛖ",244
"yips",24818,1,"ᚣᛁᛈᛋ",230
"yobs",11484,1,"ᚣᚩᛒᛋ",224
"yoga",1939182,1,"ᚣᚩᚷᚪ",224
"yogi",348373,0,"ᚣᚩᚷᛁ",158
"yoke",3945165,1,"ᚣᚩᚳᛖ",190
"yoking",94622,0,"ᚣᚩᚳᛝ",202
"yolk",2110551,1,"ᚣᚩᛚᚳ",196
"yore",667454,1,"ᚣᚩᚱᛖ",188
"york",189277,0,"ᚣᚩᚱᚳ",134
"young",101306436,1,"ᚣᚩᚢᛝ",192
"your",687963634,1,"ᚣᚩᚢᚱ",124
"yous",94904,0,"ᚣᚩᚢᛋ",166
"youth",21224030,1,"ᚣᚩᚢᚦ",118
"yowl",41283,1,"ᚣᚩᚹᛚ",202
"yuan",1305162,0,"ᚣᚢᚪᚾ",232
"yuck",26067,1,"ᚣᚢᚳᚳ",132
"yuks",2947,0,"ᚣᚢᚳᛋ",172
"yule",34760,0,"ᚣᚢᛚᛖ",246
"yups",834,0,"ᚣᚢᛈᛋ",202
"yurt",84095,1,"ᚣᚢᚱᛏ",176
"zany",146591,0,"ᛋᚪᚾᚣ",282
"zaps",18940,0,"ᛋᚪᛈᛋ",246
"zebu",56880,0,"ᛋᛖᛒᚢ",184
"zeds",1482,0,"ᛋᛖᛞᛋ",262
"zens",44605,1,"ᛋᛖᚾᛋ",202
"zero",32260532,1,"ᛋᛖᚱᚩ",138
"zest",1620426,1,"ᛋᛖᛋᛏ",232
"zeta",180339,1,"ᛋᛖᛏᚪ",276
"zinc",9293034,0,"ᛋᛁᚾᚳ",126
"zine",123905,0,"ᛋᛁᚾᛖ",180
"zinged",18621,0,"ᛋᛝᛖᛞ",288
"zinger",19894,0,"ᛋᛝᛖᚱ",210
"zips",60073,1,"ᛋᛁᛈᛋ",180
"zits",20639,0,"ᛋᛁᛏᛋ",196
"zone",14428889,1,"ᛋᚩᚾᛖ",156
"zoning",3059776,1,"ᛋᚩᚾᛝ",168
"zoom",982558,1,"ᛋᚩᚩᛗ",138
"zoos",397328,1,"ᛋᚩᚩᛋ",120
