should,1739126884,1,ᛋᚻᚩᚢᛚᛞ,248
through,1270520994,1,ᚦᚱᚩᚢᚷᚻ,66
before,1245401298,1,ᛒᛖᚠᚩᚱᛖ,215
states,1072103037,1,ᛋᛏᚪᛏᛖᛋ,388
number,1014219876,1,ᚾᚢᛗᛒᛖᚱ,242
public,967067809,1,ᛈᚢᛒᛚᛁᚳ,224
system,947750181,1,ᛋᚣᛋᛏᛖᛗ,406
without,931027965,1,ᚹᛁᚦᚩᚢᛏ,124
section,901140354,1,ᛋᛖᚳᛏᛡᚾ,328
united,850498235,1,ᚢᚾᛁᛏᛖᛞ,278
another,776983674,1,ᚪᚾᚩᚦᛖᚱ,216
little,771410786,1,ᛚᛁᛏᛏᛚᛖ,362
school,716370808,1,ᛋᚳᚻᚩᚩᛚ,176
second,693774645,1,ᛋᛖᚳᚩᚾᛞ,258
report,641067075,1,ᚱᛖᛈᚩᚱᛏ,198
office,566548477,1,ᚩᚠᚠᛁᚳᛖ,122
whether,562582068,1,ᚹᚻᛖᚦᛖᚱ,192
called,558693043,1,ᚳᚪᛚᛚᛖᛞ,412
county,545035508,1,ᚳᚩᚢᚾᛏᚣ,214
course,534970248,1,ᚳᚩᚢᚱᛋᛖ,154
effect,529054662,1,ᛖᚠᚠᛖᚳᛏ,210
further,520182875,1,ᚠᚢᚱᚦᛖᚱ,99
person,517128451,1,ᛈᛖᚱᛋᚩᚾ,210
amount,511265136,1,ᚪᛗᚩᚢᚾᛏ,266
family,478817464,1,ᚠᚪᛗᛁᛚᚣ,377
special,470864243,1,ᛋᛈᛖᚳᛡᛚ,356
thought,469833607,1,ᚦᚩᚢᚷᚻᛏ,114
always,465295227,1,ᚪᛚᚹᚪᚣᛋ,442
figure,454268169,1,ᚠᛁᚷᚢᚱᛖ,131
matter,448773030,1,ᛗᚪᛏᛏᛖᚱ,364
common,447461681,1,ᚳᚩᛗᛗᚩᚾ,198
better,442148997,1,ᛒᛖᛏᛏᛖᚱ,324
various,424962631,1,ᚢᚪᚱᛡᚢᛋ,274
result,421443842,1,ᚱᛖᛋᚢᛚᛏ,266
nature,419604778,1,ᚾᚪᛏᚢᚱᛖ,266
policy,419571552,1,ᛈᚩᛚᛁᚳᚣ,270
become,417361323,1,ᛒᛖᚳᚩᛗᛖ,286
around,412660230,1,ᚪᚱᚩᚢᚾᛞ,236
london,391652633,1,ᛚᚩᚾᛞᚩᚾ,234
something,381984298,1,ᛋᚩᛗᛖᚦᛝ,282
almost,380769334,1,ᚪᛚᛗᚩᛋᛏ,360
church,375844193,1,ᚳᚻᚢᚱᚳᚻ,86
already,363093454,1,ᚪᛚᚱᛠᛞᚣ,482
english,360287017,1,ᛖᛝᛚᛁᛋᚻ,326
member,359915552,1,ᛗᛖᛗᛒᛖᚱ,348
energy,359056976,1,ᛖᚾᛖᚱᚷᚣ,294
street,356190573,1,ᛋᛏᚱᛖᛖᛏ,316
building,355580843,1,ᛒᚢᛁᛚᛞᛝ,336
market,355540645,1,ᛗᚪᚱᚳᛖᛏ,318
itself,350417667,1,ᛁᛏᛋᛖᛚᚠ,285
income,336802562,1,ᛁᚾᚳᚩᛗᛖ,218
higher,330319230,1,ᚻᛁᚷᚻᛖᚱ,172
rights,328991038,1,ᚱᛁᚷᚻᛏᛋ,194
changes,327320811,1,ᚳᚻᚪᛝᛖᛋ,332
enough,326692042,1,ᛖᚾᚩᚢᚷᚻ,146
future,326198243,1,ᚠᚢᛏᚢᚱᛖ,145
greater,318246570,1,ᚷᚱᛠᛏᛖᚱ,274
ground,312262590,1,ᚷᚱᚩᚢᚾᛞ,156
except,305651341,1,ᛖᛉᚳᛖᛈᛏ,296
series,305597470,1,ᛋᛖᚱᛁᛖᛋ,282
review,293801000,1,ᚱᛖᚢᛁᛖᚹ,198
became,291786510,1,ᛒᛖᚳᚪᛗᛖ,376
groups,287784198,1,ᚷᚱᚩᚢᛈᛋ,134
training,287315279,1,ᛏᚱᚪᛁᚾᛝ,306
design,287309031,1,ᛞᛖᛋᛁᚷᚾ,286
million,285041598,1,ᛗᛁᛚᛚᛡᚾ,384
william,282873103,1,ᚹᛁᛚᛚᛡᛗ,374
return,281636703,1,ᚱᛖᛏᚢᚱᚾ,180
annual,279254931,1,ᚪᚾᚾᚢᚪᛚ,328
record,279120601,1,ᚱᛖᚳᚩᚱᛞ,198
england,277160992,1,ᛖᛝᛚᚪᚾᛞ,434
methods,273236874,1,ᛗᛖᚦᚩᛞᛋ,292
letter,273092391,1,ᛚᛖᛏᛏᛖᚱ,336
center,267090050,1,ᚳᛖᚾᛏᛖᚱ,246
direct,262254088,1,ᛞᛁᚱᛖᚳᛏ,270
opinion,257493901,1,ᚩᛈᛁᚾᛡᚾ,246
source,256088334,1,ᛋᚩᚢᚱᚳᛖ,154
notice,255361211,1,ᚾᚩᛏᛁᚳᛖ,206
french,254158020,1,ᚠᚱᛖᚾᚳᚻ,145
values,252710015,1,ᚢᚪᛚᚢᛖᛋ,296
points,252271653,1,ᛈᚩᛁᚾᛏᛋ,222
supply,246828198,1,ᛋᚢᛈᛈᛚᚣ,318
manner,246199433,1,ᛗᚪᚾᚾᛖᚱ,304
volume,242195524,1,ᚢᚩᛚᚢᛗᛖ,224
answer,241794471,1,ᚪᚾᛋᚹᛖᚱ,276
twenty,240582683,1,ᛏᚹᛖᚾᛏᚣ,336
looked,239736865,1,ᛚᚩᚩᚳᛖᛞ,256
passed,237984377,1,ᛈᚪᛋᛋᛖᛞ,402
across,235579946,1,ᚪᚳᚱᚩᛋᛋ,234
toward,234391437,1,ᛏᚩᚹᚪᚱᛞ,282
placed,232885604,1,ᛈᛚᚪᚳᛖᛞ,382
charge,229656233,1,ᚳᚻᚪᚱᚷᛖ,228
indeed,229569491,1,ᛁᚾᛞᛖᛖᛞ,372
degree,229400218,1,ᛞᛖᚷᚱᛖᛖ,318
disease,226033248,1,ᛞᛁᛋᛠᛋᛖ,402
modern,225783137,1,ᛗᚩᛞᛖᚱᚾ,274
normal,225368710,1,ᚾᚩᚱᛗᚪᛚ,288
latter,224655715,1,ᛚᚪᛏᛏᛖᚱ,366
moment,222568281,1,ᛗᚩᛗᛖᚾᛏ,304
recent,221366662,1,ᚱᛖᚳᛖᚾᛏ,246
extent,221324532,1,ᛖᛉᛏᛖᚾᛏ,328
august,217699513,1,ᚪᚢᚷᚢᛋᛏ,232
needed,217541323,1,ᚾᛖᛖᛞᛖᛞ,408
likely,217276265,1,ᛚᛁᚳᛖᛚᚣ,360
former,217251481,1,ᚠᚩᚱᛗᛖᚱ,169
middle,215121929,1,ᛗᛁᛞᛞᛚᛖ,420
turned,215006760,1,ᛏᚢᚱᚾᛖᛞ,258
agency,214822285,1,ᚪᚷᛖᚾᚳᚣ,326
issues,213423875,1,ᛁᛋᛋᚢᛖᛋ,260
beyond,213296480,1,ᛒᛖᚣᚩᚾᛞ,356
simple,212366044,1,ᛋᛁᛗᛈᛚᛖ,338
proper,212198538,1,ᛈᚱᚩᛈᛖᚱ,182
instead,212135444,1,ᛁᚾᛋᛏᛠᛞ,370
appears,211917901,1,ᚪᛈᛈᛠᚱᛋ,356
unless,210690630,1,ᚢᚾᛚᛖᛋᛋ,278
weight,206884066,1,ᚹᛖᛁᚷᚻᛏ,216
behind,203723026,1,ᛒᛖᚻᛁᚾᛞ,300
seemed,201090678,1,ᛋᛖᛖᛗᛖᛞ,414
levels,200008442,1,ᛚᛖᚢᛖᛚᛋ,336
stated,198757163,1,ᛋᛏᚪᛏᛖᛞ,424
plants,195757714,1,ᛈᛚᚪᚾᛏᛋ,354
regard,194534731,1,ᚱᛖᚷᚪᚱᛞ,292
planning,193461285,1,ᛈᛚᚪᚾᚾᛝ,350
france,193024514,1,ᚠᚱᚪᚾᚳᛖ,219
demand,191922338,1,ᛞᛖᛗᚪᚾᛞ,442
credit,191475523,1,ᚳᚱᛖᛞᛁᛏ,270
object,190461010,1,ᚩᛒᛂᛖᚳᛏ,244
prices,190427680,1,ᛈᚱᛁᚳᛖᛋ,218
wanted,190077452,1,ᚹᚪᚾᛏᛖᛞ,360
entire,189900116,1,ᛖᚾᛏᛁᚱᛖ,264
station,187944582,1,ᛋᛏᚪᛏᛡᚾ,404
canada,187759881,1,ᚳᚪᚾᚪᛞᚪ,422
spirit,186427168,1,ᛋᛈᛁᚱᛁᛏ,228
europe,186348780,1,ᛖᚢᚱᚩᛈᛖ,198
senate,186306185,1,ᛋᛖᚾᚪᛏᛖ,372
german,186102534,1,ᚷᛖᚱᛗᚪᚾ,292
claims,185758700,1,ᚳᛚᚪᛁᛗᛋ,338
survey,184494986,1,ᛋᚢᚱᚢᛖᚣ,240
robert,183494752,1,ᚱᚩᛒᛖᚱᛏ,216
larger,183228279,1,ᛚᚪᚱᚷᛖᚱ,276
simply,182820353,1,ᛋᛁᛗᛈᛚᚣ,374
friend,182033314,1,ᚠᚱᛁᛖᚾᛞ,229
existing,181799782,1,ᛖᛉᛁᛋᛏᛝ,336
clearly,181398370,1,ᚳᛚᛠᚱᛚᚣ,382
actual,181288766,1,ᚪᚳᛏᚢᚪᛚ,342
forces,180990099,1,ᚠᚩᚱᚳᛖᛋ,153
earlier,180800070,1,ᛠᚱᛚᛁᛖᚱ,302
safety,180356706,1,ᛋᚪᚠᛖᛏᚣ,381
issued,180149491,1,ᛁᛋᛋᚢᛖᛞ,296
island,179454800,1,ᛁᛋᛚᚪᚾᛞ,372
estate,178899563,1,ᛖᛋᛏᚪᛏᛖ,402
portion,178761274,1,ᛈᚩᚱᛏᛡᚾ,256
formed,177060305,1,ᚠᚩᚱᛗᛖᛞ,247
places,175793738,1,ᛈᛚᚪᚳᛖᛋ,346
active,174023848,1,ᚪᚳᛏᛁᚢᛖ,270
strength,172333181,1,ᛋᛏᚱᛖᛝᚦ,274
follow,170113436,1,ᚠᚩᛚᛚᚩᚹ,181
reached,169880024,1,ᚱᛠᚳᚻᛖᛞ,312
measure,169718046,1,ᛗᛠᛋᚢᚱᛖ,314
master,166437362,1,ᛗᚪᛋᛏᛖᚱ,358
status,164152591,1,ᛋᛏᚪᛏᚢᛋ,324
factor,160469456,1,ᚠᚪᚳᛏᚩᚱ,189
police,160416417,1,ᛈᚩᛚᛁᚳᛖ,234
powers,159579686,1,ᛈᚩᚹᛖᚱᛋ,200
caused,159359685,1,ᚳᚪᚢᛋᛖᛞ,322
neither,157845613,1,ᚾᛖᛁᚦᛖᚱ,210
reasons,156356845,1,ᚱᛠᛋᚩᚾᛋ,262
access,156021719,1,ᚪᚳᚳᛖᛋᛋ,296
nations,155076803,1,ᚾᚪᛏᛡᚾᛋ,374
events,154535236,1,ᛖᚢᛖᚾᛏᛋ,278
summer,153462286,1,ᛋᚢᛗᛗᛖᚱ,276
remain,152588724,1,ᚱᛖᛗᚪᛁᚾ,306
papers,152531399,1,ᛈᚪᛈᛖᚱᛋ,314
showed,151865926,1,ᛋᚻᚩᚹᛖᛞ,258
effort,150787291,1,ᛖᚠᚠᚩᚱᛏ,148
serious,150475938,1,ᛋᛖᚱᛡᚢᛋ,294
raised,150205152,1,ᚱᚪᛁᛋᛖᛞ,348
sample,149627428,1,ᛋᚪᛗᛈᛚᛖ,404
myself,149229936,1,ᛗᚣᛋᛖᛚᚠ,369
created,146823156,1,ᚳᚱᛠᛏᛖᛞ,348
forest,146201796,1,ᚠᚩᚱᛖᛋᛏ,199
agreed,145948139,1,ᚪᚷᚱᛖᛖᛞ,348
impact,145827537,1,ᛁᛗᛈᚪᚳᛏ,314
orders,145782208,1,ᚩᚱᛞᛖᚱᛋ,238
highly,145727348,1,ᚻᛁᚷᚻᛚᚣ,270
useful,144288192,1,ᚢᛋᛖᚠᚢᛚ,201
courts,141228036,1,ᚳᚩᚢᚱᛏᛋ,146
worked,141205882,1,ᚹᚩᚱᚳᛖᛞ,206
merely,140688817,1,ᛗᛖᚱᛖᛚᚣ,392
obtain,140252648,1,ᚩᛒᛏᚪᛁᚾ,284
served,139933160,1,ᛋᛖᚱᚢᛖᛞ,290
christ,139871893,1,ᚳᚻᚱᛁᛋᛏ,190
initial,139590759,1,ᛁᚾᛁᛏᛡᛚ,330
square,139192619,1,ᛋᚳᚹᚪᚱᛖ,260
inside,138520006,1,ᛁᚾᛋᛁᛞᛖ,300
treated,138480711,1,ᛏᚱᛠᛏᛖᛞ,394
duties,138190111,1,ᛞᚢᛏᛁᛖᛋ,302
standing,137422940,1,ᛋᛏᚪᚾᛞᛝ,406
africa,136038218,1,ᚪᚠᚱᛁᚳᚪ,251
relief,135662568,1,ᚱᛖᛚᛁᛖᚠ,251
desire,135423175,1,ᛞᛖᛋᛁᚱᛖ,318
choice,135373918,1,ᚳᚻᚩᛁᚳᛖ,154
teacher,134714145,1,ᛏᛠᚳᚻᛖᚱ,282
brother,134597254,1,ᛒᚱᚩᚦᛖᚱ,162
eastern,134472975,1,ᛠᛋᛏᛖᚱᚾ,328
labour,133946919,1,ᛚᚪᛒᚩᚢᚱ,252
budget,133228839,1,ᛒᚢᛞᚷᛖᛏ,296
cities,133185029,1,ᚳᛁᛏᛁᛖᛋ,254
changed,132602170,1,ᚳᚻᚪᛝᛖᛞ,368
animal,131648170,1,ᚪᚾᛁᛗᚪᛚ,398
branch,131253507,1,ᛒᚱᚪᚾᚳᚻ,234
actions,130518327,1,ᚪᚳᛏᛡᚾᛋ,358
closed,130257345,1,ᚳᛚᚩᛋᛖᛞ,302
winter,128136106,1,ᚹᛁᚾᛏᛖᚱ,216
double,127532080,1,ᛞᚩᚢᛒᛚᛖ,300
reaction,127508497,1,ᚱᛠᚳᛏᛡᚾ,328
output,127475815,1,ᚩᚢᛏᛈᚢᛏ,174
mental,127297967,1,ᛗᛖᚾᛏᚪᛚ,396
opened,126672821,1,ᚩᛈᛖᚾᛖᛞ,302
houses,125726595,1,ᚻᚩᚢᛋᛖᛋ,206
causes,125403586,1,ᚳᚪᚢᛋᛖᛋ,286
speech,125364485,1,ᛋᛈᛖᛖᚳᚻ,266
fiscal,124443750,1,ᚠᛁᛋᚳᚪᛚ,269
fields,124175535,1,ᚠᛁᛖᛚᛞᛋ,315
relating,122094481,1,ᚱᛖᛚᚪᛏᛝ,386
nuclear,121960619,1,ᚾᚢᚳᛚᛠᚱ,238
models,121803358,1,ᛗᚩᛞᛖᛚᛋ,360
learned,120764418,1,ᛚᛠᚱᚾᛖᛞ,378
whereas,120198360,1,ᚹᚻᛖᚱᛠᛋ,282
valley,120154104,1,ᚢᚪᛚᛚᛖᚣ,416
female,120015124,1,ᚠᛖᛗᚪᛚᛖ,377
marked,119957670,1,ᛗᚪᚱᚳᛖᛞ,348
boston,119785935,1,ᛒᚩᛋᛏᚩᚾ,216
soviet,118759891,1,ᛋᚩᚢᛁᛖᛏ,220
session,118349547,1,ᛋᛖᛋᛋᛡᚾ,362
someone,117474060,1,ᛋᚩᛗᛇᚾᛖ,268
centre,117346442,1,ᚳᛖᚾᛏᚱᛖ,246
memory,117260150,1,ᛗᛖᛗᚩᚱᚣ,330
engaged,116038857,1,ᛖᛝᚪᚷᛖᛞ,416
bottom,115921196,1,ᛒᚩᛏᛏᚩᛗ,264
inches,115917934,1,ᛁᚾᚳᚻᛖᛋ,216
native,115528766,1,ᚾᚪᛏᛁᚢᛖ,286
reduce,115231845,1,ᚱᛖᛞᚢᚳᛖ,250
permit,113605339,1,ᛈᛖᚱᛗᛁᛏ,282
stress,112926543,1,ᛋᛏᚱᛖᛋᛋ,296
filled,112079800,1,ᚠᛁᛚᛚᛖᛞ,335
assets,112072117,1,ᚪᛋᛋᛖᛏᛋ,382
attack,111944022,1,ᚪᛏᛏᚪᚳᚳ,338
medium,111873971,1,ᛗᛖᛞᛁᚢᛗ,332
agents,111649296,1,ᚪᚷᛖᚾᛏᛋ,322
origin,111385588,1,ᚩᚱᛁᚷᛁᚾ,126
damage,111177244,1,ᛞᚪᛗᚪᚷᛖ,438
edition,109564641,1,ᛖᛞᛁᛏᛡᚾ,382
occurs,109306013,1,ᚩᚳᚳᚢᚱᛋ,100
proved,109243157,1,ᛈᚱᚩᚢᛖᛞ,220
silver,109172106,1,ᛋᛁᛚᚢᛖᚱ,238
failed,109012571,1,ᚠᚪᛁᛚᛖᛞ,359
accept,108065473,1,ᚪᚳᚳᛖᛈᛏ,292
bridge,107560458,1,ᛒᚱᛁᛞᚷᛖ,276
pounds,106934599,1,ᛈᚩᚢᚾᛞᛋ,224
joseph,106768015,1,ᛂᚩᛋᛖᛈᚻ,230
edward,105380453,1,ᛖᛞᚹᚪᚱᛞ,372
bodies,105313149,1,ᛒᚩᛞᛁᛖᛋ,308
mexico,104478342,1,ᛗᛖᛉᛁᚳᚩ,236
editor,103845170,1,ᛖᛞᛁᛏᚩᚱ,264
injury,103836673,1,ᛁᚾᛂᚢᚱᚣ,214
limits,102877016,1,ᛚᛁᛗᛁᛏᛋ,318
scheme,102771082,1,ᛋᚳᚻᛖᛗᛖ,294
chance,102224832,1,ᚳᚻᚪᚾᚳᛖ,242
sector,101565447,1,ᛋᛖᚳᛏᚩᚱ,210
leaders,101198936,1,ᛚᛠᛞᛖᚱᛋ,402
carrying,101041461,1,ᚳᚪᚱᚱᚣᛝ,314
travel,100852908,1,ᛏᚱᚪᚢᛖᛚ,310
profit,99736256,1,ᛈᚱᚩᚠᛁᛏ,153
cotton,99610196,1,ᚳᚩᛏᛏᚩᚾ,174
battle,99144816,1,ᛒᚪᛏᛏᛚᛖ,416
signal,98366257,1,ᛋᛁᚷᚾᚪᛚ,300
signed,98328882,1,ᛋᛁᚷᚾᛖᛞ,286
excess,97921922,1,ᛖᛉᚳᛖᛋᛋ,300
window,97603728,1,ᚹᛁᚾᛞᚩᚹ,194
liquid,96322018,1,ᛚᛁᚳᚹᛁᛞ,256
detail,96055207,1,ᛞᛖᛏᚪᛁᛚ,416
museum,95756668,1,ᛗᚢᛋᛖᚢᛗ,268
reality,95624429,1,ᚱᛠᛚᛁᛏᚣ,386
broken,94875269,1,ᛒᚱᚩᚳᛖᚾ,188
affect,94773410,1,ᚪᚠᚠᛖᚳᛏ,240
anyone,94739831,1,ᚪᚾᚣᚩᚾᛖ,332
mission,94413837,1,ᛗᛁᛋᛋᛡᚾ,344
regions,94270235,1,ᚱᛖᚷᛡᚾᛋ,284
russian,94117128,1,ᚱᚢᛋᛋᛡᚾ,256
expect,94074004,1,ᛖᛉᛈᛖᚳᛏ,296
release,93965055,1,ᚱᛖᛚᛠᛋᛖ,380
greatly,93866593,1,ᚷᚱᛠᛏᛚᚣ,372
shares,93323872,1,ᛋᚻᚪᚱᛖᛋ,304
sought,93084376,1,ᛋᚩᚢᚷᚻᛏ,162
yellow,92792148,1,ᚣᛖᛚᛚᚩᚹ,342
height,92759821,1,ᚻᛖᛁᚷᚻᛏ,220
tables,92356618,1,ᛏᚪᛒᛚᛖᛋ,410
doctor,92305989,1,ᛞᚩᚳᛏᚩᚱ,186
severe,92165968,1,ᛋᛖᚢᛖᚱᛖ,268
minute,92144760,1,ᛗᛁᚾᚢᛏᛖ,260
marine,91429077,1,ᛗᚪᚱᛁᚾᛖ,306
global,90983603,1,ᚷᛚᚩᛒᚪᛚ,328
secure,90959238,1,ᛋᛖᚳᚢᚱᛖ,214
carbon,90847982,1,ᚳᚪᚱᛒᚩᚾ,218
twelve,90746123,1,ᛏᚹᛖᛚᚢᛖ,288
authors,90728448,1,ᚪᚢᚦᚩᚱᛋ,176
forced,90706838,1,ᚠᚩᚱᚳᛖᛞ,189
killed,90547825,1,ᚳᛁᛚᛚᛖᛞ,346
monthly,90165945,1,ᛗᚩᚾᚦᛚᚣ,288
garden,90007089,1,ᚷᚪᚱᛞᛖᚾ,310
clause,89864680,1,ᚳᛚᚪᚢᛋᛖ,306
meetings,89442133,1,ᛗᛖᛖᛏᛝᛋ,396
reform,89179424,1,ᚱᛖᚠᚩᚱᛗ,169
cancer,89177198,1,ᚳᚪᚾᚳᛖᚱ,230
oxford,88989217,1,ᚩᛉᚠᚩᚱᛞ,163
periods,88421987,1,ᛈᛖᚱᛡᛞᛋ,370
writer,88193796,1,ᚹᚱᛁᛏᛖᚱ,198
findings,88145831,1,ᚠᛁᚾᛞᛝᛋ,283
hardly,87946672,1,ᚻᚪᚱᛞᛚᚣ,396
assume,87942018,1,ᚪᛋᛋᚢᛗᛖ,344
copper,87834887,1,ᚳᚩᛈᛈᛖᚱ,184
vessel,87815414,1,ᚢᛖᛋᛋᛖᛚ,316
feature,87042241,1,ᚠᛠᛏᚢᚱᛖ,251
waters,86878095,1,ᚹᚪᛏᛖᚱᛋ,306
device,86644307,1,ᛞᛖᚢᛁᚳᛖ,270
prince,86100333,1,ᛈᚱᛁᚾᚳᛖ,194
speaker,85967549,1,ᛋᛈᛠᚳᛖᚱ,296
skills,85857333,1,ᛋᚳᛁᛚᛚᛋ,296
career,85777752,1,ᚳᚪᚱᛖᛖᚱ,266
mainly,85684791,1,ᛗᚪᛁᚾᛚᚣ,404
sister,85527767,1,ᛋᛁᛋᛏᛖᚱ,274
avenue,84817867,1,ᚪᚢᛖᚾᚢᛖ,266
chosen,84676414,1,ᚳᚻᚩᛋᛖᚾ,192
pieces,84470793,1,ᛈᛁᛖᚳᛖᛋ,274
column,84382219,1,ᚳᚩᛚᚢᛗᚾ,196
obvious,84186606,1,ᚩᛒᚢᛡᚢᛋ,234
slowly,83669333,1,ᛋᛚᚩᚹᛚᚣ,328
ensure,83544511,1,ᛖᚾᛋᚢᚱᛖ,230
formal,83287121,1,ᚠᚩᚱᛗᚪᛚ,261
becoming,82326183,1,ᛒᛖᚳᚩᛗᛝ,298
unable,82259295,1,ᚢᚾᚪᛒᛚᛖ,330
export,81887439,1,ᛖᛉᛈᚩᚱᛏ,234
troops,81811498,1,ᛏᚱᚩᚩᛈᛋ,180
indians,81283896,1,ᛁᚾᛞᛡᚾᛋ,338
advice,81217679,1,ᚪᛞᚢᛁᚳᛖ,300
michael,81187794,1,ᛗᛁᚳᚻᚫᛚ,312
fellow,81000181,1,ᚠᛖᛚᛚᚩᚹ,241
exists,80790039,1,ᛖᛉᛁᛋᛏᛋ,310
remove,80737303,1,ᚱᛖᛗᚩᚢᛖ,226
copies,80722347,1,ᚳᚩᛈᛁᛖᛋ,214
fairly,80313188,1,ᚠᚪᛁᚱᛚᚣ,317
pretty,80261913,1,ᛈᚱᛖᛏᛏᚣ,342
strike,80089241,1,ᛋᛏᚱᛁᚳᛖ,234
belief,80033293,1,ᛒᛖᛚᛁᛖᚠ,301
narrow,80001583,1,ᚾᚪᚱᚱᚩᚹ,174
martin,79956293,1,ᛗᚪᚱᛏᛁᚾ,298
circle,79808899,1,ᚳᛁᚱᚳᛚᛖ,208
sexual,79524244,1,ᛋᛖᛉᚢᚪᛚ,340
played,79505777,1,ᛈᛚᚪᚣᛖᛞ,472
creation,79484395,1,ᚳᚱᛠᛏᛡᚾ,328
printing,79055332,1,ᛈᚱᛁᚾᛏᛝ,252
tissue,78527371,1,ᛏᛁᛋᛋᚢᛖ,266
billion,78397012,1,ᛒᛁᛚᛚᛡᚾ,374
denied,78334933,1,ᛞᛖᚾᛁᛖᛞ,372
version,77925837,1,ᚢᛖᚱᛋᛡᚾ,270
corner,77759344,1,ᚳᚩᚱᚾᛖᚱ,138
secret,77674807,1,ᛋᛖᚳᚱᛖᛏ,270
thereby,77538833,1,ᚦᛖᚱᛖᛒᚣ,314
patent,77526227,1,ᛈᚪᛏᛖᚾᛏ,354
therapy,76634693,1,ᚦᛖᚱᚪᛈᚣ,326
empire,76535721,1,ᛖᛗᛈᛁᚱᛖ,290
choose,76418116,1,ᚳᚻᚩᚩᛋᛖ,170
wilson,76140197,1,ᚹᛁᛚᛋᚩᚾ,212
behalf,76119587,1,ᛒᛖᚻᚪᛚᚠ,323
listed,76004673,1,ᛚᛁᛋᛏᛖᛞ,372
jewish,75776380,1,ᛂᛖᚹᛁᛋᚻ,230
mention,75299921,1,ᛗᛖᚾᛏᛡᚾ,362
starting,75244086,1,ᛋᛏᚪᚱᛏᛝ,358
walked,75240574,1,ᚹᚪᛚᚳᛖᛞ,358
target,75176002,1,ᛏᚪᚱᚷᛖᛏ,310
flight,75044835,1,ᚠᛚᛁᚷᚻᛏ,205
losses,74810389,1,ᛚᚩᛋᛋᛖᛋ,306
offers,74629234,1,ᚩᚠᚠᛖᚱᛋ,142
cattle,74035883,1,ᚳᚪᛏᛏᛚᛖ,368
divine,74016381,1,ᛞᛁᚢᛁᚾᛖ,250
owners,73789615,1,ᚩᚹᚾᛖᚱᛋ,186
stands,73670369,1,ᛋᛏᚪᚾᛞᛋ,380
famous,73406308,1,ᚠᚪᛗᚩᚢᛋ,233
partly,73385591,1,ᛈᚪᚱᛏᛚᚣ,386
strange,73132251,1,ᛋᛏᚱᚪᛝᛖ,366
joined,72840928,1,ᛂᚩᛁᚾᛖᛞ,260
unique,72635664,1,ᚢᚾᛁᚳᚹᛖ,162
select,72428922,1,ᛋᛖᛚᛖᚳᛏ,332
widely,72380828,1,ᚹᛁᛞᛖᛚᚣ,382
mutual,72154970,1,ᛗᚢᛏᚢᚪᛚ,306
bishop,72122569,1,ᛒᛁᛋᚻᚩᛈ,218
bright,71951915,1,ᛒᚱᛁᚷᚻᛏ,202
parent,71876192,1,ᛈᚪᚱᛖᚾᛏ,306
readily,71866976,1,ᚱᛠᛞᛁᛚᚣ,416
feelings,71608534,1,ᚠᛖᛖᛚᛝᛋ,341
taught,71518948,1,ᛏᚪᚢᚷᚻᛏ,258
oxygen,71345870,1,ᚩᛉᚣᚷᛖᚾ,270
grants,71308183,1,ᚷᚱᚪᚾᛏᛋ,266
enable,70421844,1,ᛖᚾᚪᛒᛚᛖ,394
appeals,70342259,1,ᚪᛈᛈᛠᛚᛋ,418
plates,70199781,1,ᛈᛚᚪᛏᛖᛋ,392
extend,69994514,1,ᛖᛉᛏᛖᚾᛞ,358
caught,69987017,1,ᚳᚪᚢᚷᚻᛏ,212
crisis,69635880,1,ᚳᚱᛁᛋᛁᛋ,192
census,69262599,1,ᚳᛖᚾᛋᚢᛋ,218
italian,69237030,1,ᛁᛏᚪᛚᛡᚾ,396
namely,69062161,1,ᚾᚪᛗᛖᛚᚣ,440
happen,68894282,1,ᚻᚪᛈᛈᛖᚾ,302
images,68791785,1,ᛁᛗᚪᚷᛖᛋ,336
debate,68522641,1,ᛞᛖᛒᚪᛏᛖ,440
horses,68285560,1,ᚻᚩᚱᛋᛖᛋ,214
driven,68123804,1,ᛞᚱᛁᚢᛖᚾ,230
stages,68109955,1,ᛋᛏᚪᚷᛖᛋ,346
allows,68041868,1,ᚪᛚᛚᚩᚹᛋ,322
couple,67995930,1,ᚳᚩᚢᛈᛚᛖ,206
aspect,67830915,1,ᚪᛋᛈᛖᚳᛏ,332
salary,67661650,1,ᛋᚪᛚᚪᚱᚣ,434
stores,67515983,1,ᛋᛏᚩᚱᛖᛋ,250
slight,67451917,1,ᛋᛚᛁᚷᚻᛏ,256
miller,66847383,1,ᛗᛁᛚᛚᛖᚱ,326
readers,66581504,1,ᚱᛠᛞᛖᚱᛋ,340
helped,66578722,1,ᚻᛖᛚᛈᛖᛞ,362
exceed,66384000,1,ᛖᛉᚳᛖᛖᛞ,350
escape,66219307,1,ᛖᛋᚳᚪᛈᛖ,340
client,66199200,1,ᚳᛚᛁᛖᚾᛏ,272
handling,66154407,1,ᚻᚪᚾᛞᛚᛝ,390
sunday,66087069,1,ᛋᚢᚾᛞᚪᚣ,374
temple,65915011,1,ᛏᛖᛗᛈᛚᛖ,380
hereby,65861451,1,ᚻᛖᚱᛖᛒᚣ,332
begins,65257284,1,ᛒᛖᚷᛁᚾᛋ,258
mostly,65068961,1,ᛗᚩᛋᛏᛚᚣ,366
visual,65052044,1,ᚢᛁᛋᚢᚪᛚ,260
repair,64970582,1,ᚱᛖᛈᚪᛁᚱ,260
burden,64383736,1,ᛒᚢᚱᛞᛖᚾ,260
colour,63980628,1,ᚳᚩᛚᚩᚢᚱ,114
partial,63929333,1,ᛈᚪᚱᛏᛡᛚ,390
decide,63522417,1,ᛞᛖᚳᛁᛞᛖ,356
jersey,63492984,1,ᛂᛖᚱᛋᛖᚣ,338
angeles,63385698,1,ᚪᛝᛖᛚᛖᛋ,436
errors,63356662,1,ᛖᚱᚱᚩᚱᛋ,160
dinner,63204967,1,ᛞᛁᚾᚾᛖᚱ,256
prison,63115512,1,ᛈᚱᛁᛋᚩᚾ,174
covering,62865618,1,ᚳᚩᚢᛖᚱᛝ,180
taylor,62686798,1,ᛏᚪᚣᛚᚩᚱ,350
deputy,62569025,1,ᛞᛖᛈᚢᛏᚣ,364
equity,62158064,1,ᛖᚳᚹᛁᛏᚣ,292
assist,62012309,1,ᚪᛋᛋᛁᛋᛏ,346
stable,61991932,1,ᛋᛏᚪᛒᛚᛖ,410
judges,61611114,1,ᛂᚢᛞᚷᛖᛋ,266
virtue,61591925,1,ᚢᛁᚱᛏᚢᛖ,174
tested,61564398,1,ᛏᛖᛋᛏᛖᛞ,394
shared,61510113,1,ᛋᚻᚪᚱᛖᛞ,340
manual,60998368,1,ᛗᚪᚾᚢᚪᛚ,370
worker,60933504,1,ᚹᚩᚱᚳᛖᚱ,128
depend,60854268,1,ᛞᛖᛈᛖᚾᛞ,384
kansas,60713711,1,ᚳᚪᚾᛋᚪᛋ,342
submit,60697144,1,ᛋᚢᛒᛗᛁᛏ,278
striking,60685886,1,ᛋᛏᚱᛁᚳᛝ,246
handle,60439494,1,ᚻᚪᚾᛞᛚᛖ,378
pulled,60395094,1,ᛈᚢᛚᛚᛖᛞ,348
border,60267455,1,ᛒᚩᚱᛞᛖᚱ,246
abroad,60110495,1,ᚪᛒᚱᚩᚪᛞ,362
therein,60106710,1,ᚦᛖᚱᛖᛁᚾ,210
prayer,60046121,1,ᛈᚱᚪᚣᛖᚱ,332
guilty,60018625,1,ᚷᚢᛁᛚᛏᚣ,286
wonder,59915129,1,ᚹᚩᚾᛞᛖᚱ,222
argued,59541507,1,ᚪᚱᚷᚢᛖᛞ,284
deemed,59513678,1,ᛞᛖᛖᛗᛖᛞ,450
thermal,58957705,1,ᚦᛖᚱᛗᚪᛚ,324
strain,58764077,1,ᛋᛏᚱᚪᛁᚾ,280
struck,58578726,1,ᛋᛏᚱᚢᚳᚳ,152
surely,58226133,1,ᛋᚢᚱᛖᛚᚣ,310
timber,58205176,1,ᛏᛁᛗᛒᛖᚱ,300
weekly,58149702,1,ᚹᛖᛖᚳᛚᚣ,342
pension,58141057,1,ᛈᛖᚾᛋᛡᚾ,328
golden,57819848,1,ᚷᚩᛚᛞᛖᚾ,282
dollar,57789655,1,ᛞᚩᛚᛚᚪᚱ,350
coffee,57394590,1,ᚳᚩᚠᚠᛖᛖ,158
muscle,57334678,1,ᛗᚢᛋᚳᛚᛖ,280
matrix,57235526,1,ᛗᚪᛏᚱᛁᛉ,316
screen,57004624,1,ᛋᚳᚱᛖᛖᚾ,240
samuel,56667781,1,ᛋᚪᛗᚢᛖᛚ,364
quoted,56604425,1,ᚳᚹᚩᛏᛖᛞ,254
bought,56487772,1,ᛒᚩᚢᚷᚻᛏ,170
closer,56377338,1,ᚳᛚᚩᛋᛖᚱ,224
walter,56339816,1,ᚹᚪᛚᛏᛖᚱ,326
reducing,56300830,1,ᚱᛖᛞᚢᚳᛝ,262
attend,56045211,1,ᚪᛏᛏᛖᚾᛞ,400
adults,55850242,1,ᚪᛞᚢᛚᛏᛋ,374
younger,55513931,1,ᚣᚩᚢᛝᛖᚱ,270
fashion,55220186,1,ᚠᚪᛋᚻᛡᚾ,311
rubber,55166487,1,ᚱᚢᛒᛒᛖᚱ,214
fighting,55055347,1,ᚠᛁᚷᚻᛏᛝ,211
sodium,55046804,1,ᛋᚩᛞᛁᚢᛗ,254
wholly,54876721,1,ᚹᚻᚩᛚᛚᚣ,298
intent,54831142,1,ᛁᚾᛏᛖᚾᛏ,274
wisdom,54582181,1,ᚹᛁᛋᛞᚩᛗ,270
edited,54526752,1,ᛖᛞᛁᛏᛖᛞ,402
afraid,54453305,1,ᚪᚠᚱᚪᛁᛞ,327
boards,54416238,1,ᛒᚩᚪᚱᛞᛋ,318
gained,54287796,1,ᚷᚪᛁᚾᛖᛞ,330
offering,53701581,1,ᚩᚠᚠᛖᚱᛝ,168
pupils,53510129,1,ᛈᚢᛈᛁᛚᛋ,246
favour,53391121,1,ᚠᚪᚢᚩᚢᚱ,123
allowing,53376108,1,ᚪᛚᛚᚩᚹᛝ,348
indiana,53371393,1,ᛁᚾᛞᛡᚾᚪ,382
weapons,53344008,1,ᚹᛠᛈᚩᚾᛋ,260
retail,53179030,1,ᚱᛖᛏᚪᛁᛚ,338
define,53123456,1,ᛞᛖᚠᛁᚾᛖ,285
metals,53063447,1,ᛗᛖᛏᚪᛚᛋ,420
farmer,53039474,1,ᚠᚪᚱᛗᛖᚱ,259
pleased,52953668,1,ᛈᛚᛠᛋᛖᛞ,434
refers,52755414,1,ᚱᛖᚠᛖᚱᛋ,211
shaped,52597228,1,ᛋᚻᚪᛈᛖᛞ,372
entering,52531963,1,ᛖᚾᛏᛖᚱᛝ,312
sudden,52240692,1,ᛋᚢᛞᛞᛖᚾ,330
varied,52137407,1,ᚢᚪᚱᛁᛖᛞ,298
clothes,52112400,1,ᚳᛚᚩᚦᛖᛋ,218
custom,52056391,1,ᚳᚢᛋᛏᚩᛗ,206
decree,52020541,1,ᛞᛖᚳᚱᛖᛖ,314
afford,51965523,1,ᚪᚠᚠᚩᚱᛞ,208
rarely,51847033,1,ᚱᚪᚱᛖᛚᚣ,362
painting,51846178,1,ᛈᚪᛁᚾᛏᛝ,338
import,51794437,1,ᛁᛗᛈᚩᚱᛏ,222
rivers,51599450,1,ᚱᛁᚢᛖᚱᛋ,176
options,51559397,1,ᚩᛈᛏᛡᚾᛋ,298
expert,51528489,1,ᛖᛉᛈᛖᚱᛏ,294
deeply,51451574,1,ᛞᛖᛖᛈᛚᚣ,442
spoken,51267988,1,ᛋᛈᚩᚳᛖᚾ,212
lowest,51114075,1,ᛚᚩᚹᛖᛋᛏ,278
domain,51078236,1,ᛞᚩᛗᚪᛁᚾ,324
theories,51041562,1,ᚦᛇᚱᛁᛖᛋ,208
unlike,50998339,1,ᚢᚾᛚᛁᚳᛖ,216
tender,50972900,1,ᛏᛖᚾᛞᛖᚱ,322
forget,50942366,1,ᚠᚩᚱᚷᛖᛏ,163
applying,50908429,1,ᚪᛈᛈᛚᚣᛝ,438
random,50814795,1,ᚱᚪᚾᛞᚩᛗ,304
sounds,50545108,1,ᛋᚩᚢᚾᛞᛋ,234
shipping,50524895,1,ᛋᚻᛁᛈᛈᛝ,272
plasma,50466035,1,ᛈᛚᚪᛋᛗᚪ,434
daniel,50410448,1,ᛞᚪᚾᛁᛖᛚ,386
realize,50280639,1,ᚱᛠᛚᛁᛋᛖ,344
covers,50212965,1,ᚳᚩᚢᛖᚱᛋ,154
murder,50119628,1,ᛗᚢᚱᛞᛖᚱ,252
remote,49806793,1,ᚱᛖᛗᚩᛏᛖ,282
artist,49801203,1,ᚪᚱᛏᛁᛋᛏ,310
belonging,49564397,1,ᛒᛖᛚᚩᛝᛝ,366
parish,49524131,1,ᛈᚪᚱᛁᛋᚻ,258
trends,49427469,1,ᛏᚱᛖᚾᛞᛋ,308
stocks,49422196,1,ᛋᛏᚩᚳᚳᛋ,198
berlin,49393236,1,ᛒᛖᚱᛚᛁᚾ,272
beside,49097460,1,ᛒᛖᛋᛁᛞᛖ,368
margin,49019117,1,ᛗᚪᚱᚷᛁᚾ,256
absent,48958227,1,ᚪᛒᛋᛖᚾᛏ,366
honour,48954316,1,ᚻᚩᚾᚩᚢᚱ,80
driver,48785759,1,ᛞᚱᛁᚢᛖᚱ,212
differ,48738593,1,ᛞᛁᚠᚠᛖᚱ,202
measuring,48730926,1,ᛗᛠᛋᚢᚱᛝ,326
sacred,48286845,1,ᛋᚪᚳᚱᛖᛞ,330
latest,48285565,1,ᛚᚪᛏᛖᛋᛏ,408
listen,48062705,1,ᛚᛁᛋᛏᛖᚾ,312
silent,48054768,1,ᛋᛁᛚᛖᚾᛏ,312
gender,48034187,1,ᚷᛖᚾᛞᛖᚱ,280
castle,47120160,1,ᚳᚪᛋᛏᛚᛖ,362
tension,47031499,1,ᛏᛖᚾᛋᛡᚾ,344
render,47001836,1,ᚱᛖᚾᛞᛖᚱ,274
blocks,46664388,1,ᛒᛚᚩᚳᚳᛋ,220
recall,46430995,1,ᚱᛖᚳᚪᛚᛚ,334
colony,46422801,1,ᚳᚩᛚᚩᚾᚣ,232
mobile,46283841,1,ᛗᚩᛒᛁᛚᛖ,310
curves,46267638,1,ᚳᚢᚱᚢᛖᛋ,150
spending,46233017,1,ᛋᛈᛖᚾᛞᛝ,360
philip,46024277,1,ᛈᚻᛁᛚᛁᛈ,244
fallen,46009787,1,ᚠᚪᛚᛚᛖᚾ,341
remedy,45924008,1,ᚱᛖᛗᛖᛞᚣ,408
wished,45745087,1,ᚹᛁᛋᚻᛖᛞ,282
suffer,45707329,1,ᛋᚢᚠᚠᛖᚱ,138
howard,45649496,1,ᚻᚩᚹᚪᚱᛞ,246
smiled,45643872,1,ᛋᛗᛁᛚᛖᛞ,384
passes,45438119,1,ᛈᚪᛋᛋᛖᛋ,366
watching,45423579,1,ᚹᚪᛏᚳᚻᛝ,290
herein,45356098,1,ᚻᛖᚱᛖᛁᚾ,228
atomic,45314319,1,ᚪᛏᚩᛗᛁᚳ,278
engines,45263374,1,ᛖᛝᛁᚾᛖᛋ,326
tariff,44793026,1,ᛏᚪᚱᛁᚠᚠ,202
lights,44787522,1,ᛚᛁᚷᚻᛏᛋ,256
wishes,44377966,1,ᚹᛁᛋᚻᛖᛋ,246
zealand,44320323,1,ᛋᛠᛚᚪᚾᛞ,450
monday,44195777,1,ᛗᚩᚾᛞᚪᚣ,396
layers,44150113,1,ᛚᚪᚣᛖᚱᛋ,404
decade,44075638,1,ᛞᛖᚳᚪᛞᛖ,422
assuming,44073418,1,ᚪᛋᛋᚢᛗᛝ,356
serves,44001791,1,ᛋᛖᚱᚢᛖᛋ,254
drinking,43990014,1,ᛞᚱᛁᚾᚳᛝ,252
whilst,43932749,1,ᚹᚻᛁᛚᛋᛏ,258
powder,43761174,1,ᛈᚩᚹᛞᛖᚱ,236
oregon,43585339,1,ᚩᚱᛖᚷᚩᚾ,138
ladies,43575741,1,ᛚᚪᛞᛁᛖᛋ,410
harbor,43374165,1,ᚻᚪᚱᛒᚩᚱ,210
amongst,43354324,1,ᚪᛗᚩᛝᛋᛏ,366
talked,43211482,1,ᛏᚪᛚᚳᛖᛞ,398
grades,43140171,1,ᚷᚱᚪᛞᛖᛋ,334
linked,43053014,1,ᛚᛁᚾᚳᛖᛞ,302
phrase,43049014,1,ᛈᚻᚱᚪᛋᛖ,294
sports,42865709,1,ᛋᛈᚩᚱᛏᛋ,226
thereto,42786715,1,ᚦᛖᚱᛖᛏᚩ,216
picked,42636636,1,ᛈᛁᚳᚳᛖᛞ,256
employ,42597363,1,ᛖᛗᛈᛚᚩᚣ,364
stones,42586052,1,ᛋᛏᚩᚾᛖᛋ,268
cement,42575705,1,ᚳᛖᛗᛖᚾᛏ,306
violent,42478883,1,ᚢᛡᛚᛖᚾᛏ,338
fruits,42468358,1,ᚠᚱᚢᛁᛏᛋ,159
regime,42445735,1,ᚱᛖᚷᛁᛗᛖ,264
refuse,42381024,1,ᚱᛖᚠᚢᛋᛖ,203
filter,42341347,1,ᚠᛁᛚᛏᛖᚱ,243
ontario,42200303,1,ᚩᚾᛏᚪᚱᛡ,310
stored,42182987,1,ᛋᛏᚩᚱᛖᛞ,286
writes,42173370,1,ᚹᚱᛁᛏᛖᛋ,240
peoples,41994583,1,ᛈᛇᛈᛚᛖᛋ,320
yields,41942863,1,ᚣᛁᛖᛚᛞᛋ,416
priest,41859870,1,ᛈᚱᛁᛖᛋᛏ,264
infant,41801434,1,ᛁᚾᚠᚪᚾᛏ,247
flower,41542498,1,ᚠᛚᚩᚹᛖᚱ,179
sampling,41509829,1,ᛋᚪᛗᛈᛚᛝ,416
andrew,41306109,1,ᚪᚾᛞᚱᛖᚹ,312
viewed,41185925,1,ᚢᛁᛖᚹᛖᛞ,276
gospel,41132771,1,ᚷᚩᛋᛈᛖᛚ,260
topics,41104479,1,ᛏᚩᛈᛁᚳᛋ,206
lawyer,41096947,1,ᛚᚪᚹᚣᛖᚱ,370
alaska,41082154,1,ᚪᛚᚪᛋᚳᚪ,430
writings,40975949,1,ᚹᚱᛁᛏᛝᛋ,252
habits,40939280,1,ᚻᚪᛒᛁᛏᛋ,324
honest,40919779,1,ᚻᚩᚾᛖᛋᛏ,238
butter,40877763,1,ᛒᚢᛏᛏᛖᚱ,260
heavily,40844467,1,ᚻᛠᚢᛁᛚᚣ,342
seventh,40783385,1,ᛋᛖᚢᛖᚾᚦ,224
palace,40597479,1,ᛈᚪᛚᚪᚳᛖ,390
masses,40588479,1,ᛗᚪᛋᛋᛖᛋ,394
solely,40572252,1,ᛋᚩᛚᛖᛚᚣ,376
lighting,40549611,1,ᛚᛁᚷᚻᛏᛝ,282
versus,40530275,1,ᚢᛖᚱᛋᚢᛋ,190
online,40474544,1,ᚩᚾᛚᛁᚾᛖ,236
crossing,40394170,1,ᚳᚱᚩᛋᛋᛝ,216
pocket,40379525,1,ᛈᚩᚳᚳᛖᛏ,202
albert,40288837,1,ᚪᛚᛒᛖᚱᛏ,368
hidden,40196716,1,ᚻᛁᛞᛞᛖᚾ,328
manage,40121921,1,ᛗᚪᚾᚪᚷᛖ,378
foster,40041686,1,ᚠᚩᛋᛏᛖᚱ,199
sheets,39969138,1,ᛋᚻᛖᛖᛏᛋ,322
buried,39909397,1,ᛒᚢᚱᛁᛖᛞ,262
pushed,39743011,1,ᛈᚢᛋᚻᛖᛞ,278
curious,39569324,1,ᚳᚢᚱᛡᚢᛋ,190
dental,39455430,1,ᛞᛖᚾᛏᚪᛚ,414
managing,39379839,1,ᛗᚪᚾᚪᚷᛝ,390
wright,39350686,1,ᚹᚱᛁᚷᚻᛏ,160
passion,39333837,1,ᛈᚪᛋᛋᛡᚾ,382
eleven,39278112,1,ᛖᛚᛖᚢᛖᚾ,306
wooden,39137176,1,ᚹᚩᚩᛞᛖᚾ,218
retain,39105760,1,ᚱᛖᛏᚪᛁᚾ,294
arrest,38991496,1,ᚪᚱᚱᛖᛋᛏ,298
moscow,38919531,1,ᛗᚩᛋᚳᚩᚹ,170
desert,38913362,1,ᛞᛖᛋᛖᚱᛏ,346
titles,38894045,1,ᛏᛁᛏᛚᛖᛋ,342
allied,38863461,1,ᚪᛚᛚᛁᛖᛞ,430
victim,38699025,1,ᚢᛁᚳᛏᛁᛗ,208
fiction,38697296,1,ᚠᛁᚳᛏᛡᚾ,241
finish,38607718,1,ᚠᛁᚾᛁᛋᚻ,169
freely,38534920,1,ᚠᚱᛖᛖᛚᚣ,323
nobody,38495945,1,ᚾᚩᛒᚩᛞᚣ,296
lumber,38368598,1,ᛚᚢᛗᛒᛖᚱ,286
walker,38227742,1,ᚹᚪᛚᚳᛖᚱ,280
symbol,38145257,1,ᛋᚣᛗᛒᚩᛚ,368
switch,38130016,1,ᛋᚹᛁᛏᚳᚻ,198
friday,38066291,1,ᚠᚱᛁᛞᚪᚣ,333
camera,38019397,1,ᚳᚪᛗᛖᚱᚪ,356
organs,37901530,1,ᚩᚱᚷᚪᚾᛋ,214
purely,37896746,1,ᛈᚢᚱᛖᛚᚣ,300
relate,37895780,1,ᚱᛖᛚᚪᛏᛖ,374
varies,37773480,1,ᚢᚪᚱᛁᛖᛋ,262
handed,37666284,1,ᚻᚪᚾᛞᛖᛞ,394
brazil,37600614,1,ᛒᚱᚪᛋᛁᛚ,326
praise,37593339,1,ᛈᚱᚪᛁᛋᛖ,302
scales,37576224,1,ᛋᚳᚪᛚᛖᛋ,356
anxious,37510064,1,ᚪᚾᛉᛡᚢᛋ,336
turkey,37499481,1,ᛏᚢᚱᚳᛖᚣ,256
slaves,37421979,1,ᛋᛚᚪᚢᛖᛋ,346
streams,37367840,1,ᛋᛏᚱᛠᛗᛋ,356
phases,37320770,1,ᛈᚻᚪᛋᛖᛋ,336
harris,37310452,1,ᚻᚪᚱᚱᛁᛋ,226
tribes,37287011,1,ᛏᚱᛁᛒᛖᛋ,282
diagram,37027500,1,ᛞᛡᚷᚱᚪᛗ,392
morgan,36762219,1,ᛗᚩᚱᚷᚪᚾ,232
spaces,36737384,1,ᛋᛈᚪᚳᛖᛋ,326
breeding,36719556,1,ᛒᚱᛖᛖᛞᛝ,374
studying,36716396,1,ᛋᛏᚢᛞᚣᛝ,386
seldom,36708841,1,ᛋᛖᛚᛞᚩᛗ,360
scores,36647225,1,ᛋᚳᚩᚱᛖᛋ,204
nodded,36566407,1,ᚾᚩᛞᛞᛖᛞ,370
fitted,36453392,1,ᚠᛁᛏᛏᛖᛞ,307
entity,36380546,1,ᛖᚾᛏᛁᛏᚣ,348
prefer,36308513,1,ᛈᚱᛖᚠᛖᚱ,201
sphere,36303172,1,ᛋᛈᚻᛖᚱᛖ,264
vector,36263996,1,ᚢᛖᚳᛏᚩᚱ,160
biology,36203322,1,ᛒᛡᛚᚩᚷᚣ,368
mothers,36104151,1,ᛗᚩᚦᛖᚱᛋ,214
shadow,36002947,1,ᛋᚻᚪᛞᚩᚹ,288
colors,35837456,1,ᚳᚩᛚᚩᚱᛋ,164
comply,35703163,1,ᚳᚩᛗᛈᛚᚣ,310
lesson,35667061,1,ᛚᛖᛋᛋᚩᚾ,282
fought,35599191,1,ᚠᚩᚢᚷᚻᛏ,111
mirror,35572137,1,ᛗᛁᚱᚱᚩᚱ,142
orleans,35491461,1,ᚩᚱᛚᛠᚾᛋ,282
bottle,35471088,1,ᛒᚩᛏᛏᛚᛖ,326
farther,35291885,1,ᚠᚪᚱᚦᛖᚱ,193
granting,35253524,1,ᚷᚱᚪᚾᛏᛝ,292
gordon,35235492,1,ᚷᚩᚱᛞᚩᚾ,160
sweden,35039856,1,ᛋᚹᛖᛞᛖᚾ,324
insert,35032688,1,ᛁᚾᛋᛖᚱᛏ,250
greece,34874437,1,ᚷᚱᛖᛖᚳᛖ,242
morris,34847348,1,ᛗᚩᚱᚱᛁᛋ,184
deeper,34796761,1,ᛞᛖᛖᛈᛖᚱ,344
assess,34792337,1,ᚪᛋᛋᛖᛋᛋ,376
faster,34696224,1,ᚠᚪᛋᛏᛖᚱ,289
strict,34672246,1,ᛋᛏᚱᛁᚳᛏ,226
assure,34660592,1,ᚪᛋᛋᚢᚱᛖ,284
plenty,34551316,1,ᛈᛚᛖᚾᛏᚣ,374
arrive,34486625,1,ᚪᚱᚱᛁᚢᛖ,220
crimes,34475387,1,ᚳᚱᛁᛗᛖᛋ,246
arises,34423215,1,ᚪᚱᛁᛋᛖᛋ,312
grains,34279981,1,ᚷᚱᚪᛁᚾᛋ,238
finite,34213917,1,ᚠᛁᚾᛁᛏᛖ,219
settle,34163509,1,ᛋᛖᛏᛏᛚᛖ,378
tenant,34093759,1,ᛏᛖᚾᚪᚾᛏ,340
visits,34058173,1,ᚢᛁᛋᛁᛏᛋ,230
nearest,33976651,1,ᚾᛠᚱᛖᛋᛏ,328
reasoning,33827956,1,ᚱᛠᛋᚩᚾᛝ,288
crucial,33661747,1,ᚳᚱᚢᚳᛡᛚ,220
austria,33614040,1,ᚪᚢᛋᛏᚱᛡ,330
nelson,33611745,1,ᚾᛖᛚᛋᚩᚾ,258
poland,33601708,1,ᛈᚩᛚᚪᚾᛞ,338
spatial,33572527,1,ᛋᛈᚪᛏᛡᛚ,432
dealers,33543079,1,ᛞᛠᛚᛖᚱᛋ,402
exempt,33526678,1,ᛖᛉᛖᛗᛈᛏ,354
genius,33408494,1,ᚷᛖᚾᛁᚢᛋ,200
anyway,33294381,1,ᚪᚾᚣᚹᚪᚣ,448
belongs,33264167,1,ᛒᛖᛚᚩᛝᛋ,340
essays,33164070,1,ᛖᛋᛋᚪᚣᛋ,426
waited,33102354,1,ᚹᚪᛁᛏᛖᛞ,362
warren,33022411,1,ᚹᚪᚱᚱᛖᚾ,234
inform,33003453,1,ᛁᚾᚠᚩᚱᛗ,151
holder,32886472,1,ᚻᚩᛚᛞᛖᚱ,270
valued,32845679,1,ᚢᚪᛚᚢᛖᛞ,332
firmly,32829113,1,ᚠᛁᚱᛗᛚᚣ,291
drawings,32717048,1,ᛞᚱᚪᚹᛝᛋ,348
matthew,32592993,1,ᛗᚪᛏᚦᛖᚹ,318
reaches,32451767,1,ᚱᛠᚳᚻᛖᛋ,276
ethical,32404801,1,ᛖᚦᛁᚳᚪᛚ,286
format,32349612,1,ᚠᚩᚱᛗᚪᛏ,247
fathers,32316350,1,ᚠᚪᚦᛖᚱᛋ,235
awards,32235846,1,ᚪᚹᚪᚱᛞᛋ,366
lifted,32130849,1,ᛚᛁᚠᛏᛖᛞ,321
scenes,32117775,1,ᛋᚳᛖᚾᛖᛋ,282
theology,32117461,1,ᚦᛇᛚᚩᚷᚣ,246
gentle,32077239,1,ᚷᛖᚾᛏᛚᛖ,312
vacuum,32072757,1,ᚢᚪᚳᚢᚢᛗ,190
stayed,31963049,1,ᛋᛏᚪᚣᛖᛞ,468
humans,31931133,1,ᚻᚢᛗᚪᚾᛋ,276
geology,31826838,1,ᚷᛇᛚᚩᚷᚣ,258
appearing,31791121,1,ᚪᛈᛈᛠᚱᛝ,382
nurses,31755459,1,ᚾᚢᚱᛋᛖᛋ,216
reactor,31722790,1,ᚱᛠᚳᛏᚩᚱ,210
defend,31716942,1,ᛞᛖᚠᛖᚾᛞ,343
polish,31690709,1,ᛈᚩᛚᛁᛋᚻ,230
merits,31632838,1,ᛗᛖᚱᛁᛏᛋ,292
voices,31478616,1,ᚢᚩᛁᚳᛖᛋ,174
rolled,31437030,1,ᚱᚩᛚᛚᛖᛞ,320
combat,31312248,1,ᚳᚩᛗᛒᚪᛏ,308
autumn,31278715,1,ᚪᚢᛏᚢᛗᚾ,262
dakota,31248720,1,ᛞᚪᚳᚩᛏᚪ,362
chapel,31204150,1,ᚳᚻᚪᛈᛖᛚ,316
visiting,31203176,1,ᚢᛁᛋᛁᛏᛝ,256
burned,31158891,1,ᛒᚢᚱᚾᛖᛞ,260
aviation,31121224,1,ᚪᚢᛡᛏᛡᚾ,402
loaded,31103688,1,ᛚᚩᚪᛞᛖᛞ,422
frozen,31011808,1,ᚠᚱᚩᛋᛖᚾ,169
starts,30975040,1,ᛋᛏᚪᚱᛏᛋ,332
expand,30787643,1,ᛖᛉᛈᚪᚾᛞ,372
gently,30749499,1,ᚷᛖᚾᛏᛚᚣ,348
cheese,30686016,1,ᚳᚻᛖᛖᛋᛖ,290
mature,30682008,1,ᛗᚪᛏᚢᚱᛖ,308
knight,30652246,1,ᚳᚾᛁᚷᚻᛏ,172
makers,30646333,1,ᛗᚪᚳᛖᚱᛋ,312
upward,30634656,1,ᚢᛈᚹᚪᚱᛞ,262
removing,30562714,1,ᚱᛖᛗᚩᚢᛝ,238
surgeon,30447630,1,ᛋᚢᚱᚷᛇᚾ,154
reward,30445776,1,ᚱᛖᚹᚪᚱᛞ,294
seized,30401784,1,ᛋᛖᛁᛋᛖᛞ,360
debtor,30398224,1,ᛞᛖᛒᛏᚩᚱ,294
hunter,30380746,1,ᚻᚢᚾᛏᛖᚱ,192
carter,30269465,1,ᚳᚪᚱᛏᛖᚱ,258
lesser,30238807,1,ᛚᛖᛋᛋᛖᚱ,324
donald,30191148,1,ᛞᚩᚾᚪᛚᛞ,384
wheels,30145806,1,ᚹᚻᛖᛖᛚᛋ,302
pursue,29984907,1,ᛈᚢᚱᛋᚢᛖ,180
gathering,29964305,1,ᚷᚪᚦᛖᚱᛝ,276
alfred,29885169,1,ᚪᛚᚠᚱᛖᛞ,339
clouds,29861167,1,ᚳᛚᚩᚢᛞᛋ,238
argues,29829276,1,ᚪᚱᚷᚢᛖᛋ,248
excuse,29820773,1,ᛖᛉᚳᚢᛋᛖ,250
divide,29799059,1,ᛞᛁᚢᛁᛞᛖ,310
checks,29710458,1,ᚳᚻᛖᚳᚳᛋ,182
liquor,29697723,1,ᛚᛁᚳᚹᚩᚱ,154
murray,29676234,1,ᛗᚢᚱᚱᚪᚣ,296
stroke,29663333,1,ᛋᛏᚱᚩᚳᛖ,210
button,29614980,1,ᛒᚢᛏᛏᚩᚾ,218
chains,29494131,1,ᚳᚻᚪᛁᚾᛋ,246
parker,29413148,1,ᛈᚪᚱᚳᛖᚱ,242
tracks,29402142,1,ᛏᚱᚪᚳᚳᛋ,246
routes,29355063,1,ᚱᚩᚢᛏᛖᛋ,200
eighty,29301003,1,ᛖᛁᚷᚻᛏᚣ,300
washed,29221084,1,ᚹᚪᛋᚻᛖᛞ,348
remark,29205115,1,ᚱᛖᛗᚪᚱᚳ,270
hudson,29148082,1,ᚻᚢᛞᛋᚩᚾ,204
norman,29136301,1,ᚾᚩᚱᛗᚪᚾ,244
bitter,29091927,1,ᛒᛁᛏᛏᛖᚱ,288
limiting,29036322,1,ᛚᛁᛗᛁᛏᛝ,344
glance,28988422,1,ᚷᛚᚪᚾᚳᛖ,296
static,28895769,1,ᛋᛏᚪᛏᛁᚳ,312
creates,28847523,1,ᚳᚱᛠᛏᛖᛋ,312
radius,28818177,1,ᚱᚪᛞᛁᚢᛋ,284
tunnel,28783264,1,ᛏᚢᚾᚾᛖᛚ,260
securing,28733291,1,ᛋᛖᚳᚢᚱᛝ,226
allies,28631775,1,ᚪᛚᛚᛁᛖᛋ,394
campus,28614345,1,ᚳᚪᛗᛈᚢᛋ,280
player,28612028,1,ᛈᛚᚪᚣᛖᚱ,394
boiler,28569641,1,ᛒᚩᛁᛚᛖᚱ,250
postal,28561295,1,ᛈᚩᛋᛏᚪᛚ,332
plains,28484301,1,ᛈᛚᚪᛁᚾᛋ,326
meters,28442890,1,ᛗᛖᛏᛖᚱᛋ,328
counts,28439318,1,ᚳᚩᚢᚾᛏᛋ,164
lesions,28437451,1,ᛚᛖᛋᛡᚾᛋ,382
defect,28429846,1,ᛞᛖᚠᛖᚳᛏ,297
actors,28370455,1,ᚪᚳᛏᚩᚱᛋ,240
cooper,28361340,1,ᚳᚩᚩᛈᛖᚱ,148
resort,28268385,1,ᚱᛖᛋᚩᚱᛏ,208
rental,28218339,1,ᚱᛖᚾᛏᚪᛚ,336
verbal,28199274,1,ᚢᛖᚱᛒᚪᛚ,312
harold,28161868,1,ᚻᚪᚱᚩᛚᛞ,300
affair,28097387,1,ᚪᚠᚠᚪᛁᚱ,240
enzyme,28088728,1,ᛖᚾᛋᚣᛗᛖ,390
impose,28060523,1,ᛁᛗᛈᚩᛋᛖ,272
planting,27989049,1,ᛈᛚᚪᚾᛏᛝ,380
guests,27966125,1,ᚷᚢᛖᛋᛏᛋ,252
joints,27892839,1,ᛂᚩᛁᚾᛏᛋ,216
erosion,27824891,1,ᛖᚱᚩᛋᛡᚾ,274
virgin,27821491,1,ᚢᛁᚱᚷᛁᚾ,122
cavity,27789877,1,ᚳᚪᚢᛁᛏᚣ,306
tended,27737877,1,ᛏᛖᚾᛞᛖᛞ,400
reveals,27722271,1,ᚱᛖᚢᛠᛚᛋ,316
gravel,27554436,1,ᚷᚱᚪᚢᛖᛚ,268
resist,27493551,1,ᚱᛖᛋᛁᛋᛏ,274
butler,27481539,1,ᛒᚢᛏᛚᛖᚱ,274
defining,27404837,1,ᛞᛖᚠᛁᚾᛝ,297
austin,27403469,1,ᚪᚢᛋᛏᛁᚾ,272
pointing,27381005,1,ᛈᚩᛁᚾᛏᛝ,248
sleeping,27304813,1,ᛋᛚᛖᛖᛈᛝ,382
sketch,27202411,1,ᛋᚳᛖᛏᚳᚻ,228
graham,27183727,1,ᚷᚱᚪᚻᚪᛗ,316
lovely,27027671,1,ᛚᚩᚢᛖᛚᚣ,326
muslim,26998542,1,ᛗᚢᛋᛚᛁᛗ,302
offset,26982041,1,ᚩᚠᚠᛋᛖᛏ,190
fabric,26977061,1,ᚠᚪᛒᚱᛁᚳ,215
enters,26958383,1,ᛖᚾᛏᛖᚱᛋ,286
emerging,26955080,1,ᛖᛗᛖᚱᚷᛝ,312
sooner,26909555,1,ᛋᚩᚩᚾᛖᚱ,174
anthony,26887082,1,ᚪᚾᚦᚩᚾᚣ,270
trains,26840712,1,ᛏᚱᚪᛁᚾᛋ,280
quebec,26807838,1,ᚳᚹᛖᛒᛖᚳ,240
turner,26800569,1,ᛏᚢᚱᚾᛖᚱ,180
alloys,26764633,1,ᚪᛚᛚᚩᚣᛋ,406
motors,26756816,1,ᛗᚩᛏᚩᚱᛋ,208
sydney,26740667,1,ᛋᚣᛞᚾᛖᚣ,444
singular,26716760,1,ᛋᛝᚢᛚᚪᚱ,316
unfair,26713815,1,ᚢᚾᚠᚪᛁᚱ,173
safely,26703488,1,ᛋᚪᚠᛖᛚᚣ,395
hebrew,26683326,1,ᚻᛖᛒᚱᛖᚹ,248
coarse,26608928,1,ᚳᚩᚪᚱᛋᛖ,248
emotion,26503719,1,ᛖᛗᚩᛏᛡᚾ,340
occupy,26487496,1,ᚩᚳᚳᚢᛈᚣ,182
dwelling,26472118,1,ᛞᚹᛖᛚᛚᛝ,400
diamond,26454563,1,ᛞᛡᛗᚩᚾᛞ,392
cleared,26427089,1,ᚳᛚᛠᚱᛖᛞ,362
settings,26365517,1,ᛋᛖᛏᛏᛝᛋ,370
trades,26364113,1,ᛏᚱᚪᛞᛖᛋ,376
holdings,26342565,1,ᚻᚩᛚᛞᛝᛋ,324
regret,26341273,1,ᚱᛖᚷᚱᛖᛏ,232
voters,26309967,1,ᚢᚩᛏᛖᚱᛋ,200
suited,26280922,1,ᛋᚢᛁᛏᛖᛞ,302
inland,26276684,1,ᛁᚾᛚᚪᚾᛞ,348
jordan,26221230,1,ᛂᚩᚱᛞᚪᚾ,270
drilling,26181102,1,ᛞᚱᛁᛚᛚᛝ,356
stared,26174177,1,ᛋᛏᚪᚱᛖᛞ,376
mighty,26145292,1,ᛗᛁᚷᚻᛏᚣ,304
lately,26142891,1,ᛚᚪᛏᛖᛚᚣ,472
ninety,25989333,1,ᚾᛁᚾᛖᛏᚣ,318
commit,25952390,1,ᚳᚩᛗᛗᛁᛏ,252
dublin,25915732,1,ᛞᚢᛒᛚᛁᚾ,286
fibers,25894992,1,ᚠᛁᛒᛖᚱᛋ,225
cycles,25842505,1,ᚳᚣᚳᛚᛖᛋ,322
trucks,25756419,1,ᛏᚱᚢᚳᚳᛋ,152
clerks,25748187,1,ᚳᛚᛖᚱᚳᛋ,230
pressing,25708213,1,ᛈᚱᛖᛋᛋᛝ,306
barely,25704600,1,ᛒᚪᚱᛖᛚᚣ,412
voyage,25669417,1,ᚢᚩᚣᚪᚷᛖ,294
planes,25657894,1,ᛈᛚᚪᚾᛖᛋ,362
convey,25648062,1,ᚳᚩᚾᚢᛖᚣ,222
motive,25626145,1,ᛗᚩᛏᛁᚢᛖ,238
packed,25591949,1,ᛈᚪᚳᚳᛖᛞ,322
guards,25557999,1,ᚷᚢᚪᚱᛞᛋ,270
denver,25465490,1,ᛞᛖᚾᚢᛖᚱ,266
geneva,25458199,1,ᚷᛖᚾᛖᚢᚪ,280
norway,25416291,1,ᚾᚩᚱᚹᚪᚣ,266
missed,25415608,1,ᛗᛁᛋᛋᛖᛞ,364
floating,25355414,1,ᚠᛚᚩᚪᛏᛝ,317
agenda,25350169,1,ᚪᚷᛖᚾᛞᚪ,396
nickel,25321579,1,ᚾᛁᚳᚳᛖᛚ,226
guided,25278445,1,ᚷᚢᛁᛞᛖᛞ,296
landed,25259109,1,ᛚᚪᚾᛞᛖᛞ,444
vienna,25229452,1,ᚢᛁᛖᚾᚾᚪ,256
terror,25090868,1,ᛏᛖᚱᚱᚩᚱ,166
rogers,25090074,1,ᚱᚩᚷᛖᚱᛋ,166
arnold,25072841,1,ᚪᚱᚾᚩᛚᛞ,306
server,25065006,1,ᛋᛖᚱᚢᛖᚱ,212
hollow,25044791,1,ᚻᚩᛚᛚᚩᚹ,202
modeling,25041650,1,ᛗᚩᛞᛖᛚᛝ,386
spouse,24972180,1,ᛋᛈᚩᚢᛋᛖ,226
shapes,24942053,1,ᛋᚻᚪᛈᛖᛋ,336
seller,24939090,1,ᛋᛖᛚᛚᛖᚱ,344
senses,24845565,1,ᛋᛖᚾᛋᛖᛋ,322
quartz,24837740,1,ᚳᚹᚪᚱᛏᛋ,252
motions,24814933,1,ᛗᚩᛏᛡᚾᛋ,326
talent,24741772,1,ᛏᚪᛚᛖᚾᛏ,384
stairs,24739068,1,ᛋᛏᚪᛁᚱᛋ,304
dioxide,24721323,1,ᛞᛡᛉᛁᛞᛖ,430
hazard,24670299,1,ᚻᚪᛋᚪᚱᛞ,370
lawful,24608251,1,ᛚᚪᚹᚠᚢᛚ,267
hawaii,24555702,1,ᚻᚪᚹᚪᛁᛁ,298
modest,24528739,1,ᛗᚩᛞᛖᛋᛏ,346
locked,24499136,1,ᛚᚩᚳᚳᛖᛞ,262
funded,24480792,1,ᚠᚢᚾᛞᛖᛞ,279
searching,24472856,1,ᛋᛠᚱᚳᚻᛝ,288
summit,24399962,1,ᛋᚢᛗᛗᛁᛏ,288
vested,24394448,1,ᚢᛖᛋᛏᛖᛞ,338
solved,24378544,1,ᛋᚩᛚᚢᛖᛞ,292
valves,24368782,1,ᚢᚪᛚᚢᛖᛋ,296
seasons,24353683,1,ᛋᛠᛋᚩᚾᛋ,304
newton,24347976,1,ᚾᛖᚹᛏᚩᚾ,210
albany,24284640,1,ᚪᛚᛒᚪᚾᚣ,460
porter,24243778,1,ᛈᚩᚱᛏᛖᚱ,198
salmon,24229238,1,ᛋᚪᛚᛗᚩᚾ,330
seattle,24194643,1,ᛋᛠᛏᛏᛚᛖ,420
nights,24178454,1,ᚾᛁᚷᚻᛏᛋ,212
bronze,24150627,1,ᛒᚱᚩᚾᛋᛖ,228
advise,24118628,1,ᚪᛞᚢᛁᛋᛖ,340
styles,24043978,1,ᛋᛏᚣᛚᛖᛋ,408
intend,24007968,1,ᛁᚾᛏᛖᚾᛞ,304
cardiac,23982087,1,ᚳᚪᚱᛞᛡᚳ,330
shooting,23971517,1,ᛋᚻᚩᚩᛏᛝ,228
oliver,23945817,1,ᚩᛚᛁᚢᛖᚱ,192
proven,23943022,1,ᛈᚱᚩᚢᛖᚾ,160
termed,23901828,1,ᛏᛖᚱᛗᛖᛞ,364
accord,23898016,1,ᚪᚳᚳᚩᚱᛞ,230
induce,23895192,1,ᛁᚾᛞᚢᚳᛖ,232
insect,23881446,1,ᛁᚾᛋᛖᚳᛏ,252
finest,23853469,1,ᚠᛁᚾᛖᛋᛏ,241
fisher,23811263,1,ᚠᛁᛋᚻᛖᚱ,187
traces,23755151,1,ᛏᚱᚪᚳᛖᛋ,300
blacks,23658639,1,ᛒᛚᚪᚳᚳᛋ,310
intake,23616148,1,ᛁᚾᛏᚪᚳᛖ,296
insure,23595227,1,ᛁᚾᛋᚢᚱᛖ,194
touching,23526397,1,ᛏᚩᚢᚳᚻᛝ,184
whites,23506211,1,ᚹᚻᛁᛏᛖᛋ,252
marble,23458249,1,ᛗᚪᚱᛒᛚᛖ,380
dorsal,23455861,1,ᛞᚩᚱᛋᚪᛚ,330
tribal,23444939,1,ᛏᚱᛁᛒᚪᛚ,332
spreading,23435835,1,ᛋᛈᚱᛠᛞᛝ,384
needle,23432143,1,ᚾᛖᛖᛞᛚᛖ,392
purple,23404284,1,ᛈᚢᚱᛈᛚᛖ,240
morrow,23403083,1,ᛗᚩᚱᚱᚩᚹ,126
oldest,23379712,1,ᚩᛚᛞᛖᛋᛏ,348
puerto,23363633,1,ᛈᚢᛖᚱᛏᚩ,190
watson,23321481,1,ᚹᚪᛏᛋᚩᚾ,264
clergy,23308630,1,ᚳᛚᛖᚱᚷᚣ,284
charts,23247387,1,ᚳᚻᚪᚱᛏᛋ,256
prompt,23242067,1,ᛈᚱᚩᛗᛈᛏ,234
shifts,23234447,1,ᛋᚻᛁᚠᛏᛋ,221
relied,23207979,1,ᚱᛖᛚᛁᛖᛞ,338
caution,23135098,1,ᚳᚪᚢᛏᛡᚾ,308
artery,23071367,1,ᚪᚱᛏᛖᚱᚣ,348
utmost,23017433,1,ᚢᛏᛗᚩᛋᛏ,252
victor,22960854,1,ᚢᛁᚳᛏᚩᚱ,124
cousin,22952202,1,ᚳᚩᚢᛋᛁᚾ,136
adjust,22932210,1,ᚪᛞᛂᚢᛋᛏ,338
nevada,22905497,1,ᚾᛖᚢᚪᛞᚪ,382
ritual,22866384,1,ᚱᛁᛏᚢᚪᛚ,274
nerves,22855795,1,ᚾᛖᚱᚢᛖᛋ,230
shield,22850840,1,ᛋᚻᛁᛖᛚᛞ,336
sewage,22849105,1,ᛋᛖᚹᚪᚷᛖ,320
slopes,22840989,1,ᛋᛚᚩᛈᛖᛋ,296
hughes,22839643,1,ᚻᚢᚷᚻᛖᛋ,186
kidney,22826202,1,ᚳᛁᛞᚾᛖᚣ,332
humble,22817980,1,ᚻᚢᛗᛒᛚᛖ,298
milton,22802394,1,ᛗᛁᛚᛏᚩᚾ,270
kindly,22741420,1,ᚳᛁᚾᛞᛚᚣ,338
frames,22684002,1,ᚠᚱᚪᛗᛖᛋ,301
checking,22651872,1,ᚳᚻᛖᚳᚳᛝ,208
immune,22643399,1,ᛁᛗᛗᚢᚾᛖ,272
capita,22611039,1,ᚳᚪᛈᛁᛏᚪ,340
ammonia,22591802,1,ᚪᛗᛗᚩᚾᛡ,382
judged,22567097,1,ᛂᚢᛞᚷᛖᛞ,302
clinic,22554011,1,ᚳᛚᛁᚾᛁᚳ,190
shells,22481517,1,ᛋᚻᛖᛚᛚᛋ,342
reject,22433184,1,ᚱᛖᛂᛖᚳᛏ,254
invest,22378689,1,ᛁᚾᚢᛖᛋᛏ,242
modify,22368806,1,ᛗᚩᛞᛁᚠᚣ,303
hungary,22358429,1,ᚻᚢᛝᚪᚱᚣ,316
arrange,22353206,1,ᚪᚱᚱᚪᛝᛖ,362
earnest,22271380,1,ᛠᚱᚾᛖᛋᛏ,328
corpus,22254308,1,ᚳᚩᚱᛈᚢᛋ,130
purity,22218946,1,ᛈᚢᚱᛁᛏᚣ,250
detect,22204518,1,ᛞᛖᛏᛖᚳᛏ,354
ottawa,22128548,1,ᚩᛏᛏᚪᚹᚪ,338
claiming,22121381,1,ᚳᛚᚪᛁᛗᛝ,364
coupling,22107720,1,ᚳᚩᚢᛈᛚᛝ,218
choosing,22070735,1,ᚳᚻᚩᚩᛋᛝ,182
urgent,22066837,1,ᚢᚱᚷᛖᚾᛏ,186
dangers,22059680,1,ᛞᚪᛝᛖᚱᛋ,396
retreat,22020759,1,ᚱᛖᛏᚱᛠᛏ,316
harper,21957174,1,ᚻᚪᚱᛈᛖᚱ,252
counting,21944002,1,ᚳᚩᚢᚾᛏᛝ,190
matching,21942749,1,ᛗᚪᛏᚳᚻᛝ,342
bombay,21869451,1,ᛒᚩᛗᛒᚪᚣ,400
exciting,21840563,1,ᛖᛉᚳᛁᛏᛝ,296
planet,21823822,1,ᛈᛚᚪᚾᛖᛏ,368
traced,21809724,1,ᛏᚱᚪᚳᛖᛞ,336
saints,21801489,1,ᛋᚪᛁᚾᛏᛋ,322
timely,21796316,1,ᛏᛁᛗᛖᛚᚣ,404
madame,21778488,1,ᛗᚪᛞᚪᛗᛖ,492
costly,21776404,1,ᚳᚩᛋᛏᛚᚣ,308
novels,21741033,1,ᚾᚩᚢᛖᛚᛋ,232
shopping,21685317,1,ᛋᚻᚩᛈᛈᛝ,248
poured,21654186,1,ᛈᚩᚢᚱᛖᛞ,220
dallas,21638146,1,ᛞᚪᛚᛚᚪᛋ,482
chiefs,21591836,1,ᚳᚻᛁᛖᚠᛋ,189
sorrow,21591441,1,ᛋᚩᚱᚱᚩᚹ,108
dressing,21481296,1,ᛞᚱᛖᛋᛋᛝ,352
rescue,21397596,1,ᚱᛖᛋᚳᚢᛖ,214
antonio,21392992,1,ᚪᚾᛏᚩᚾᛡ,328
stuart,21340964,1,ᛋᛏᚢᚪᚱᛏ,282
angular,21316418,1,ᚪᛝᚢᛚᚪᚱ,360
armies,21275638,1,ᚪᚱᛗᛁᛖᛋ,330
harder,21261387,1,ᚻᚪᚱᛞᛖᚱ,298
laughing,21233175,1,ᛚᚪᚢᚷᚻᛝ,292
tumors,21184078,1,ᛏᚢᛗᚩᚱᛋ,204
spinal,21167162,1,ᛋᛈᛁᚾᚪᛚ,326
outlet,21134604,1,ᚩᚢᛏᛚᛖᛏ,268
ticket,21104482,1,ᛏᛁᚳᚳᛖᛏ,242
whence,21067607,1,ᚹᚻᛖᚾᚳᛖ,218
murphy,21029378,1,ᛗᚢᚱᛈᚻᚣ,254
warned,20998117,1,ᚹᚪᚱᚾᛖᛞ,312
raises,20976196,1,ᚱᚪᛁᛋᛖᛋ,312
barrel,20890664,1,ᛒᚪᚱᚱᛖᛚ,320
taiwan,20868966,1,ᛏᚪᛁᚹᚪᚾ,332
asleep,20859473,1,ᚪᛋᛚᛖᛖᛈ,400
romans,20856207,1,ᚱᚩᛗᚪᚾᛋ,268
hotels,20806034,1,ᚻᚩᛏᛖᛚᛋ,282
agrees,20791449,1,ᚪᚷᚱᛖᛖᛋ,312
govern,20775530,1,ᚷᚩᚢᛖᚱᚾ,134
guides,20729015,1,ᚷᚢᛁᛞᛖᛋ,260
bigger,20704835,1,ᛒᛁᚷᚷᛖᚱ,204
attain,20670322,1,ᚪᛏᛏᚪᛁᚾ,372
totals,20569089,1,ᛏᚩᛏᚪᛚᛋ,348
panama,20561195,1,ᛈᚪᚾᚪᛗᚪ,434
ignore,20537963,1,ᛁᚷᚾᚩᚱᛖ,162
poorly,20529862,1,ᛈᚩᚩᚱᛚᚣ,244
digest,20490536,1,ᛞᛁᚷᛖᛋᛏ,316
insist,20468907,1,ᛁᚾᛋᛁᛋᛏ,256
subtle,20459879,1,ᛋᚢᛒᛏᛚᛖ,316
refuge,20445406,1,ᚱᛖᚠᚢᚷᛖ,167
ordering,20428059,1,ᚩᚱᛞᛖᚱᛝ,264
swimming,20331534,1,ᛋᚹᛁᛗᛗᛝ,324
arriving,20313101,1,ᚪᚱᚱᛁᚢᛝ,232
sterling,20312818,1,ᛋᛏᛖᚱᛚᛝ,342
collar,20280359,1,ᚳᚩᛚᛚᚪᚱ,274
charging,20273976,1,ᚳᚻᚪᚱᚷᛝ,240
buyers,20197765,1,ᛒᚢᚣᛖᚱᛋ,298
backed,20187420,1,ᛒᚪᚳᚳᛖᛞ,340
shifting,20164512,1,ᛋᚻᛁᚠᛏᛝ,247
blessing,20161577,1,ᛒᛚᛖᛋᛋᛝ,386
derive,20152377,1,ᛞᛖᚱᛁᚢᛖ,268
solids,20089821,1,ᛋᚩᛚᛁᛞᛋ,306
stopping,20075002,1,ᛋᛏᚩᛈᛈᛝ,284
leonard,20051538,1,ᛚᛇᚾᚪᚱᛞ,340
persian,20034848,1,ᛈᛖᚱᛋᛡᚾ,310
bleeding,19959442,1,ᛒᛚᛖᛖᛞᛝ,436
fuller,19952972,1,ᚠᚢᛚᛚᛖᚱ,229
panels,19924400,1,ᛈᚪᚾᛖᛚᛋ,362
refusing,19923560,1,ᚱᛖᚠᚢᛋᛝ,215
savage,19898343,1,ᛋᚪᚢᚪᚷᛖ,334
harvey,19870267,1,ᚻᚪᚱᚢᛖᚣ,304
assert,19784644,1,ᚪᛋᛋᛖᚱᛏ,340
launch,19781731,1,ᛚᚪᚢᚾᚳᚻ,238
clarke,19768279,1,ᚳᛚᚪᚱᚳᛖ,274
curved,19740714,1,ᚳᚢᚱᚢᛖᛞ,186
temper,19729229,1,ᛏᛖᛗᛈᛖᚱ,318
scarce,19712846,1,ᛋᚳᚪᚱᚳᛖ,254
inputs,19684202,1,ᛁᚾᛈᚢᛏᛋ,218
faults,19654614,1,ᚠᚪᚢᛚᛏᛋ,287
ballot,19653878,1,ᛒᚪᛚᛚᚩᛏ,370
hybrid,19649466,1,ᚻᚣᛒᚱᛁᛞ,318
dividing,19639016,1,ᛞᛁᚢᛁᛞᛝ,322
consul,19622353,1,ᚳᚩᚾᛋᚢᛚ,178
notions,19621305,1,ᚾᚩᛏᛡᚾᛋ,284
wounds,19604709,1,ᚹᚩᚢᚾᛞᛋ,200
trusts,19570042,1,ᛏᚱᚢᛋᛏᛋ,238
horror,19507151,1,ᚻᚩᚱᚱᚩᚱ,70
legend,19486598,1,ᛚᛖᚷᛖᚾᛞ,342
negroes,19379286,1,ᚾᛖᚷᚱᛟᛋ,260
minded,19351129,1,ᛗᛁᚾᛞᛖᛞ,376
opposing,19341718,1,ᚩᛈᛈᚩᛋᛝ,232
potato,19283720,1,ᛈᚩᛏᚪᛏᚩ,272
enabling,19282103,1,ᛖᚾᚪᛒᛚᛝ,406
tenure,19279859,1,ᛏᛖᚾᚢᚱᛖ,236
nuclei,19254341,1,ᚾᚢᚳᛚᛖᛁ,216
nigeria,19253876,1,ᚾᛁᚷᛖᚱᛡ,262
emerge,19247606,1,ᛖᛗᛖᚱᚷᛖ,300
chairs,19236798,1,ᚳᚻᚪᛁᚱᛋ,228
wastes,19203756,1,ᚹᚪᛋᛏᛖᛋ,348
waiver,19189726,1,ᚹᚪᛁᚢᛖᚱ,228
metric,19169944,1,ᛗᛖᛏᚱᛁᚳ,252
kenneth,19148323,1,ᚳᛖᚾᚾᛖᚦ,210
doubts,19089178,1,ᛞᚩᚢᛒᛏᛋ,272
holmes,19080588,1,ᚻᚩᛚᛗᛖᛋ,294
pastor,19077061,1,ᛈᚪᛋᛏᚩᚱ,270
pepper,19074927,1,ᛈᛖᛈᛈᛖᚱ,274
traits,19034569,1,ᛏᚱᚪᛁᛏᛋ,310
weighing,19028340,1,ᚹᛖᛁᚷᚻᛝ,236
pioneer,19026234,1,ᛈᛡᚾᛖᛖᚱ,324
copied,19025215,1,ᚳᚩᛈᛁᛖᛞ,250
aqueous,19014438,1,ᚪᚳᚹᛇᚢᛋ,226
drives,18958222,1,ᛞᚱᛁᚢᛖᛋ,254
poison,18921093,1,ᛈᚩᛁᛋᚩᚾ,170
peasant,18880269,1,ᛈᛠᛋᚪᚾᛏ,390
unpaid,18851321,1,ᚢᚾᛈᚪᛁᛞ,292
verses,18813535,1,ᚢᛖᚱᛋᛖᛋ,254
avoiding,18808663,1,ᚪᚢᚩᛁᛞᛝ,306
bloody,18788769,1,ᛒᛚᚩᚩᛞᚣ,340
buffer,18661162,1,ᛒᚢᚠᚠᛖᚱ,146
deciding,18602856,1,ᛞᛖᚳᛁᛞᛝ,368
focusing,18602735,1,ᚠᚩᚳᚢᛋᛝ,157
locate,18569668,1,ᛚᚩᚳᚪᛏᛖ,316
prints,18522722,1,ᛈᚱᛁᚾᛏᛋ,226
greeks,18522331,1,ᚷᚱᛖᛖᚳᛋ,228
gotten,18505914,1,ᚷᚩᛏᛏᛖᚾ,238
militia,18489022,1,ᛗᛁᛚᛁᛏᛡ,372
update,18466189,1,ᚢᛈᛞᚪᛏᛖ,358
esteem,18460978,1,ᛖᛋᛏᛖᛖᛗ,384
pierre,18371706,1,ᛈᛁᛖᚱᚱᛖ,230
palmer,18365432,1,ᛈᚪᛚᛗᛖᚱ,362
bodily,18345260,1,ᛒᚩᛞᛁᛚᚣ,364
diesel,18324227,1,ᛞᛁᛖᛋᛖᛚ,380
moneys,18312331,1,ᛗᚩᚾᛖᚣᛋ,330
supper,18281284,1,ᛋᚢᛈᛈᛖᚱ,220
trauma,18235316,1,ᛏᚱᚪᚢᛗᚪ,338
oppose,18215225,1,ᚩᛈᛈᚩᛋᛖ,220
indies,18183144,1,ᛁᚾᛞᛁᛖᛋ,300
stolen,18179663,1,ᛋᛏᚩᛚᛖᚾ,288
intact,18176196,1,ᛁᚾᛏᚪᚳᛏ,288
wicked,18146907,1,ᚹᛁᚳᚳᛖᛞ,232
proves,18141158,1,ᛈᚱᚩᚢᛖᛋ,184
brooks,18136573,1,ᛒᚱᚩᚩᚳᛋ,152
behold,18121752,1,ᛒᛖᚻᚩᛚᛞ,320
speeds,18059244,1,ᛋᛈᛖᛖᛞᛋ,372
jumped,18048394,1,ᛂᚢᛗᛈᛖᛞ,310
solemn,18013725,1,ᛋᚩᛚᛖᛗᚾ,300
bailey,17996085,1,ᛒᚪᛁᛚᛖᚣ,432
hitler,17954353,1,ᚻᛁᛏᛚᛖᚱ,264
posted,17952474,1,ᛈᚩᛋᛏᛖᛞ,318
kissed,17920108,1,ᚳᛁᛋᛋᛖᛞ,306
acreage,17855520,1,ᚪᚳᚱᛠᚷᛖ,314
cannon,17840672,1,ᚳᚪᚾᚾᚩᚾ,204
stupid,17818465,1,ᛋᛏᚢᛈᛁᛞ,278
pardon,17812790,1,ᛈᚪᚱᛞᚩᚾ,276
miners,17762965,1,ᛗᛁᚾᛖᚱᛋ,262
triangle,17758708,1,ᛏᚱᛡᛝᛚᛖ,396
openings,17750143,1,ᚩᛈᛖᚾᛝᛋ,278
charming,17742749,1,ᚳᚻᚪᚱᛗᛝ,294
barley,17738605,1,ᛒᚪᚱᛚᛖᚣ,412
assign,17694491,1,ᚪᛋᛋᛁᚷᚾ,280
ernest,17688217,1,ᛖᚱᚾᛖᛋᛏ,286
remind,17681824,1,ᚱᛖᛗᛁᚾᛞ,298
critic,17673423,1,ᚳᚱᛁᛏᛁᚳ,158
sulfur,17666800,1,ᛋᚢᛚᚠᚢᚱ,145
comedy,17624354,1,ᚳᚩᛗᛖᛞᚣ,350
eugene,17612611,1,ᛖᚢᚷᛖᚾᛖ,250
module,17606868,1,ᛗᚩᛞᚢᛚᛖ,310
lasted,17582855,1,ᛚᚪᛋᛏᛖᛞ,438
merger,17571614,1,ᛗᛖᚱᚷᛖᚱ,244
levied,17556473,1,ᛚᛖᚢᛁᛖᛞ,330
jacket,17556079,1,ᛂᚪᚳᚳᛖᛏ,286
broker,17555738,1,ᛒᚱᚩᚳᛖᚱ,170
imposing,17554075,1,ᛁᛗᛈᚩᛋᛝ,284
openly,17542952,1,ᚩᛈᛖᚾᛚᚣ,322
apples,17489186,1,ᚪᛈᛈᛚᛖᛋ,376
freezing,17459192,1,ᚠᚱᛖᛖᛋᛝ,279
glands,17440410,1,ᚷᛚᚪᚾᛞᛋ,358
