studentships,65161,44,1
unventilated,85096,102,1
continuances,123706,75,1
egyptologist,25336,58,1
metaphysician,79514,106,1
congregational,1037343,283,1
laparotomies,17971,34,1
northwestward,260564,132,1
prefiguration,9093,21,1
unreservedly,380871,213,1
paratroopers,138017,164,1
uneconomical,304288,168,1
remembrances,262106,150,1
photographic,4680697,689,1
multichannel,409502,166,1
annexationist,23428,43,1
troublemaker,53014,79,1
immaculately,254188,114,1
headquartered,297226,83,1
semiliterate,14793,40,1
nonhazardous,63429,59,1
doubtfulness,28375,28,1
computational,3373786,331,1
nonflammable,60579,54,1
requisitioned,435314,173,1
pronounceable,22389,39,1
domesticates,26390,59,1
interpretive,1714185,402,1
calorimeters,78063,87,1
lifelessness,31171,36,1
shuffleboard,54120,70,1
sardanapalus,41207,72,1
chalcopyrite,737449,148,1
helplessness,1411988,269,1
lipoproteins,265352,107,1
countervailing,1203606,189,1
inspectorate,149300,147,1
tranquillize,21342,25,1
impressively,510616,318,1
hermetically,365219,123,1
antiparticle,67374,35,1
reevaluations,15763,25,1
hyperglycemia,258428,105,1
industrialist,215006,227,1
dispossessed,573093,264,1
discontinued,5531283,494,1
specialisation,339890,163,1
unprejudiced,607352,154,1
misconception,510420,146,1
shatterproof,18123,32,1
encrustations,24545,44,1
manslaughter,1203753,196,1
equilibriums,11331,32,1
noneffective,54443,36,1
centerpieces,28343,43,1
nonassertive,15899,29,1
boilermakers,223226,90,1
mitochondrial,709803,180,1
unspecialized,44809,85,1
sinusoidally,28623,41,1
nonspecialist,19507,40,1
parenthetical,183478,125,1
extemporised,17571,58,1
absolutistic,17375,41,1
constellation,816063,344,1
furunculosis,42505,33,1
disintegrate,592418,179,1
ashurbanipal,27125,39,1
practicality,677954,171,1
unquantified,24660,38,1
voluntaryism,12536,25,1
galvanometer,379344,195,1
discriminating,1744432,461,1
photoengravers,32595,24,1
quattrocento,53158,58,1
accelerators,360984,209,1
mackintoshes,24292,34,1
disallowance,274685,95,1
polarizations,172060,92,1
synchronised,98710,130,1
consecrations,33319,43,1
happenstance,90549,80,1
sledgehammer,52216,98,1
ubiquitously,48233,61,1
sarsaparilla,124459,97,1
attractively,486640,234,1
peradventure,426155,208,1
resoluteness,54759,57,1
potentiometer,218225,159,1
constituents,6664554,619,1
reproductive,5362661,431,1
coincidences,291451,190,1
functionality,1534564,370,1
realistically,1321246,382,1
hyalinization,28554,18,1
incontinency,20650,23,1
upholsterers,109386,87,1
veterinarians,744292,268,1
normalisation,72437,83,1
acquiescence,1123600,230,1
foreshortening,65084,71,1
randomisation,15710,47,1
stratigraphy,577309,201,1
unaggressive,37329,44,1
mississippian,296511,211,1
presumptuous,843898,318,1
pneumatology,32838,39,1
polymyositis,72371,39,1
connoisseurs,341053,171,1
loathsomeness,25406,23,1
expostulation,108186,88,1
autochthonous,136053,175,1
approximated,1027139,325,1
unbelievable,1011490,510,1
extraditable,25184,24,1
sociocultural,650395,154,1
heartlessness,83162,52,1
internalized,760216,234,1
hindquarters,186082,122,1
refrigerated,1024667,373,1
pennyweights,23146,33,1
experimental,39775244,1723,1
facilitative,111150,88,1
risorgimento,56143,67,1
poughkeepsie,269529,194,1
epipsychidion,8398,17,1
automorphism,45449,54,1
consumptives,336354,118,1
yorkshireman,21798,66,1
transparency,2559212,464,1
timelessness,116588,68,1
ethnographers,201832,146,1
inapplicable,1495190,155,1
belligerency,72766,69,1
disadvantage,2988659,322,1
pentecostals,137907,131,1
formlessness,67750,54,1
paperweights,25082,47,1
unforeseeable,213664,128,1
argumentation,637846,231,1
inarticulate,463053,326,1
christchurch,740071,263,1
inexactitude,11901,22,1
stockbrokers,149136,165,1
photographed,2522830,519,1
preservative,742823,262,1
retrospection,84289,79,1
mechanization,682814,261,1
stagecoaches,45043,74,1
congratulates,117405,121,1
poltergeists,26567,30,1
rectification,560723,199,1
philanthropic,1480673,344,1
ceremoniously,157522,179,1
wineglassful,9967,10,1
tetrahedrons,21025,34,1
deforestation,506915,214,1
apprehensive,1556038,292,1
appendicitis,692871,209,1
marketplaces,105615,104,1
stoichiometry,183422,122,1
vociferously,140803,131,1
chairpersons,70857,91,1
trichinopoly,65595,62,1
disengagement,622750,164,1
expectorants,37078,42,1
indissolubly,200326,87,1
summarization,129686,83,1
brontosaurus,14635,37,1
pornographer,8238,27,1
chromaticism,23325,40,1
gamesmanship,25220,46,1
incorporation,5481364,475,1
transitivity,143623,94,1
forensically,12026,43,1
thyroidectomy,63179,74,1
intermarried,279500,107,1
marvellously,492542,292,1
unremarkable,386333,248,1
neuroscience,606322,206,1
paraphrastic,12945,33,1
civilizations,1117690,315,1
cartographer,78937,102,1
controverted,608743,168,1
presidencies,90886,78,1
usufructuary,32180,63,1
bureaucracies,428637,228,1
fontainebleau,152395,157,1
misstatement,132757,81,1
asynchronous,732793,270,1
entanglements,193140,151,1
intemperance,624547,223,1
naturalistic,787469,345,1
premeditated,654871,200,1
infeasibility,10917,30,1
monosyllabic,238097,154,1
personalized,879970,442,1
substantiated,1046640,210,1
antiparallel,155030,82,1
extermination,669761,209,1
interpolated,825709,316,1
prosperously,96740,109,1
inhumanities,17669,29,1
belligerence,98960,82,1
unconsciously,2809988,738,1
petrographic,274374,84,1
inadvertence,133284,104,1
infidelities,103259,67,1
exorbitantly,90883,70,1
bicameralism,15305,28,1
neurosurgery,219993,113,1
underpayment,222243,64,1
disassembled,218922,149,1
interlocutor,573138,177,1
ambidextrous,43419,58,1
lichtenstein,338259,167,1
embryologist,13475,30,1
pretentiously,19386,71,1
watercolours,186428,104,1
unincumbered,96213,81,1
concordances,67403,67,1
nonnegotiable,257828,89,1
grandparents,3253260,462,1
electroscope,129970,72,1
chimneypiece,16237,47,1
translatable,184930,78,1
nonpoisonous,27461,49,1
prepossession,62293,53,1
frontiersmen,131106,137,1
perpetrators,682208,249,1
preventative,417432,171,1
caryophyllus,1246,6,1
artistically,753219,270,1
transference,828154,255,1
alphabetized,111085,76,1
reenactments,44089,55,1
characterise,424103,209,1
metropolises,52775,70,1
spirituality,2527519,393,1
overextended,107996,111,1
unmistakeably,58165,84,1
determinants,932291,253,1
frontispiece,969406,213,1
compensatory,1853833,424,1
toxicologist,22899,47,1
cristobalite,100851,71,1
approximation,2825912,464,1
dodecahedral,16927,34,1
thenceforward,594621,247,1
referentially,25180,46,1
stakeholders,3308777,333,1
subjunctives,19382,40,1
contaminants,1697843,289,1
misapprehend,35756,30,1
confederated,117926,113,1
cantankerous,127896,157,1
magistracies,56401,64,1
undetermined,1068655,340,1
archipelagos,33335,40,1
humanitarians,90592,96,1
incalculably,138170,88,1
responsively,58137,73,1
overmastered,24367,40,1
uneventfully,40350,56,1
millimicrons,5475,19,1
sensuousness,67647,65,1
irregardless,5942,21,1
inconvenient,1709071,459,1
recalcitrant,407626,418,1
discoverable,612431,166,1
isolationists,67426,90,1
antipruritic,19132,18,1
plasticizers,176468,104,1
perseveration,43583,49,1
cirrostratus,14928,21,1
transfigured,496610,197,1
partizanship,13910,31,1
commissaires,27615,23,1
proclamations,966609,232,1
uncalculated,19795,44,1
punctiliously,44537,88,1
streetwalker,4229,29,1
appropriative,33737,55,1
epidemiologic,491771,117,1
distinctness,630522,146,1
reinstituted,86557,61,1
saskatchewan,1627647,531,1
unbelievably,552740,254,1
pisciculture,30827,27,1
enterprisers,25891,60,1
infotainment,14798,24,1
firefighters,733257,317,1
seismologist,7895,25,1
appropriations,9665476,607,1
ornamentation,812654,268,1
broadcasters,969802,360,1
dishonorably,59160,57,1
impressionist,134481,153,1
lightweights,17556,43,1
catastrophic,1459139,466,1
unimpressive,179662,170,1
firecrackers,152492,135,1
mindlessness,21696,36,1
overstressed,54838,72,1
irresolutely,27785,61,1
liliuokalani,9495,38,1
chromatogram,138658,99,1
synchronizer,53743,77,1
autoimmunity,140365,73,1
expenditures,18104661,750,1
charlatanism,44901,43,1
topographies,27336,51,1
populousness,33717,21,1
conspecifics,68874,73,1
speechlessly,23635,35,1
interrelation,151066,63,1
grandfatherly,20475,50,1
elasticities,318417,140,1
decompressed,53584,67,1
northwesterly,483038,163,1
nonbelievers,115922,84,1
counteroffer,24570,51,1
decentralising,17567,36,1
handkerchief,3053775,466,1
phlebotomist,5708,22,1
bootstrapped,19206,43,1
instantiations,46136,60,1
interlineation,23112,31,1
intuitionists,15362,37,1
feverishness,44523,52,1
concomitance,13892,34,1
interdigital,69120,61,1
committeemen,179665,148,1
enchantments,232181,138,1
connectivity,812366,318,1
reflectively,165779,181,1
presbyteries,220906,109,1
compartments,1522096,437,1
didactically,26879,51,1
disconnected,2703740,530,1
imperishable,574443,290,1
perceptually,121385,117,1
governorship,211770,124,1
undistracted,38327,53,1
rechristened,83195,62,1
sensitisation,26660,47,1
investigator,1789607,592,1
wheelbarrows,185080,134,1
uninstructed,120830,117,1
investigated,15197883,969,1
unpardonable,283166,132,1
vitrification,103813,102,1
dilatoriness,47347,38,1
ichthyologist,7018,23,1
infiltrations,70590,75,1
reproducible,1139890,312,1
overpoweringly,29957,64,1
participator,19729,38,1
formaldehyde,1890499,311,1
phonemically,20117,45,1
decidability,26389,35,1
carcinogenic,729708,164,1
dehumidifier,16042,49,1
grotesquerie,14800,28,1
unattainable,720857,271,1
precautionary,405741,186,1
encapsulated,683016,353,1
directorship,155700,95,1
concentrated,16215577,1253,1
birdwatchers,44343,51,1
predestinate,63303,48,1
depositories,217161,147,1
unenthusiastic,92844,83,1
constrictors,85861,47,1
accommodation,6448010,753,1
commensurate,989129,294,1
thoughtlessly,238585,253,1
stenographic,583175,121,1
revolutionise,32145,61,1
allelomorphs,7806,28,1
preparedness,1008332,323,1
propensities,421407,189,1
irrespective,1468302,304,1
unregenerate,171421,154,1
nonparasitic,14854,30,1
fluoroscopic,136230,68,1
maneuverable,57916,103,1
numismatists,35670,61,1
neurotically,18936,59,1
incrustations,77068,84,1
apalachicola,68715,55,1
schopenhauer,490222,234,1
transponders,84960,97,1
chrysanthemum,245590,187,1
postpositions,46202,52,1
stewardesses,96368,111,1
effortlessly,518240,411,1
dramatically,3861989,661,1
suppressants,10313,34,1
countenanced,328578,122,1
phosphatases,100169,72,1
mucocutaneous,52108,38,1
fluosilicate,17607,37,1
uncharitably,26290,58,1
immoralities,73697,49,1
assassinated,1961915,230,1
dissimulation,372822,146,1
incorrigibly,65771,77,1
epiphenomena,16118,26,1
unsuccessful,4653722,722,1
authentically,272137,252,1
familiarities,33495,54,1
deferentially,65737,102,1
idiomatically,28697,56,1
maidservants,106553,82,1
cauterization,67929,65,1
perceptively,80010,98,1
uncultivable,42934,31,1
housebreakers,22401,31,1
communicants,420348,169,1
confirmative,15667,33,1
inscriptional,28767,45,1
archeologists,181009,144,1
karyokinesis,8706,22,1
crosshatched,34556,52,1
inclinometer,25898,51,1
continuously,8907553,1169,1
eavesdroppers,39835,52,1
clarification,2655659,307,1
consolidator,7786,26,1
pterodactyls,16141,35,1
sponsorships,67874,84,1
mortification,978820,225,1
disgorgement,85232,53,1
benzoquinone,30202,42,1
chapterhouse,8832,16,1
stanislavsky,69731,94,1
radioactivity,1311056,287,1
codifications,37533,51,1
replacements,2164641,384,1
unpretentious,518639,314,1
periodicities,68669,76,1
propagandism,20649,40,1
consistories,28021,34,1
illustrative,2933159,364,1
thunderstorms,505906,235,1
nomenclature,1688339,358,1
circumvented,238350,100,1
conceptually,1060717,299,1
participants,17029322,1056,1
subordinates,3688824,413,1
reorganisation,419328,160,1
unintegrated,45061,65,1
propositioned,41164,48,1
semantically,471281,166,1
thermoelectric,229540,112,1
artilleryman,22379,69,1
prophetesses,34220,45,1
consolidated,12429527,1002,1
displacement,5191995,719,1
chauvinistic,123155,152,1
counterpoint,382268,201,1
congratulated,1192012,295,1
macrocytosis,11905,22,1
osteomyelitis,250811,113,1
slipperiness,38140,42,1
inferentially,212833,139,1
anthropometry,57844,61,1
horizontally,2688932,493,1
emancipatory,184450,121,1
combinatorial,420993,156,1
nonvoluntary,12285,27,1
instrumental,5833083,586,1
neurologists,164744,128,1
modernisation,710291,194,1
ethnographies,59409,87,1
dissertations,945654,189,1
manipulations,652552,244,1
subordination,1318023,255,1
subdirectory,71009,69,1
unfrequently,2612220,342,1
instructress,36247,54,1
flamethrowers,35158,37,1
sensorimotor,149866,102,1
prescriptive,818167,279,1
archipelagic,30597,36,1
pronouncedly,45311,89,1
wittgenstein,1010057,292,1
differentiate,3100170,512,1
hypercalcemia,213295,82,1
antisemitism,257473,123,1
chromosphere,62635,68,1
impecuniosity,13934,26,1
microfossils,113843,69,1
custodianship,36371,43,1
multinational,1336617,374,1
quadraphonic,12985,25,1
encapsulation,276169,182,1
counteracted,335136,100,1
appropriators,72027,95,1
dispassionate,609756,221,1
singlehandedly,67191,118,1
periphrastic,49808,55,1
newfoundland,2322869,591,1
impenetrably,43701,63,1
constitutive,1045274,261,1
uniformities,117929,77,1
philologists,164983,132,1
fruitfulness,310198,108,1
indirectness,44732,47,1
inefficacious,44250,51,1
interpolates,40944,45,1
circumcisions,19161,34,1
parenterally,48373,56,1
histological,988863,154,1
belligerents,478843,211,1
androgenetic,9918,17,1
borosilicate,59106,60,1
papilionaceous,13687,25,1
interpolator,13110,47,1
regenerators,75608,74,1
palaeontology,290281,93,1
multilateral,1855688,298,1
nutritionists,219656,143,1
dissentients,60867,63,1
chivalrously,30124,81,1
foreclosures,292026,137,1
difficulties,17733995,943,1
characterful,27597,56,1
spermophilus,5007,11,1
unanswerably,25043,44,1
subserviency,78959,50,1
ecologically,549823,139,1
suitableness,52327,27,1
intelligible,2610340,415,1
uncleanliness,77771,58,1
expectorated,89005,70,1
gubernaculum,15175,27,1
nonappearance,50268,28,1
concurrences,47641,39,1
antecedently,88342,113,1
excellencies,287041,135,1
concurrently,1732367,448,1
delimitations,23711,42,1
sacrificially,23825,63,1
prepossessed,58237,64,1
schistosomes,22244,32,1
decelerations,58763,54,1
steadfastness,363735,116,1
insufferable,304396,238,1
antigenicity,80262,50,1
hyperbolical,45120,65,1
reconstituting,108005,78,1
determination,27098042,1149,1
uninfluenced,178057,83,1
nonaggression,187166,33,1
conspirators,726813,339,1
hergesheimer,7447,37,1
deliberative,750887,178,1
traditionally,9347925,1017,1
glycogenesis,9878,17,1
decipherment,52269,52,1
marseillaise,20367,51,1
irreversible,1697055,398,1
decentralize,75958,82,1
hysterically,157586,167,1
interconnect,330608,241,1
librarianship,642039,181,1
seminiferous,25768,35,1
cardiologists,66084,88,1
disbelievingly,26499,23,1
conquistador,31239,70,1
weatherstripping,34468,41,1
unprincipled,522837,257,1
inordinately,517095,212,1
disseminates,382476,100,1
ramifications,1145265,205,1
misconceived,183516,114,1
iconographic,187358,119,1
philatelists,22560,39,1
recommitment,61383,39,1
figuratively,845184,360,1
accoutrement,18442,36,1
ungentlemanly,62149,77,1
maliciousness,37884,38,1
malnourished,285112,161,1
elliptically,40097,72,1
semiautomatic,148515,161,1
pharmacopoeias,25792,36,1
totalitarians,19510,45,1
acoustically,156235,133,1
independents,1015312,292,1
periarteritis,24390,18,1
commonplaces,159719,129,1
conservatory,445706,319,1
oversimplify,66187,44,1
protectorate,817720,237,1
apportionable,72541,49,1
participation,16895648,938,1
illustrations,15889531,765,1
mesopotamians,21409,39,1
transshipped,93339,60,1
constrictive,74487,71,1
animadversion,89746,50,1
unstimulated,49836,75,1
microcircuit,16493,45,1
recognisance,45164,37,1
encyclopedic,290349,155,1
dysfunctional,594568,291,1
pomegranates,435217,153,1
impoverishes,45581,54,1
appellatives,13087,38,1
intersections,779366,288,1
orchestrated,450993,297,1
fertilization,1392666,347,1
backgrounder,4991,20,1
bloodstained,238976,288,1
morbilliform,31700,12,1
omnipresence,180222,74,1
disbursement,1240378,199,1
disorganised,148616,134,1
ratiocinative,17904,41,1
frankfurters,64130,76,1
multivitamin,25777,50,1
backwoodsmen,39151,73,1
diametrically,563949,129,1
confrontation,2016714,412,1
germanization,17359,30,1
ploughshares,98162,66,1
newspaperman,87193,125,1
countrywoman,49127,62,1
confederates,1251117,344,1
somnambulist,13025,58,1
objectivation,8125,19,1
cataphoresis,14403,25,1
incarcerated,1067138,232,1
insecticidal,201778,84,1
bathymetrical,26065,19,1
morphologies,103973,105,1
justification,5749438,538,1
malevolently,28957,57,1
contractures,138013,101,1
reconnoitering,64049,83,1
intercalation,95122,97,1
recompilation,11218,21,1
indisputably,557696,291,1
agglutinated,179828,119,1
compassionate,2313412,468,1
salesmanship,350211,197,1
protoplasmic,206673,145,1
contiguously,22420,47,1
neuroanatomy,39749,37,1
battlefronts,9949,32,1
resemblances,296648,163,1
anticipations,581889,185,1
vegetarianism,136902,107,1
endometriosis,292759,117,1
peloponnesian,114690,90,1
resuscitated,245443,159,1
shortsighted,334170,166,1
transposition,520649,216,1
glorification,374878,102,1
overambitious,23886,44,1
nonresidents,1028842,159,1
educationally,567700,164,1
allusiveness,21176,32,1
unsettlement,29393,43,1
philosophise,24298,48,1
conventicles,67237,75,1
circuitously,36592,73,1
rattlesnakes,218059,173,1
satisfactions,542462,169,1
adaptiveness,35964,39,1
republication,242129,78,1
encapsulates,158261,106,1
refrigeration,2445678,447,1
anaerobically,65059,51,1
separateness,361423,104,1
glockenspiel,22165,37,1
effusiveness,15106,32,1
eleemosynary,132309,83,1
undeciphered,17165,43,1
apathetically,20552,63,1
discordantly,27247,53,1
individuation,325252,136,1
hereditarily,50504,75,1
supraorbital,97030,77,1
accumulations,988541,296,1
irresponsive,30193,44,1
commensalism,15663,20,1
invertebrate,496368,170,1
spiritedness,42033,36,1
insufferably,102027,102,1
conclusively,1422750,287,1
unaccustomed,799885,408,1
solzhenitsyn,134519,149,1
stroboscopic,47968,58,1
philadelphian,23962,78,1
ectoparasite,9319,23,1
compromisers,16066,39,1
synonymously,30495,50,1
topographers,32986,53,1
progesterone,1237238,213,1
incapacitating,136366,122,1
introductions,1429169,330,1
rootlessness,39022,36,1
confiscatory,234717,101,1
overburdened,385417,213,1
paleopathology,9922,13,1
disillusioned,674609,281,1
unanswerable,512633,153,1
grasshoppers,642992,320,1
rendezvoused,56207,47,1
polysyllabic,69779,65,1
intercolonial,113993,110,1
astronautics,1541692,89,1
precipitancy,66199,48,1
luminosities,101054,74,1
restructured,607829,235,1
pythagoreanism,20678,32,1
conscientious,2902466,531,1
circumscribe,176191,80,1
episcopalians,264468,170,1
thunderstruck,218828,72,1
therapeutical,154265,73,1
sympathectomy,39354,53,1
distillations,66244,67,1
stationmaster,27641,76,1
magnetically,325170,178,1
harpsichords,48509,57,1
remonstrates,20951,22,1
volatilities,39680,65,1
paradigmatic,360627,241,1
diagnosticians,28641,69,1
unaffectedly,79493,82,1
unassignable,15370,23,1
reforestation,786888,222,1
inviolability,139903,53,1
reverberation,419899,160,1
electrometer,121476,117,1
counterfoils,20431,23,1
extrapolation,918788,202,1
listlessness,128341,100,1
nonvocational,18048,28,1
gondwanaland,32290,49,1
piezoelectric,372456,169,1
unenterprising,41431,46,1
scintillator,84366,128,1
philosophising,32482,61,1
systemically,160505,123,1
blackmailers,32025,51,1
acetaldehyde,301045,112,1
bibliographer,99342,81,1
hysterectomy,233519,154,1
symbolization,100880,81,1
fieldworkers,57789,87,1
centigrammes,11200,17,1
chronometers,164093,115,1
intermissions,135653,76,1
circumjacent,16144,35,1
exponentially,526175,183,1
magnetizable,28957,41,1
encumbrances,868288,137,1
provocateurs,38481,56,1
complications,4889416,465,1
regurgitated,129217,103,1
osteopetrosis,22757,24,1
acculturated,82963,113,1
thermocouples,509524,168,1
rectosigmoid,32481,22,1
prolegomenon,5383,15,1
interruptions,1103548,271,1
fluorapatite,15766,22,1
psychoactive,177303,65,1
inextricably,1103200,146,1
similarities,2217372,292,1
solitariness,60084,53,1
maxillofacial,244539,32,1
dispossession,211822,107,1
frankincense,340273,134,1
certificates,9418202,692,1
unfrequented,200144,115,1
encephalitic,15270,28,1
projectively,22594,35,1
ephemerality,25542,21,1
conidiophores,48660,69,1
constructions,2081060,527,1
receptionists,81776,100,1
unproductive,1499450,477,1
enfeeblement,21264,35,1
munificently,34246,53,1
investigation,31765893,1258,1
disappointed,7112431,656,1
prospectives,17476,18,1
disorganized,817766,359,1
transparence,21912,38,1
grandmotherly,35823,59,1
recombination,1242435,261,1
reincarnated,112036,123,1
precognitive,23845,44,1
unaffordable,59782,72,1
capitulations,54780,68,1
obstetricians,162234,137,1
stereographic,38215,48,1
domestication,315541,166,1
respectfully,5771365,626,1
concentrates,3324896,549,1
manufacturer,7153016,1000,1
hagiographies,12793,35,1
transhumance,21450,43,1
disinherited,259681,155,1
indifferency,32146,36,1
untranslated,65571,94,1
synchronized,862604,394,1
gynaecologist,46580,52,1
consanguinity,139147,111,1
catchphrases,25717,38,1
corespondent,8856,35,1
pharmaceutic,18889,31,1
congresswoman,178551,118,1
subpopulation,109702,76,1
hohenzollern,79644,126,1
transsexuals,94739,104,1
deconvolution,70902,72,1
storekeepers,192301,153,1
exhibitioners,20812,28,1
semanticists,16325,45,1
appendicular,47050,53,1
straightness,149503,94,1
controversial,4850093,821,1
geochronology,93415,41,1
monofilament,118011,106,1
disincentive,57816,65,1
reformulated,262920,122,1
unsympathetic,548284,256,1
inconsolably,15640,28,1
supertankers,44068,68,1
vulgarization,13973,22,1
enculturation,54345,46,1
reticulations,46360,69,1
articulately,50276,78,1
boastfulness,48743,47,1
heterologous,272237,97,1
redundancies,207022,140,1
photofinishing,16189,20,1
decontrolled,66866,85,1
ridiculously,605672,291,1
peremptorily,422454,191,1
unemployable,127376,89,1
milliseconds,250389,114,1
imponderable,89814,119,1
indigenously,48158,73,1
prepositional,199530,104,1
epileptiform,68725,44,1
overactivity,47826,44,1
yellowhammer,6753,23,1
pyrophyllite,133639,72,1
postsynaptic,338445,80,1
implementers,86535,76,1
kilocalories,18457,38,1
interminable,832732,545,1
deliciousness,33354,33,1
backbenchers,63753,90,1
impenetrable,1112827,495,1
proportionals,63835,39,1
apperceptive,38880,44,1
disseminated,2351993,361,1
beneficiaries,4082735,469,1
psychrometer,71941,57,1
frenetically,15194,59,1
entertainingly,70425,68,1
venipuncture,104519,50,1
harmonisation,219204,98,1
superintending,457441,159,1
intellectual,21360029,1513,1
horsemanship,210025,127,1
nonpolitical,147735,140,1
denouncement,25708,32,1
spectrometry,710254,156,1
impersonation,165312,133,1
transhipment,211613,96,1
paintbrushes,41400,62,1
fluorescence,3279358,337,1
perseverance,3646727,359,1
concatenation,111741,110,1
preconceived,1210662,164,1
dogmatically,185415,145,1
electroplating,306990,150,1
redeployment,161399,94,1
dramatization,180527,123,1
contemplation,2075960,412,1
incorporator,44172,29,1
revolutionist,60477,109,1
undisputedly,23452,55,1
communization,6718,14,1
facetiousness,36386,53,1
perturbations,509697,216,1
entitlements,579250,239,1
wollastonite,90654,70,1
reconciliation,3923186,484,1
contemplates,1220306,379,1
fragmentation,1540179,362,1
leishmaniasis,74070,56,1
thyroglobulin,68456,63,1
chiropodists,20509,21,1
henceforward,582362,305,1
corroborates,211336,124,1
noncommercial,568317,213,1
superannuate,20514,35,1
contamination,3458558,576,1
concatenated,147758,106,1
optimizations,107450,100,1
villahermosa,8600,17,1
hydrocarbons,2117938,398,1
heterocycles,39727,48,1
functionalist,197659,129,1
encyclopaedic,144454,101,1
instantaneous,2300817,664,1
accompanists,36399,46,1
discomposure,38240,35,1
strawberries,1702323,454,1
commemorated,606989,170,1
underpowered,41892,50,1
projectionist,21764,69,1
chamberlains,166439,90,1
sericultural,8213,15,1
cabinetmaker,46117,63,1
unmarketable,88910,98,1
photoelectric,553140,174,1
indigestible,324423,199,1
disappearance,2654405,328,1
dorsoventral,65654,44,1
notabilities,25931,53,1
dissimilation,35724,42,1
homesickness,199870,143,1
insecurities,411284,147,1
unsupportive,41367,42,1
unredeemable,21812,46,1
antechambers,20191,28,1
intermediates,861552,230,1
appositeness,18116,21,1
agreeableness,106894,60,1
nutritionally,200129,117,1
abrasiveness,26806,33,1
anticlerical,69607,93,1
anisometropia,11075,22,1
hydrofluoric,1425483,51,1
pretermitted,31443,35,1
formalization,199057,106,1
interspersion,10725,20,1
hybridisation,62499,83,1
volunteerism,110932,71,1
covetousness,485227,176,1
metaphorical,996908,544,1
biotechnology,1664197,350,1
initialization,353589,179,1
reconditioned,221600,185,1
unscriptural,111920,80,1
retroviruses,123486,69,1
insatiability,13609,18,1
fluorocarbon,85805,98,1
streptolysin,10891,12,1
experimented,1368633,228,1
portraitists,10836,32,1
effervescent,156936,163,1
inexplicable,1167231,522,1
pedestrianism,11301,28,1
fibroadenoma,12717,27,1
international,92532359,2933,1
hematologist,7497,21,1
transcaucasia,89169,59,1
extravasation,190437,91,1
traditionists,9913,32,1
jacksonville,1517718,430,1
contributory,1679224,250,1
consummately,42158,80,1
electrolysis,533309,236,1
consolidates,208041,125,1
involvements,137903,126,1
maintainable,650268,101,1
intumescence,22540,19,1
terrifically,87243,127,1
subordinated,1465689,246,1
receptaculum,6084,18,1
councilwoman,12465,34,1
countertenor,8994,31,1
philosophies,1308736,334,1
substantiates,129720,86,1
voluptuously,31038,76,1
homozygosity,21066,36,1
deliquescent,136694,73,1
concomitants,150605,78,1
afforestation,398159,162,1
differentials,1052929,305,1
proficiently,31081,54,1
exhibitionism,102163,72,1
scrupulosity,30371,44,1
globalization,2156718,419,1
retranslation,30131,26,1
aristophanic,13706,51,1
expressively,128970,138,1
conductances,56219,70,1
commiserated,62272,54,1
condemnatory,79677,101,1
incorporates,2503397,737,1
southwesterly,508035,157,1
subcontinent,173355,152,1
abridgements,26521,37,1
tautological,95860,102,1
extrasystole,5855,21,1
installations,4003612,739,1
unattractive,1017812,470,1
relinquishes,105040,98,1
choreographer,214649,178,1
mediterranean,3323507,954,1
decisiveness,184688,84,1
confabulation,40039,46,1
catechetical,110821,95,1
restructures,26465,40,1
unsanctified,53917,82,1
fraternalism,23165,30,1
rhombohedron,8578,31,1
conglomeration,65315,67,1
inadmissible,1898779,214,1
wheelwrights,52359,40,1
impersonated,94529,99,1
unskillfully,31419,35,1
scandalously,120642,144,1
despitefully,67258,39,1
densitometry,60197,44,1
monosyllable,42098,95,1
reinvestment,775830,132,1
misalignment,193050,153,1
assimilations,18597,41,1
stradivarius,28171,68,1
adaptability,1604680,226,1
echinococcus,64606,41,1
agglomerates,161402,122,1
vociferations,23473,26,1
unvulcanized,10174,29,1
subjectivism,132549,91,1
phonetically,172441,136,1
admonishment,55996,58,1
majestically,309160,242,1
nonalcoholic,162757,84,1
persistently,2068181,674,1
polarisations,12546,26,1
swedenborgian,20948,54,1
patternmaker,11667,32,1
successively,3216745,745,1
tessellations,9365,25,1
equivalently,171027,184,1
materialities,13803,21,1
hallucinosis,11954,17,1
inexpressive,94062,91,1
extrapolated,910557,227,1
popularizers,23764,42,1
dissimulated,17116,53,1
federationist,12465,31,1
globalisation,540986,212,1
streptomycin,726052,169,1
preposterous,845210,405,1
somnambulism,68445,69,1
illiberality,37245,34,1
unimpassioned,71405,82,1
nitrogenized,24622,25,1
partnerships,2743640,452,1
concessioners,20450,40,1
sedimentation,3088559,379,1
exterminated,538388,165,1
ministerially,24662,32,1
immoderately,108042,123,1
discreteness,35947,47,1
heterocyclic,166746,70,1
supranational,272436,150,1
sententiously,22385,48,1
neurosurgeons,68175,77,1
phagocytosis,278637,112,1
teleprocessing,23275,39,1
predetermine,80143,56,1
investitures,19806,37,1
capacitances,109254,99,1
compulsorily,200080,164,1
amygdaloidal,93097,61,1
supercharged,89083,120,1
reinvigorate,67925,52,1
uncultivated,1088307,297,1
accumulators,268971,165,1
continuities,204393,108,1
certificated,549101,218,1
educationists,182828,139,1
overweighted,32405,52,1
sharpshooter,29180,87,1
shipbuilders,506175,209,1
constructors,383850,196,1
commissaries,247583,139,1
valenciennes,365015,106,1
hydrographic,597954,132,1
perspicacity,148991,82,1
nonconductor,4846,16,1
transmissive,37654,68,1
inaccessible,2131546,541,1
sheepherders,23485,45,1
stainability,9374,20,1
haberdashers,41769,40,1
electrocution,63827,79,1
discoloration,564825,238,1
evolutionists,126527,135,1
holistically,54464,100,1
intercessions,96437,63,1
propertyless,38575,48,1
constituency,2748839,456,1
perfectionism,166421,125,1
coordinators,378585,256,1
homomorphism,124756,73,1
ayuntamiento,31988,35,1
noradrenalin,36280,35,1
interventions,3291898,481,1
expressionist,123148,137,1
alliterations,21555,31,1
adjournments,165182,74,1
anticyclonic,118978,76,1
parallelisms,36691,60,1
enhancements,526990,217,1
delicatessen,92934,98,1
enfranchised,196362,149,1
collectively,4905793,641,1
untrammelled,156162,156,1
coelenterates,35356,42,1
reunification,452978,213,1
quarterbacks,48257,102,1
homogeneously,139591,119,1
subversively,15586,44,1
contrariness,27016,35,1
disqualified,2455787,212,1
southwestward,270183,127,1
desensitized,46648,77,1
anticipative,13911,30,1
illegalities,44872,50,1
coordinately,30364,43,1
calligraphic,87561,96,1
correlatives,71233,55,1
loganberries,35202,20,1
inacceptable,12335,27,1
incalculable,964032,276,1
unidentified,1358415,659,1
subsidisation,22083,37,1
hypochlorite,179026,125,1
complimented,605732,247,1
uninfluential,34359,36,1
chloroplasts,367706,162,1
administrating,54746,57,1
spectroscopy,1958206,364,1
contrapuntal,148615,149,1
substantiation,160650,90,1
informational,1694572,346,1
verbalization,84430,85,1
attributable,3506748,258,1
objectionably,25393,53,1
sufficiently,28850664,1182,1
mucilaginous,142894,120,1
bacteriologic,115150,55,1
misdemeanants,87851,46,1
discontinues,44286,61,1
unmistakable,2536315,719,1
mitochondrion,39035,54,1
sociolinguistic,166862,98,1
redistribute,408327,152,1
phenothiazines,133093,71,1
vacuolization,35480,28,1
serviceberry,21675,23,1
illogicality,19489,29,1
undetectable,233315,141,1
illegitimate,1918420,409,1
misconceives,9372,19,1
purifications,66455,65,1
misplacement,26076,40,1
nonmalignant,83174,38,1
unscrupulous,1220898,467,1
troubleshoot,147900,76,1
arteriovenous,108493,54,1
antipyretics,87785,54,1
subnormality,13791,31,1
overpressure,116642,94,1
butterscotch,58653,90,1
alphanumeric,269979,121,1
intercessors,40907,74,1
agglutinates,18611,46,1
untrustworthy,285351,177,1
hypertensive,847665,142,1
accelerations,424092,182,1
deteriorations,20470,36,1
programmatic,776597,257,1
cobblestones,146209,140,1
misinterpret,247943,90,1
transferable,2075715,230,1
tuberculosis,6498760,640,1
expediencies,14345,33,1
cyclohexanol,33313,30,1
streptococci,569376,171,1
huddersfield,376699,161,1
isomorphisms,55291,56,1
pictographic,31666,56,1
evangelization,232106,119,1
disqualifies,88057,78,1
functionaries,537553,255,1
placeholders,38858,57,1
extensionally,12035,30,1
oleomargarine,385363,196,1
polarography,45171,40,1
alphabetical,2079903,258,1
nonexistence,148083,74,1
arteriography,72916,67,1
eclectically,20381,49,1
decipherable,57177,67,1
elephantiasis,108785,68,1
trailblazers,18668,37,1
convertibles,87197,108,1
typographers,37226,59,1
reassessments,46765,53,1
intangibility,21409,23,1
indifference,4432621,476,1
murrumbidgee,30442,40,1
colorimeters,12124,28,1
unclassified,862279,328,1
ferricyanide,94087,78,1
unreconciled,57613,88,1
dangerousness,89504,73,1
polyurethanes,78028,58,1
exacerbations,186045,96,1
unconditioned,218605,170,1
confectionary,84849,82,1
reproducibly,72800,69,1
chlorothiazide,32605,31,1
incompetents,155548,93,1
infundibulum,29156,48,1
consciousness,12484863,971,1
diencephalon,62497,49,1
measurability,38924,38,1
faithlessness,139652,67,1
determinedly,302493,271,1
industrialise,8871,28,1
reintroduces,23912,36,1
compositional,866404,273,1
capabilities,6430122,717,1
untimeliness,29714,23,1
valedictorian,60882,52,1
dynamometers,37710,60,1
cumulatively,340609,194,1
antireligious,48942,64,1
gubernatorial,320772,117,1
unfamiliarity,136297,66,1
phonographic,54812,77,1
adulterations,95885,65,1
equipartition,16899,38,1
solicitously,65685,104,1
unparalleled,1041197,445,1
proscriptions,106255,83,1
perverseness,121924,70,1
planetariums,18919,19,1
phonological,1047068,195,1
radioisotopes,372255,142,1
unimaginable,470889,325,1
protectionism,403503,198,1
indebtedness,4232838,396,1
retrenchment,761010,219,1
gametophytes,32345,54,1
visualisation,115602,99,1
consternation,1266574,214,1
traitorously,86340,86,1
assimilative,85211,97,1
slaveholders,339498,201,1
illuminative,44832,67,1
transpacific,61018,73,1
subparagraph,4677716,157,1
insubstantial,422305,251,1
recuperators,27405,37,1
afterburners,27739,40,1
commandeered,239749,138,1
precipitator,61708,101,1
entablatures,53865,44,1
submissively,138401,172,1
unadvertised,18172,44,1
manipulative,856327,313,1
epiglottitis,30142,25,1
imperiousness,34852,40,1
approximates,607415,328,1
masterminded,103569,54,1
malformations,362842,169,1
incapacitate,92731,68,1
householders,575889,271,1
distributions,5314724,624,1
dicotyledons,82591,51,1
harlequinade,7982,23,1
constructive,7275394,621,1
multistoried,11506,35,1
unscientific,514518,224,1
obscurantist,49706,69,1
mountaintops,29755,74,1
synchronisms,8467,26,1
antagonistic,1277501,344,1
necessitarian,11188,31,1
epistemology,859162,235,1
remonstrated,401376,165,1
depositaries,87401,66,1
integumental,11448,38,1
congratulation,571619,126,1
alternatives,7952211,661,1
instrumented,318041,287,1
eigenfunction,35932,48,1
translational,488497,177,1
unreliability,213646,83,1
endorsements,520945,196,1
unresolvable,40317,62,1
impertinence,376473,145,1
insurability,35632,40,1
conservative,9580122,1238,1
demonstrator,233336,195,1
rhetorically,242545,184,1
prerequisite,713350,247,1
keratoplasty,14191,23,1
remembrancer,34125,71,1
nontechnical,209113,113,1
turbocharger,45404,79,1
cryptography,443128,128,1
retranslated,59734,34,1
noncorrosive,50806,58,1
luminiferous,106948,23,1
spectrograph,207959,127,1
androsterone,28466,29,1
canaliculate,19539,30,1
analytically,755621,217,1
resuscitation,562648,228,1
undesirables,91104,83,1
poliomyelitis,411374,179,1
monometallic,8446,31,1
magisterially,16964,58,1
policymakers,1874226,320,1
relinquished,1421371,314,1
predicaments,97001,83,1
priggishness,15484,25,1
contributions,21702168,868,1
commandments,4437921,300,1
unchaperoned,24010,57,1
photomontage,19780,34,1
archetypical,24973,83,1
daguerreotype,62002,96,1
confectionery,1082950,284,1
contravention,235531,63,1
respectively,20267212,1896,1
modifiability,26628,24,1
reintroduced,655961,166,1
pyrotechnics,156071,91,1
nationalities,1908338,346,1
submaxillary,95675,51,1
insectivores,56370,49,1
impersonates,31850,38,1
profoundness,20110,20,1
spectaculars,11870,40,1
benevolences,104868,61,1
manifoldness,20548,24,1
mystification,151001,93,1
appropriately,4149932,763,1
condescended,401541,98,1
oceanographer,23560,49,1
recapitalize,13922,27,1
reformulates,17619,23,1
hallucinated,48363,85,1
carbonization,143635,125,1
combustibles,205198,118,1
disfiguration,15363,21,1
abolitionists,483905,245,1
beautification,197561,105,1
presentments,95857,77,1
sadistically,28953,62,1
counterforce,48445,75,1
commemoration,401869,185,1
asymptomatic,995077,240,1
intermixture,92094,68,1
merchandises,128414,60,1
actualization,210720,105,1
divisiveness,110334,72,1
pasturelands,69628,37,1
disobedience,1807384,318,1
legitimately,1850365,467,1
reappointment,491267,89,1
reintegration,529617,117,1
vituperative,85576,100,1
individually,6915432,871,1
extrapolates,68738,42,1
peripatetics,32019,64,1
rickenbacker,32098,85,1
halfheartedly,49191,101,1
electrocuted,180711,78,1
victimization,652249,199,1
felicitations,94793,59,1
commissariats,12941,31,1
moneylenders,167487,124,1
dimensionless,822798,268,1
polypeptides,325131,138,1
superiorities,36885,54,1
magniloquent,17055,36,1
kinetochores,19842,37,1
domesticated,1047866,378,1
conjunctures,27710,52,1
solemnization,29612,32,1
subcarbonate,6760,17,1
performances,4771152,718,1
petrifactions,27815,41,1
unacceptably,439926,98,1
unresponsive,632881,261,1
xanthomatosis,11812,11,1
disorientating,16674,28,1
uncompromising,1298762,393,1
triglyceride,289838,124,1
paracentesis,45580,61,1
dispensaries,721885,188,1
intentionally,5591766,744,1
oxyacetylene,46850,47,1
surveillance,3838289,650,1
eccentricity,705722,247,1
outdistanced,88874,67,1
unmistakably,1257018,464,1
possessively,72924,77,1
derivatively,95612,62,1
polymorphous,66358,81,1
commensality,15636,21,1
crystallised,662059,197,1
postponement,765811,191,1
counterstain,13036,24,1
urobilinogen,39453,37,1
coffeehouses,75557,87,1
boardinghouses,45944,58,1
significance,13153051,670,1
preponderant,218238,171,1
blandishment,18245,28,1
expectancies,172070,139,1
befuddlement,15687,28,1
untenantable,12813,15,1
traineeships,140486,48,1
soliloquized,27140,34,1
permittivity,114964,90,1
cumulonimbus,25977,44,1
protactinium,34664,26,1
orchestrates,39378,43,1
preponderating,92448,124,1
associationism,21760,42,1
falsification,273064,130,1
incrimination,107856,84,1
microbalance,7753,34,1
peripherally,210357,155,1
disabilities,13128995,509,1
sulphuretted,198378,71,1
clannishness,19838,33,1
hagiographers,17695,44,1
modernization,3550487,450,1
geophysicists,132232,92,1
fermentative,82908,65,1
nucleoprotein,43633,56,1
contradiction,2685108,358,1
systematical,62910,64,1
inadequately,885558,221,1
bactericides,31298,33,1
transgressed,482686,139,1
trophozoites,47969,63,1
mineralogist,89811,84,1
invulnerable,353456,205,1
sleepwalkers,9562,34,1
folkloristic,31232,61,1
sophisticate,23172,65,1
reconstructs,115196,92,1
iconoclastic,200046,187,1
uninterested,337567,155,1
superintends,118413,50,1
enlargements,384835,159,1
preconception,112446,81,1
productively,334978,202,1
academically,560231,208,1
administered,13445603,870,1
diplomatists,170512,138,1
ethnocentrism,152654,90,1
improvisation,615692,276,1
macroevolution,27685,21,1
indisputable,1222882,272,1
gesellschaft,501457,165,1
disintegrating,521559,379,1
confederation,1168598,375,1
mercantilist,81470,106,1
righteousness,6566723,481,1
emphatically,2141167,521,1
interstitials,97276,75,1
officeholder,21148,51,1
recalculated,258054,119,1
condensations,87591,98,1
commemorates,170134,155,1
compulsively,126772,209,1
lectureships,53185,43,1
compensations,534687,170,1
overestimate,427473,152,1
psychometric,344301,104,1
confoundedly,52766,96,1
collectivism,360816,141,1
archipelagoes,27559,45,1
teetotallers,28125,54,1
circumscribing,89073,92,1
magnetisation,44738,67,1
codefendants,248138,81,1
bronchospasm,116330,65,1
speleological,3759,11,1
hellenization,10102,29,1
ineffability,18601,22,1
spiritualist,91952,136,1
monopolistic,459558,238,1
investigates,629916,297,1
levorotatory,20987,24,1
unsupervised,316530,241,1
propagandize,26419,36,1
supramundane,18668,40,1
relationships,18550435,1062,1
prolifically,25736,61,1
transplanter,7614,25,1
interpreters,1651971,384,1
anaplasmosis,40427,32,1
immutability,146577,71,1
histologists,15985,39,1
disharmonious,17108,42,1
beneficently,40031,73,1
philological,458661,197,1
nominalistic,19713,43,1
manageability,79183,43,1
crisscrossed,156153,127,1
reprogrammed,82423,69,1
symbiotically,17947,48,1
metaphysical,2984710,649,1
hermeneutics,393941,178,1
afterthoughts,50892,50,1
anatomically,306430,147,1
departmental,2978141,498,1
shirtsleeves,180970,89,1
insolvencies,51653,57,1
agglomerated,156551,123,1
acculturation,507101,187,1
spectrograms,101474,77,1
encyclopaedias,89663,78,1
declassified,270784,105,1
traumatology,59840,13,1
apportionment,3872029,296,1
factorisation,8059,26,1
worthlessness,237725,91,1
neurofibroma,15125,30,1
facilitators,384071,188,1
telegraphist,23919,39,1
extrasensory,36967,42,1
predilections,311913,102,1
phylogenetic,670236,153,1
underwriters,1050397,382,1
concreteness,245682,86,1
unacceptable,2721051,551,1
distractedly,86734,137,1
redistributing,231832,104,1
unobtainable,291135,124,1
reconnoitred,80540,69,1
subjectively,545225,243,1
microtubules,310519,151,1
recognisable,403580,286,1
incorporated,29934363,1302,1
photocathodes,13749,34,1
conveniently,3967110,722,1
endogenously,69932,65,1
encomenderos,23308,58,1
endometritis,74816,56,1
trichromatic,40571,40,1
coquettishly,50613,80,1
battlemented,86139,77,1
commentaries,2210025,386,1
scintillation,396678,171,1
residentially,23774,35,1
horrifically,18869,60,1
magnetograph,9668,30,1
antediluvians,6707,27,1
unachievable,53954,57,1
bullfighters,17592,54,1
meditatively,76983,114,1
intelligence,21338078,1219,1
clytemnestra,142147,149,1
specification,6486873,815,1
malpractices,119401,75,1
intermarriage,355597,173,1
countermoves,35786,28,1
tercentenary,36750,52,1
reconcilable,143060,59,1
paralinguistic,53004,39,1
practitioners,6649207,642,1
synchronizes,47163,50,1
turkmenistan,264722,152,1
memorability,21284,27,1
advancements,456244,153,1
particularly,112950060,3165,1
microevolution,11803,19,1
unexpectedly,3882661,789,1
compressible,929348,246,1
benedictines,76477,114,1
brunelleschi,67144,95,1
experimenter,425188,291,1
mountainside,113194,200,1
lactobacilli,81756,66,1
analogically,49970,74,1
scandinavians,274388,167,1
archaeopteryx,24417,50,1
inflammatory,2962113,402,1
endomorphism,13427,27,1
regurgitation,254910,150,1
rhododendron,267571,191,1
authorizations,987812,233,1
electrically,1906330,372,1
carburettors,18507,41,1
proportionate,2494777,410,1
meritocratic,50604,76,1
perversities,35360,40,1
gainsborough,298196,219,1
enteromorpha,25223,33,1
positiveness,98773,58,1
lithographers,119236,75,1
companionable,228728,202,1
spiritualizing,27485,46,1
disrespected,67925,62,1
reproductions,1231289,282,1
intralobular,28413,24,1
spiritualize,32689,34,1
archeological,705982,179,1
transplanted,2436727,452,1
harmonically,111080,104,1
malignancies,269798,120,1
diverticulum,77048,101,1
ecstatically,74153,132,1
revivalistic,10230,34,1
aminoaciduria,19969,19,1
independence,24784592,1080,1
psychologizing,11272,35,1
hydrodynamic,665610,210,1
unprofitably,65626,89,1
nonexplosive,25055,37,1
militaristic,196127,191,1
sticklebacks,42921,68,1
transcribers,65874,74,1
amniocentesis,108610,85,1
straightened,2466461,598,1
disturbances,2859735,557,1
osteoarthritis,462694,134,1
recognizably,142068,142,1
miscegenation,185022,120,1
uncontrolled,1763126,675,1
costermongers,23108,50,1
suburbanites,84437,131,1
nationalistic,615919,330,1
watchfulness,572061,144,1
fortification,741098,265,1
satisfactory,19570763,1472,1
otosclerosis,56589,36,1
microcephaly,78811,57,1
untenability,8216,7,1
disreputable,459324,388,1
trustfulness,46588,41,1
constellated,21667,57,1
hemodynamics,95990,61,1
irresolvable,37866,60,1
associateship,48246,33,1
counterparts,1484057,548,1
laryngologist,27114,36,1
appointments,6066004,618,1
transgression,969375,273,1
infelicities,30545,32,1
nonmigratory,27999,33,1
barbiturates,492522,156,1
interstellar,427707,164,1
perambulator,35630,69,1
salvationists,18210,55,1
equivocations,45862,53,1
sequestrator,5758,23,1
governmental,12334991,692,1
undemocratic,372242,165,1
speechwriter,29118,46,1
gouvernement,19622,43,1
neurological,1235672,232,1
snowboarders,34410,38,1
discriminate,2595316,353,1
nonresistant,25956,54,1
garnishments,37466,44,1
confessionals,28990,44,1
mountaineers,309850,244,1
fatigability,111972,33,1
swashbuckler,11341,45,1
stabilization,2967302,538,1
counterpanes,29836,30,1
paleogeography,71694,22,1
dispositional,332706,118,1
syndicalists,46989,58,1
indorsements,190800,93,1
intransitive,524508,123,1
expressivity,59793,58,1
generalities,333493,171,1
microsurgery,41728,43,1
floriculture,131849,70,1
diaphragmatic,167448,111,1
stepdaughter,382886,126,1
unthriftiness,18466,27,1
comprehension,3560395,445,1
transfigures,46685,46,1
prebendaries,98828,62,1
knowledgeably,53696,68,1
ignominiously,227832,164,1
corroborated,1113247,228,1
hydrochloric,14500527,130,1
sequestration,577993,225,1
mournfulness,12738,29,1
unjustifiably,206443,172,1
unexceptional,91474,114,1
stereotypical,343048,318,1
illuminations,362127,177,1
divisibility,109612,76,1
unemotionally,30629,45,1
immortalized,332616,147,1
slaughterers,37636,66,1
embezzlement,946979,182,1
counterblast,9979,16,1
decorticated,75145,84,1
unornamented,50493,77,1
postganglionic,67721,39,1
breathlessness,151532,96,1
baccalaureate,317507,101,1
decoratively,37735,77,1
undisputable,40212,49,1
contestations,61766,50,1
unencumbered,490461,257,1
superclasses,24004,23,1
seismographs,49350,66,1
impersonator,23016,71,1
uncompressed,106564,119,1
forequarters,30534,38,1
antineutrino,57418,37,1
revolutionary,11074938,1154,1
pulverization,38002,59,1
intraepithelial,27018,34,1
temperatures,20119528,945,1
habitability,64510,61,1
depilatories,17618,29,1
incontinence,539959,216,1
masterstroke,11129,16,1
discursively,108697,103,1
blackcurrant,35929,54,1
uncritically,257691,176,1
bidirectional,321238,209,1
unapologetic,81558,69,1
discordances,16661,38,1
changeableness,24651,21,1
characterizing,1049679,478,1
multiplexers,73852,75,1
remunerations,41920,50,1
conterminous,66182,69,1
stonecutters,52288,67,1
psychotropic,356930,62,1
chairmanship,280416,138,1
secessionists,102370,119,1
recuperative,118893,117,1
consideration,43013916,1126,1
responsories,17051,24,1
aggressively,1254955,525,1
randomization,222088,140,1
undependable,101505,86,1
wolstenholme,35749,59,1
exoskeletons,14827,36,1
precancerous,56370,46,1
fraudulently,1472469,256,1
everydayness,15250,25,1
handsomeness,44665,52,1
successfully,18499812,1422,1
irredeemably,84645,82,1
oceanographic,898155,147,1
interestedly,26236,54,1
verifications,119743,90,1
disfranchise,47415,56,1
misconstrued,186247,115,1
exceptionable,70977,96,1
ideologically,703503,204,1
nonmandatory,24189,32,1
pericarditis,240603,117,1
presentations,2313742,487,1
embroiderers,39294,56,1
patriarchates,9428,22,1
continentals,63706,92,1
pedicellariae,21339,44,1
friendliness,964860,254,1
chastisement,298955,141,1
lepidopteran,27447,42,1
minesweepers,71946,79,1
retransmitting,24237,29,1
transgressor,38747,80,1
inappropriate,3892089,675,1
underwritten,378819,151,1
interpolation,875262,296,1
meritoriously,23087,57,1
illegibility,16191,23,1
characterising,103904,119,1
superposition,217491,148,1
basidiomycete,21085,26,1
endocarditis,349748,159,1
elderberries,27799,44,1
apparatchiks,13638,46,1
reciprocation,144456,91,1
homebuilders,40358,59,1
unstructured,748720,251,1
discomforted,28924,55,1
psychotherapy,2343083,390,1
perspicacious,59611,72,1
inconsolable,291233,118,1
tubocurarine,29811,38,1
refractivity,26271,42,1
incompletely,465308,183,1
disfranchising,40200,51,1
unformulated,37659,72,1
apprehensions,1390740,242,1
undiplomatic,24836,42,1
frontiersman,60821,102,1
independency,167610,87,1
policyholder,301076,186,1
preponderate,103257,76,1
nonabsorbent,24626,35,1
overproduced,31612,55,1
electrolytic,1439921,285,1
communicator,216147,205,1
anthophyllite,49107,33,1
syllabication,25452,34,1
idiosyncratic,867893,344,1
accommodated,1481048,308,1
interposition,315399,137,1
gratefulness,75998,46,1
bushwhackers,34104,67,1
repeatability,308862,117,1
irascibility,49203,45,1
fossilization,30255,44,1
interspersed,1315623,332,1
registrations,1058416,276,1
collaborated,862162,161,1
synthetically,135207,116,1
electrotyped,41238,28,1
illuminators,57478,62,1
multiformity,13642,21,1
anathematized,83776,66,1
directorates,100941,85,1
hybridization,647691,248,1
translucence,22923,33,1
bilaterality,12926,22,1
agglutination,656946,173,1
concentrator,369071,198,1
econometrics,232997,114,1
reconfigured,204531,132,1
scrupulously,1242976,284,1
quetzalcoatl,119596,123,1
proclivities,153311,129,1
prophylactic,710181,250,1
limnological,62017,37,1
aftereffects,69158,59,1
confinements,69896,72,1
irresistibly,621518,279,1
obligatorily,55362,77,1
conspiracies,581888,183,1
impersonally,89447,106,1
lightheartedly,25133,78,1
conveniences,1166234,228,1
multiplicand,37127,57,1
countersinking,29935,33,1
assassination,1392579,393,1
overabundant,29944,63,1
privatisation,546715,235,1
unintentional,761903,337,1
demonstrably,668035,288,1
artillerists,39696,68,1
cancellations,633722,175,1
commiseration,225226,91,1
reassignments,54719,49,1
infelicitous,33301,60,1
technologist,133107,162,1
salespersons,171685,111,1
incisiveness,46787,39,1
subcontracts,594162,116,1
trajectories,781725,308,1
aquacultural,22531,30,1
individuated,129445,122,1
statisticians,686425,249,1
hyperacidity,43701,44,1
hairdressers,145351,120,1
dicarboxylic,462810,31,1
universality,1168623,212,1
officiousness,35026,40,1
triamcinolone,58746,31,1
immunizations,249017,136,1
paraphernalia,455914,241,1
gonadotropin,149153,90,1
sanctimonious,148331,191,1
animadverted,90928,32,1
steelworkers,336446,176,1
telegraphers,130947,105,1
subcontracting,547930,181,1
hydrological,560240,134,1
gerrymandering,42188,88,1
psychologist,1036791,546,1
intensifiers,33703,57,1
etymological,365416,157,1
necessitates,1326313,475,1
antifeminist,21917,51,1
rehabilitating,355546,164,1
hopelessness,875824,230,1
behavioristic,48027,60,1
exploitations,45459,53,1
spiegeleisen,68504,50,1
definitively,738754,329,1
anthelmintics,37797,48,1
acclimatised,45714,76,1
trichomonads,21598,29,1
chiropractic,297323,144,1
quadrennially,25519,17,1
peculiarities,1767791,278,1
manipulators,203823,169,1
semicircular,831435,470,1
homeomorphism,34552,42,1
consistently,12298590,1138,1
obliviousness,27692,32,1
sporadically,421020,267,1
unimprovable,21108,28,1
disconsolate,383282,284,1
equilibration,312722,132,1
advisability,138900,46,1
antibacterial,405579,129,1
irresistible,2798517,666,1
unsurprisingly,338388,170,1
interceptions,66095,77,1
reinstitution,17071,18,1
ornamentally,16031,40,1
consensually,31528,58,1
catastrophes,361641,191,1
verticillate,23528,39,1
understaffed,205716,91,1
iontophoresis,24104,31,1
predominates,561404,263,1
complemental,37900,77,1
tractability,50154,45,1
inconsistent,10184885,591,1
gesticulated,93558,64,1
subjectivist,61768,80,1
schoolmaster,737501,353,1
eyewitnesses,188110,143,1
regularities,241608,131,1
architecture,11062878,1261,1
merchandizes,125142,39,1
gynecologist,155100,115,1
masqueraders,15521,45,1
communicates,1209185,334,1
linguistically,601478,171,1
pennsylvanian,400743,241,1
motorcyclist,34630,87,1
unfertilized,378088,122,1
resuscitator,9712,31,1
philosophizing,165861,137,1
stockholders,5640094,500,1
inaccuracies,617744,164,1
sensitization,320743,159,1
remonstrants,35648,64,1
carbonisation,36565,62,1
judiciousness,23762,24,1
reciprocated,455210,163,1
confectioners,284341,111,1
sterilisation,155072,119,1
debaucheries,82083,50,1
malapropisms,19443,29,1
misrepresent,345972,109,1
unilaterally,810751,329,1
conveyancers,53677,65,1
aristophanes,477431,245,1
inappreciable,76955,76,1
metamorphism,445724,157,1
unstratified,101620,96,1
leucocytosis,74787,65,1
presentiment,101278,104,1
overvaluation,51126,62,1
cosmographer,12541,20,1
nitrobenzene,187902,90,1
commentators,3024385,412,1
unconvincingly,34918,56,1
plausibility,440710,150,1
teleprompter,54566,37,1
unfortunates,161602,166,1
extramarital,137095,65,1
revolutionize,191820,154,1
constabulary,245117,220,1
inquisitorial,183516,141,1
resurrections,46257,46,1
interactional,301913,134,1
undercarriage,110458,141,1
embroideries,293202,144,1
unsegregated,15463,37,1
homelessness,661074,219,1
newspapermen,163700,166,1
coordinative,55441,54,1
inadvertency,25677,39,1
unsubstantial,271301,177,1
pedantically,31133,79,1
suggestively,125503,177,1
incorrigible,464671,272,1
adiabatically,55775,67,1
scholarships,3241565,385,1
subsidization,124503,103,1
uncharitable,236977,152,1
consequential,1305230,345,1
reintegrated,133020,55,1
decrepitation,11328,26,1
matriculation,607773,157,1
efflorescent,20819,42,1
bactericidal,265662,111,1
convulsively,125568,166,1
overbalances,13176,34,1
communitarian,183951,147,1
renouncement,15123,26,1
pottawatomie,47976,52,1
reexamination,355886,120,1
infiltrators,62774,92,1
chromaticity,41036,50,1
functionalism,180009,142,1
profundities,15676,30,1
protuberance,95330,129,1
intervocalic,27200,38,1
allochthonous,59248,67,1
paramilitary,350603,174,1
unexpurgated,37354,46,1
bombardments,91231,97,1
configurable,77434,118,1
septentrional,2480,12,1
contextually,149982,97,1
contrivances,397074,166,1
boatbuilders,16145,38,1
protestations,595270,156,1
incidentally,6555036,770,1
configuration,6737410,962,1
prescriptions,1529856,364,1
repetitively,97302,161,1
coincidental,470024,168,1
contemptuous,1179888,389,1
observational,1794148,274,1
galvanization,15202,31,1
capercaillie,10782,20,1
incongruously,109162,174,1
contributive,26734,46,1
entrepreneur,778354,466,1
portentously,32147,86,1
counterpoise,100054,122,1
spokesperson,225967,228,1
circumvention,109069,70,1
philistinism,51549,45,1
melodramatic,525898,345,1
acquirements,539695,140,1
preconcerted,86837,71,1
unassailable,365727,192,1
surreptitious,239170,296,1
irredeemable,118355,131,1
watercourses,501974,191,1
astrological,353319,196,1
transmitters,782741,310,1
unattributed,29513,61,1
undecomposed,82228,106,1
undercharged,16833,31,1
environments,4077328,781,1
industriously,331210,258,1
refractories,481765,205,1
anencephalic,12937,29,1
rheumatology,88033,53,1
reconsidered,1048647,216,1
superimposed,2507168,587,1
overwhelmingly,1550547,438,1
reinterprets,34263,33,1
brokenhearted,73207,92,1
geometrically,368085,184,1
insolubility,107472,42,1
contortionist,5794,27,1
notifications,544577,202,1
irrefragable,94750,74,1
reenlistment,198472,79,1
bodybuilders,38317,79,1
conductivity,2762979,476,1
opportunists,154061,119,1
proprietress,22258,57,1
distributive,1166365,252,1
invisibility,321564,157,1
caterpillars,895288,362,1
socioeconomic,2619774,271,1
encyclopedias,371007,168,1
appendectomy,69600,71,1
disemboweled,38867,59,1
continuations,225627,102,1
photovoltaic,438508,138,1
technocratic,172561,158,1
adjudicative,164353,69,1
articulations,234236,171,1
untraditional,32595,66,1
degeneracies,21345,37,1
battleground,140789,127,1
intercalated,460413,212,1
phylacteries,47816,69,1
tolerability,136639,41,1
untouchables,144417,107,1
inexperience,846041,186,1
hepatomegaly,128984,50,1
stabilisation,342084,187,1
unhistorical,79028,95,1
championships,366681,216,1
paraboloidal,18955,45,1
interrogates,64611,59,1
overbalanced,79271,76,1
unrestricted,1801196,566,1
accouchement,37663,48,1
unremembered,79545,94,1
certification,9712535,698,1
hypermetropia,35324,44,1
gobbledygook,17277,47,1
compressional,244094,92,1
malfunctioned,62891,59,1
apologetical,19271,41,1
pauperization,15210,24,1
deliberations,2697692,294,1
comprehended,1335823,260,1
conservations,14112,31,1
pumpernickel,53087,43,1
equivalences,83599,92,1
assimilatory,18720,46,1
programmable,698382,344,1
fibrinolysis,131055,53,1
phytophagous,45595,50,1
spectroscope,104366,106,1
unconsidered,75505,127,1
chloropicrin,67349,36,1
proliferation,2984621,373,1
mechanisation,155465,117,1
supplemental,6250268,816,1
interviewers,788307,299,1
proliferated,349325,144,1
fraternities,422961,234,1
transcendant,50160,86,1
objectionable,2675723,640,1
contaminates,86706,100,1
countenances,252761,209,1
disastrously,287842,192,1
simpleminded,56086,96,1
netherlandish,34077,59,1
preexistence,24249,37,1
blockbusters,39257,77,1
intelligibly,185235,132,1
prospectuses,216332,127,1
nonsensitive,21957,36,1
prizefighter,10453,50,1
procedurally,210742,106,1
businesslike,652003,296,1
superlatives,168810,96,1
recrimination,255335,111,1
alliterative,144221,117,1
macroeconomic,1040202,187,1
candlesticks,325442,232,1
chronometric,48305,40,1
subsequently,38073466,1677,1
premaxillary,115001,63,1
spermatocyte,12910,37,1
emplacements,307778,123,1
bewilderment,803503,219,1
participated,7949195,508,1
alexandrines,19583,38,1
romanticists,47280,78,1
prototypical,208161,271,1
densitometer,41225,65,1
pejoratively,23454,46,1
misogynistic,54467,103,1
accreditation,1652261,304,1
autobiography,3825858,516,1
carbohydrate,2389922,340,1
heterogenous,111811,131,1
evangelisation,26136,46,1
clairvoyance,194558,132,1
ministrations,472363,133,1
industrialism,255748,152,1
manifestation,1780144,322,1
premenstrual,132898,65,1
combinational,75436,76,1
achievements,6348247,522,1
anachronisms,108490,81,1
propagandist,205990,218,1
insufficient,12969334,990,1
differentiating,1085622,409,1
authenticated,1161272,325,1
adjudications,219481,129,1
choreographic,122812,91,1
archaeologies,5832,21,1
domestically,830769,223,1
knowledgeable,1709723,424,1
accomplished,21022034,1095,1
quadriplegic,35052,59,1
microseconds,136137,81,1
pluralization,21533,34,1
systemization,18949,21,1
scientifique,23664,39,1
prejudicially,119506,72,1
considerable,55989545,1973,1
enshrinement,13038,18,1
dramatisation,17272,26,1
transactional,474018,200,1
oophorectomy,43483,44,1
inconclusive,1361289,250,1
orchestrator,17181,33,1
noninfectious,77372,59,1
universalize,30120,38,1
reduplication,108297,107,1
dislodgement,21944,27,1
reflectivity,388327,186,1
interrogated,1064848,223,1
extravagance,1593771,288,1
metamorphose,154487,79,1
symbolisation,11089,19,1
restatements,51803,54,1
superinduced,84731,69,1
dilapidations,96485,48,1
disbelievers,50475,72,1
indiscreetly,59678,102,1
decomposition,3111142,515,1
squeamishness,45152,53,1
recapitulate,245211,95,1
consultative,919752,203,1
remunerative,779145,249,1
mastectomies,26774,26,1
unfavourable,1256189,370,1
postgraduate,1196647,184,1
repositories,263912,174,1
recalibration,59697,48,1
suffragettes,50682,91,1
affirmatives,15363,39,1
delightfully,813315,368,1
proprioception,99030,68,1
orchestration,275516,164,1
methodologies,1666145,281,1
calorimetric,171035,77,1
schoolfellow,174109,66,1
entrenchment,104209,111,1
unapproached,31929,41,1
vicissitudes,582073,166,1
actualisation,21641,38,1
antinomianism,42094,50,1
semiconscious,42133,57,1
intromissions,33429,29,1
vocalizations,151346,126,1
rationalities,35350,43,1
precipitates,860056,345,1
bacteriophage,182529,100,1
asseverations,37004,44,1
ponchartrain,6736,24,1
distributers,54519,54,1
hydrostatics,90837,44,1
irreversibly,281466,187,1
oppressively,201012,153,1
lymphoblasts,38831,40,1
ornithologist,71872,102,1
excentricity,10924,29,1
nonindustrial,91010,68,1
promontories,163045,121,1
distributors,3904046,635,1
parliamentary,6354674,709,1
heritability,171874,105,1
taxidermists,24009,38,1
hypnotically,31956,80,1
sponsibility,11341,47,1
nonrenewable,149482,69,1
teleportation,28628,64,1
phototropism,19272,21,1
heedlessness,73848,63,1
artificiality,208874,95,1
pervaporation,16750,25,1
tobacconists,45321,47,1
unserviceable,206405,167,1
inveterately,31207,71,1
interjections,186139,110,1
empyreumatic,38184,26,1
consequently,61234447,1692,1
unappreciated,218143,158,1
minicomputer,128169,134,1
reciprocates,55718,68,1
scatological,36801,70,1
surmountable,39262,35,1
abstractedly,134772,140,1
superstitions,1298860,303,1
indisposition,342667,137,1
adjudicators,69895,88,1
stapedectomy,5806,14,1
glycoprotein,208782,135,1
irreplaceable,482331,233,1
homosexually,12404,27,1
bronchoscope,14958,41,1
tenderhearted,45684,69,1
nonidentical,46762,56,1
nonstrategic,19332,32,1
wickednesses,22821,22,1
streptomyces,73361,58,1
compendiously,19673,50,1
conversazione,38444,49,1
instructional,4633000,411,1
intercurrent,57180,41,1
unfertilised,29637,36,1
unrecognised,119136,144,1
commercializing,66118,53,1
definiteness,481680,116,1
ferrocyanide,101117,92,1
oscillograms,49264,47,1
selflessness,220075,100,1
caricaturist,41250,60,1
contributors,3018022,621,1
monotonicity,86324,64,1
circumduction,26232,18,1
chronographs,15439,24,1
qualification,4352346,513,1
gracefulness,150238,74,1
continuative,15901,32,1
entertainers,624853,247,1
refreshments,1476148,259,1
unmanifested,22483,41,1
mobilizations,42907,74,1
introductory,9670220,517,1
industrialize,44078,65,1
commencement,3173389,398,1
demonstrates,3873102,868,1
substructure,238316,184,1
cholelithiasis,108640,52,1
merchantable,559707,229,1
interrupters,23230,54,1
abstractness,67061,50,1
restoratives,59806,50,1
airworthiness,124261,66,1
conformities,32624,35,1
decasyllabic,15434,31,1
reliabilities,86746,65,1
bougainvillea,76645,73,1
exceptionally,8497562,536,1
spiritualism,393585,181,1
precipitation,6231853,601,1
perambulation,36824,49,1
musicologist,71699,84,1
authentication,1142355,301,1
mechanically,2423619,681,1
appraisement,514111,135,1
augmentations,65412,66,1
neocolonialism,99923,48,1
osteosarcomas,23329,32,1
extinguishment,204153,83,1
magnificence,1537445,237,1
discretionary,2863942,376,1
accomplishes,775698,234,1
servicewomen,30794,30,1
bloodsuckers,27475,51,1
testosterone,1061322,279,1
subscriptions,4161450,437,1
hydroxylation,82384,77,1
interlobular,61660,38,1
tranquilizer,72537,84,1
kitchenettes,88003,47,1
understandings,1846208,287,1
disassociation,78500,47,1
hydrogenation,381732,172,1
choreographed,173684,168,1
trypanosomes,153351,117,1
perspirations,10998,28,1
accommodates,535926,301,1
parasitology,297985,80,1
christianized,153390,143,1
uncorrelated,480769,143,1
commendatory,90730,82,1
thermodynamic,1318869,213,1
constrictions,105304,103,1
endoskeleton,5345,17,1
collectivist,162941,148,1
perspectives,6677180,580,1
collaborates,85479,42,1
incarceration,1090249,270,1
transmutation,274106,130,1
dialectically,102744,122,1
symbolically,890808,450,1
directionless,56916,80,1
carpetbagger,10625,34,1
corresponded,1354893,302,1
mercantilism,91528,88,1
artillerymen,129701,141,1
patriotically,115780,135,1
clairvoyants,30966,58,1
parkinsonism,201771,76,1
bachelorhood,45395,44,1
articulatory,141388,89,1
asymmetrical,774415,540,1
brushstrokes,46238,98,1
tranquilized,20610,54,1
kaleidoscope,72750,130,1
viscosimeter,11488,42,1
teleprinters,25276,38,1
complexities,875794,215,1
chiropractor,53935,96,1
formalisation,30201,42,1
disaccharide,52384,62,1
imperialistic,259280,184,1
protectively,183340,146,1
philharmonic,260142,190,1
invariability,20942,25,1
denominations,2233719,366,1
sportscaster,16675,52,1
bodhisattvas,211257,111,1
octogenarians,23581,41,1
phenotypical,13224,30,1
fundamentals,819626,338,1
metalinguistic,61959,84,1
semitrailers,116052,53,1
pharmacology,1378243,257,1
americanisms,36206,60,1
rationalistic,247341,166,1
illegitimacy,355576,150,1
recklessness,522812,191,1
collectibles,244301,135,1
rostropovich,19199,37,1
neurasthenics,17040,34,1
orchidectomy,8455,21,1
complaisance,164349,95,1
subterraneous,108226,123,1
transmissions,970530,365,1
amphetamines,321395,137,1
luxuriousness,20575,30,1
whippoorwill,23988,64,1
cynocephalus,5069,16,1
syncretistic,37524,69,1
impoverished,1630194,527,1
heterosexual,1215181,363,1
transaminase,42591,57,1
chaplaincies,13444,26,1
initialisation,16753,36,1
hypoglycemic,97831,71,1
whortleberry,24130,30,1
incandescent,1784552,420,1
associatively,13517,42,1
rightfulness,12210,16,1
vasodilators,109676,61,1
foreshadowed,561305,188,1
miraculously,1148311,492,1
polysynthetic,19886,31,1
contemplated,7237976,834,1
commendations,253256,113,1
regimentation,156732,98,1
outstretched,3199775,388,1
territorially,120784,97,1
absentminded,50336,84,1
overcapacity,64947,73,1
dispensatory,29281,33,1
stomachaches,29752,34,1
propositional,497977,147,1
procurements,280574,147,1
contraception,932560,246,1
biostatistics,166717,47,1
ratifications,228990,88,1
macrocephaly,17152,16,1
intermediation,88420,116,1
chickahominy,21116,58,1
microeconomic,313624,84,1
dodecahedron,24114,41,1
fortuitously,159104,167,1
tyrannically,48591,76,1
slovenliness,57920,55,1
photodynamic,54486,36,1
citizenships,13680,27,1
inextricable,298827,122,1
principality,375499,144,1
unmeritorious,14079,24,1
calcification,429257,180,1
caravanserai,18509,60,1
unenforceable,792693,130,1
narragansett,317658,162,1
visualization,1231983,330,1
professionals,7808176,750,1
unreflective,86642,97,1
spectrometer,1076218,309,1
trusteeships,45710,45,1
childishness,127955,80,1
videocassette,62982,67,1
recapitulating,60594,64,1
microbrewery,9819,27,1
hydrographer,31003,44,1
reconstitute,166152,107,1
oscilloscope,391327,152,1
ichthyosaurus,10082,24,1
demographers,153708,127,1
documentation,6201999,625,1
provincialism,149070,108,1
consanguineous,56368,55,1
collaborator,528462,228,1
introspection,558323,221,1
horticulture,1484679,366,1
oscillograph,278280,92,1
partisanship,475413,201,1
illustrators,417524,185,1
intrenchment,24243,53,1
considerably,25562876,864,1
tranquillizing,28705,50,1
forcefulness,102057,61,1
unimportance,42668,42,1
countermarch,20261,32,1
vulcanisation,22056,40,1
terrestrially,9447,31,1
bacteriolytic,15375,23,1
automobilist,8389,31,1
noncompliance,1063406,172,1
undergarment,44627,69,1
cyclopropane,112814,75,1
cosmologists,53123,79,1
modifications,7400978,570,1
hieroglyphic,201450,145,1
denominators,136237,93,1
immortalised,89151,71,1
stupendously,28246,76,1
proliferates,43627,68,1
preeminently,263222,162,1
definability,15717,18,1
parachutists,55179,92,1
consignments,421449,186,1
ecclesiastics,429135,214,1
expectoration,342257,126,1
asthenosphere,26483,46,1
supernatural,3464122,685,1
understudied,45120,62,1
sharecropper,38761,95,1
semitropical,55604,53,1
infrequently,5460885,566,1
housekeepers,276777,199,1
preschoolers,505083,198,1
legislatures,1809192,371,1
physiologists,447135,194,1
calligrapher,39829,56,1
condemnations,159811,102,1
cohesiveness,294910,128,1
localizations,31885,58,1
indecisively,16861,49,1
harmonization,464313,151,1
warehousemen,420609,150,1
deliverables,196463,108,1
nonalignment,62047,62,1
manufactured,14339616,1159,1
materialistic,800159,315,1
interrogation,1644548,413,1
reverentially,57654,98,1
shareholders,7369631,629,1
cauliflowers,118513,96,1
companionably,29283,66,1
tumultuously,94407,99,1
communication,39095318,1468,1
influentially,31340,39,1
disassociated,217841,77,1
rearrangements,234418,124,1
roentgenogram,37768,54,1
organizations,29008399,1276,1
transnational,1519780,387,1
marshmallows,155836,130,1
authorisations,48607,53,1
bilateralism,31577,51,1
committeeman,123731,113,1
distilleries,368834,187,1
biochemically,133663,75,1
segmentations,18693,54,1
folliculitis,28132,35,1
putrefactive,66392,44,1
sensationally,44154,92,1
reinterpreting,74907,60,1
hierarchical,2130751,469,1
overstrained,124045,115,1
taurocholate,18766,31,1
simplicities,25710,44,1
saxophonists,17106,55,1
panchromatic,164991,63,1
unregistered,579627,268,1
toastmasters,24599,23,1
thoroughbreds,109585,112,1
impressionism,168766,119,1
confirmatory,508827,199,1
snobbishness,56319,56,1
signification,816052,246,1
orthodontists,32517,46,1
hygienically,48306,57,1
gooseberries,333806,171,1
storytellers,242603,179,1
substantives,146360,84,1
ambassadress,13675,38,1
magnification,844517,241,1
scarification,68065,92,1
cultivatable,38912,30,1
indefinitely,1846268,521,1
heterogeneous,2530973,578,1
rediscovered,592922,227,1
midwesterner,4997,16,1
precipitated,4427456,513,1
axiomatically,22969,64,1
undiminished,554131,214,1
dissatisfied,2305069,370,1
circumstance,9720561,551,1
hypermarkets,36914,45,1
ungrammatical,194948,117,1
availability,7522742,705,1
admeasurement,57410,56,1
confirmations,283741,136,1
thoroughfares,334194,208,1
unlubricated,19005,40,1
inequivalent,48986,46,1
resettlement,1151968,272,1
unrestrained,974010,480,1
predecessors,9675927,500,1
enterokinase,11131,20,1
apochromatic,16481,22,1
schoolteacher,187708,219,1
indeclinable,37135,39,1
separability,113589,74,1
remonstrance,738596,189,1
interregional,264262,123,1
unmercifully,213803,178,1
autonomously,228605,167,1
photoelectron,683305,94,1
avitaminosis,19934,27,1
benevolently,122725,147,1
crystallized,1951129,401,1
bronchiolitis,97423,48,1
semidetached,20650,46,1
inequalities,1468774,323,1
anticyclones,103351,65,1
restlessness,1240723,300,1
outmanoeuvred,31824,30,1
convalescent,1611334,299,1
dilettantism,33467,46,1
accumulative,173307,180,1
excursionists,70805,90,1
semiconducting,106301,87,1
uncatalogued,24913,49,1
inclemencies,7559,6,1
municipality,3816005,499,1
exterminator,32566,62,1
sportswriter,31011,72,1
physiognomies,17863,49,1
incomparable,1138058,618,1
cosmopolitan,1611899,559,1
multinucleate,80672,53,1
dexamethasone,328219,107,1
unquestioningly,106014,133,1
historically,7124200,789,1
explicitness,84591,68,1
unobservable,161209,113,1
hospitallers,72636,75,1
misadventure,133974,106,1
unmistakeable,143663,115,1
polytechnics,179743,83,1
miscellanies,195443,83,1
supplicatory,15604,43,1
petrological,99111,52,1
confiscations,173382,86,1
physiognomist,12088,41,1
appurtenance,37404,47,1
photocopiers,45251,58,1
conglomerated,27053,55,1
juxtaposition,369958,157,1
verifiability,58436,52,1
repossessions,32175,44,1
inexplicably,452913,354,1
protectionist,408646,275,1
protozoology,20454,18,1
brotherliness,28761,37,1
excitability,195731,137,1
commercialism,200983,139,1
transceivers,71781,90,1
accelerative,14168,38,1
intransigent,160995,162,1
tetracycline,447041,157,1
restaurateur,39306,107,1
extravaganza,81635,128,1
authoritarians,35575,59,1
reduplicated,104711,92,1
contrariwise,328022,130,1
counterclaim,1011156,183,1
spitefulness,20718,32,1
anisotropies,23972,43,1
romantically,226324,210,1
arsenopyrite,175402,62,1
spermatozoon,56205,69,1
unsuspectingly,44955,92,1
meticulously,647306,305,1
crystallizes,353883,128,1
ophthalmology,231223,175,1
radiochemical,150102,65,1
paterfamilias,37070,94,1
crystallites,107947,119,1
brutalization,21129,23,1
testamentary,763813,176,1
intercessory,55237,58,1
standardized,4722572,854,1
ranunculaceae,12084,24,1
questionnaire,3732811,509,1
commercialize,94938,70,1
sterilization,1250176,326,1
unquenchable,376474,121,1
baroreceptor,23196,30,1
disapprovingly,92343,71,1
readjustments,215373,110,1
positivistic,108883,110,1
flirtatiously,17605,45,1
gyromagnetic,141350,21,1
acquaintance,7169953,607,1
subjectivity,1475275,293,1
monotonously,131458,179,1
quintessence,89576,70,1
indissoluble,458760,136,1
fertilisation,133279,125,1
interminably,81452,141,1
turbocharged,61075,75,1
substantially,19401383,1084,1
orthographies,19837,38,1
semidarkness,6128,29,1
noncommittal,213211,124,1
discouragingly,53208,77,1
masculinized,26925,67,1
authenticates,45427,48,1
expeditiously,602001,212,1
cheerfulness,1349969,261,1
triumphantly,986967,479,1
characterize,3598684,735,1
periodontitis,95821,69,1
undercurrent,71296,97,1
immateriality,64107,38,1
glassworkers,17151,29,1
backwoodsman,20530,63,1
refrigerants,140187,92,1
reconstructing,804898,282,1
unsubsidized,158722,89,1
insecticides,1728272,337,1
electrolytes,1286874,238,1
transversely,1152580,288,1
announcement,4662677,593,1
prerogatives,961681,168,1
tenochtitlan,45252,80,1
degenerations,44427,59,1
impermanence,116023,77,1
homoeroticism,25585,38,1
schismatical,45016,42,1
specifically,22083218,1624,1
antichristian,89006,67,1
flammability,238745,102,1
manufactures,9057545,936,1
palatability,279134,103,1
souphanouvong,13071,29,1
acclimatized,98540,97,1
miscalculate,34002,42,1
perambulated,24124,42,1
concentration,19197779,1287,1
coprocessors,21579,29,1
equilibrated,235610,137,1
participates,1147295,239,1
translucency,75871,75,1
pastoralists,229426,174,1
unsterilized,63265,70,1
temperaments,323838,163,1
biodegradable,343312,178,1
disaffiliation,39458,35,1
distributary,54858,63,1
operationally,485732,167,1
horrendously,24126,64,1
philosophize,108145,77,1
prevaricated,41087,41,1
institutional,13912016,873,1
deliverances,113524,73,1
nasopharyngeal,143458,67,1
predetermining,33059,44,1
wretchedness,942442,193,1
discontented,1009254,368,1
antipollution,53707,49,1
plasterboard,53283,68,1
overstretching,10508,21,1
benefactress,149148,63,1
candidatures,13431,31,1
hereditament,71640,59,1
countermanding,21374,42,1
netherlanders,47312,90,1
erythroblasts,32323,51,1
counterfeiting,527805,213,1
barranquilla,58969,49,1
universalist,223095,179,1
pontificates,8189,25,1
prearrangement,13559,44,1
logistically,91857,80,1
accidentally,3840780,830,1
cantilevered,159368,186,1
superhighway,36189,80,1
supremacists,12232,50,1
disquisitions,126064,86,1
reincarnation,331887,198,1
conflagration,344316,229,1
discriminant,290594,109,1
vulcanization,66969,87,1
approachable,325867,167,1
complemented,741588,190,1
survivorship,358733,155,1
sluggishness,132707,87,1
matriculates,45587,54,1
dipterocarps,9729,24,1
waterproofed,89805,107,1
unconditional,2818480,390,1
systematized,419990,196,1
normotensive,127241,57,1
nonobjective,17142,38,1
transpiration,840832,200,1
litigiousness,13053,24,1
straightener,16773,51,1
administrate,32755,61,1
megaloblasts,22751,29,1
unsystematic,293478,129,1
ambivalently,23215,61,1
cornerstones,66779,54,1
enforcements,120675,66,1
convergences,49326,67,1
developments,14163516,894,1
soundproofed,38184,39,1
exhaustively,528527,176,1
dispensations,402521,138,1
exploitative,391869,212,1
rhinoceroses,95664,93,1
stubbornness,484114,179,1
thermoplastic,414099,234,1
competencies,1049593,245,1
persuasively,313592,182,1
unvaccinated,91236,92,1
proscriptive,36288,54,1
universalism,322002,147,1
imprisonment,7777346,507,1
mountaineering,293617,204,1
unacquainted,789591,121,1
postdoctoral,392837,86,1
mummification,32474,43,1
unlikelihood,12054,19,1
mononucleosis,78938,75,1
ossifications,11773,39,1
nonoperative,66444,56,1
endarteritis,20664,32,1
philosophers,6120619,629,1
counterfeits,166314,122,1
impropriations,24751,32,1
entomologist,214988,220,1
fayetteville,431505,204,1
democratical,54579,65,1
dimensionally,132114,90,1
undercharges,36692,30,1
capitularies,17632,32,1
luminescence,535989,210,1
incapability,50704,29,1
extemporized,48056,114,1
contradicted,1446895,274,1
disseminator,24020,19,1
multipartite,9004,26,1
disinfectant,497105,234,1
speedometers,28455,47,1
antimicrobial,531293,138,1
orientalists,85091,94,1
johannesburg,1426174,405,1
mathematicians,1170335,312,1
insurrections,269082,131,1
reemployment,447806,113,1
interspecies,68160,66,1
psychologies,47371,84,1
polarimeters,10827,22,1
transylvanian,83215,90,1
gonadotropic,31434,35,1
incriminated,70951,90,1
incinerators,259633,159,1
undischarged,52081,74,1
unsatisfiable,20611,41,1
doctrinaires,32741,65,1
subvarieties,20481,32,1
bicarbonates,85514,59,1
encephalitis,361600,190,1
acidification,210788,143,1
quinquennium,62511,49,1
overexposure,50235,58,1
postmistress,33161,53,1
foraminifers,106599,72,1
intolerances,27889,37,1
actinomycete,13485,34,1
undeservedly,110111,125,1
absorptivity,59679,59,1
septuagesima,12876,23,1
correlational,172656,87,1
technologies,14752802,1009,1
cosmetically,42064,62,1
revolutionizing,124125,118,1
abandonments,81922,56,1
fibrinolysin,12854,23,1
octosyllabic,15826,39,1
countrywomen,191131,94,1
densification,131068,90,1
constitutions,2061480,375,1
efficiencies,1021924,272,1
merchandised,41496,54,1
companionship,1730920,310,1
bankruptcies,285556,161,1
obsolescence,780703,198,1
hydrologists,73681,71,1
emblematical,61277,81,1
amalgamations,120890,81,1
acknowledges,1565928,540,1
technicality,120876,104,1
chloroformed,46414,58,1
etymologists,31662,58,1
trigonometry,544302,167,1
mucopurulent,29135,32,1
overshadowed,892600,227,1
conditionally,576285,230,1
bibliographic,1407065,199,1
verticillium,278027,44,1
neoclassicism,35087,49,1
metallurgist,154534,152,1
vermiculated,16464,29,1
unimpeachable,287869,148,1
religiousness,69952,73,1
purposefully,673636,377,1
outperformed,147372,102,1
charterhouse,76238,119,1
overemphasis,93137,47,1
substitutions,597185,210,1
incongruities,136991,92,1
midafternoon,86989,92,1
astrophysics,921425,140,1
epigrammatic,179719,125,1
anthroposophy,20462,20,1
disingenuously,26996,75,1
sulfonamides,212807,92,1
thunderclouds,20904,59,1
desegregation,745617,228,1
unjustifiable,726128,239,1
conchologist,7246,20,1
lukewarmness,63975,43,1
provincetown,241870,145,1
journalistic,937680,475,1
preadolescent,85992,72,1
petrification,14028,27,1
regenerative,620863,272,1
reverberates,78817,95,1
interrelates,19978,30,1
anticipatory,488610,306,1
decompression,402526,203,1
divergencies,96008,73,1
sardonically,58599,93,1
directionally,72935,74,1
protagonists,746567,333,1
unpardonably,26218,59,1
disadvantaging,18081,33,1
foreshadowings,19616,34,1
misconstrues,15895,29,1
complainants,1626453,315,1
proteinaceous,54504,73,1
reorganization,5343772,477,1
unconformity,162599,134,1
cheeseburger,33356,67,1
conduplicate,12185,28,1
unrecognized,653361,354,1
collectables,16518,20,1
absoluteness,91155,52,1
acknowledged,10683084,1236,1
standardised,548055,328,1
defibrinated,35037,32,1
negotiability,121061,65,1
nonexclusive,103841,77,1
peregrination,32565,38,1
concernments,21799,29,1
authenticator,10594,38,1
inextensible,53199,59,1
mademoiselle,1354073,442,1
welterweight,13665,27,1
unaccredited,23360,38,1
spontaneously,2465659,658,1
jeffersonians,23537,46,1
schoolhouses,265717,148,1
collaboration,4779127,554,1
multicolored,233159,362,1
economically,9139413,624,1
discipleship,294139,167,1
navigability,56616,51,1
hereinbefore,370535,121,1
incumbrances,731039,121,1
planetesimal,15669,29,1
nonchalantly,193089,263,1
inaccurately,268725,144,1
warwickshire,419789,286,1
arraignments,25376,41,1
inspirational,703172,358,1
russification,28169,45,1
intermittent,3470960,879,1
episcleritis,17244,15,1
gratuitously,445977,268,1
decentralise,15289,43,1
granulocytic,30381,32,1
anesthesiology,92048,88,1
ultramontane,46310,71,1
concessionary,122068,109,1
voluminously,25850,48,1
despotically,32191,67,1
kindergarten,2024113,489,1
echinocactus,5150,14,1
dishonorable,465859,197,1
expeditionary,228537,109,1
intercostals,19267,38,1
moneychangers,22301,35,1
transcendent,1368816,427,1
undesignedly,26231,58,1
excrescences,123820,110,1
irritability,1051486,261,1
supplemented,4033324,483,1
arbitrageurs,31850,59,1
handicappers,15402,36,1
contemporary,17883747,1676,1
impoundments,210084,133,1
radiographers,40688,40,1
nullification,171634,125,1
felicitously,55338,88,1
undersurface,43199,58,1
physiological,6410322,613,1
pneumococcus,163828,91,1
preconditions,237711,116,1
gesticulation,82631,74,1
unlawfulness,42456,34,1
reconfigures,24704,29,1
reclassified,423707,114,1
percussionist,39482,76,1
undiscovered,674910,372,1
literariness,19919,30,1
psychiatrists,1362967,313,1
autoantibody,31825,47,1
exasperatingly,39464,69,1
corroboration,454791,144,1
vocabularies,374982,158,1
clarinettist,7389,26,1
metrological,35824,45,1
primigravida,18223,18,1
overindulged,20763,49,1
desirability,813857,160,1
revolutionism,12609,22,1
recalculation,74749,62,1
controllable,869721,379,1
straightedge,73852,78,1
superficially,962998,366,1
productivity,12010143,827,1
installments,1013259,212,1
amphictyonic,9437,27,1
photogravure,174428,67,1
pornographic,314722,241,1
presbyterians,802951,275,1
shamefacedly,34010,82,1
cosmological,483162,216,1
heterozygous,367209,162,1
genuflections,21440,31,1
marksmanship,155251,108,1
intrauterine,374544,132,1
supplications,477972,128,1
disconcerted,477455,172,1
transporters,366301,199,1
efficaciously,62538,78,1
conglomerates,868970,276,1
cartographic,399929,151,1
meaninglessness,128443,69,1
monumentally,38592,82,1
expostulated,106763,86,1
scriptwriter,46733,71,1
interrogator,172838,147,1
impoliteness,19089,33,1
encroachment,945868,212,1
epididymitis,70733,50,1
preoccupations,469863,183,1
cytogenetics,113918,61,1
radioactively,50738,43,1
conformations,149819,112,1
personalised,113375,146,1
liturgically,22099,51,1
basidiospores,32622,45,1
substantival,25529,50,1
wastefulness,108532,59,1
tremendously,1310522,332,1
quantitative,9146622,704,1
transitively,23921,45,1
obscurantism,82684,59,1
hypocritical,780358,385,1
counteraction,66168,51,1
subsequences,25070,46,1
unrighteously,20033,62,1
portraitures,18203,37,1
unfavourably,154802,97,1
necessitated,2381757,491,1
condescension,626475,178,1
destructible,55233,68,1
incompetency,527441,125,1
decomposable,121049,82,1
unprivileged,63072,74,1
comparatives,53414,64,1
disestablish,23290,28,1
transvestite,43066,123,1
amortizations,18601,32,1
antimonopoly,53611,40,1
precipitants,32593,57,1
boisterously,61081,112,1
simultaneity,176193,97,1
decentralizing,89384,89,1
translocation,612698,189,1
commanderies,42147,48,1
dermatologic,117066,53,1
understudies,19724,44,1
splenomegaly,228231,64,1
demonstrable,1004365,298,1
condominiums,331029,169,1
predominated,491837,198,1
intoxications,74741,62,1
factorization,140240,103,1
disproportion,189686,110,1
interlibrary,2630617,68,1
glaciological,47317,31,1
interorbital,208182,59,1
reciprocally,646815,263,1
demonstration,9168042,972,1
determinable,715519,187,1
matriculated,395158,118,1
invaginations,28108,52,1
unvanquished,11634,39,1
unmyelinated,83920,45,1
reimbursable,627083,155,1
misperception,96766,64,1
transcription,1681098,386,1
exponentiation,51187,61,1
behaviourists,17831,43,1
significancy,28026,36,1
wristwatches,30239,51,1
injudiciously,89349,105,1
incompatible,3532189,389,1
imperatively,259249,144,1
curtailments,111028,69,1
counterscarp,34756,40,1
reducibility,49938,52,1
blackberries,431664,237,1
geomorphology,235872,119,1
hallucination,245523,175,1
existentially,100770,113,1
nonclassical,36847,57,1
necromancers,44497,58,1
frankenstein,245223,281,1
straightaway,230321,278,1
phrenologist,16061,50,1
neurogenesis,51311,57,1
streetlights,109822,127,1
divertimento,12371,31,1
disdainfully,154412,156,1
supermarkets,700587,317,1
hallucinogen,23536,47,1
screenwriter,167963,166,1
indoctrinating,39236,43,1
slaughtermen,12415,25,1
agribusiness,332350,171,1
lexicography,107752,83,1
flamboyantly,27742,74,1
collectivity,154414,124,1
hydrolyzable,28649,40,1
sequestrated,93259,86,1
irregularity,1522226,249,1
uncovenanted,16634,27,1
gravediggers,35710,62,1
gratification,1578999,278,1
labyrinthitis,11104,27,1
contractible,66085,67,1
brightnesses,29051,55,1
paramagnetic,313550,149,1
multifaceted,584725,248,1
organisations,4857917,586,1
rehabilitate,461944,210,1
collaterally,192391,102,1
transgresses,102209,83,1
irrelevantly,36706,66,1
exhibitionist,27065,78,1
barometrical,23407,34,1
ordinariness,64642,58,1
communicable,776699,166,1
medievalists,33210,59,1
tactlessness,29362,28,1
succinctness,35346,24,1
pseudonymous,88055,73,1
epigraphical,44177,41,1
somersaulted,48758,49,1
antananarivo,13583,26,1
hyperfunction,18196,31,1
unmentionable,71427,124,1
interlanguage,33214,46,1
cypripediums,25209,35,1
undocumented,464540,227,1
anthropogenic,330803,126,1
steeplechase,66294,88,1
episodically,31094,64,1
supercomputing,65210,41,1
pamphleteers,75250,77,1
solicitations,540229,178,1
unimaginably,79723,105,1
magnetometer,185675,148,1
recollections,1652382,355,1
adjudicatory,343057,76,1
disciplinary,3209381,458,1
deleteriously,23427,31,1
narcissistic,527680,268,1
inefficiency,1515084,233,1
contemptibly,22116,40,1
requirements,29359274,1567,1
superscribed,36996,41,1
foraminifera,517546,146,1
hydroelectric,1003251,183,1
consequences,15477754,669,1
optometrists,175566,128,1
semipermeable,34225,52,1
progressives,498817,217,1
impressments,15284,31,1
imperfections,1560720,282,1
honeysuckles,68845,63,1
amphibolites,120744,79,1
hyperglycaemia,34814,41,1
impropriators,42978,17,1
subliminally,33903,84,1
rhombohedral,99632,69,1
photographer,1475852,687,1
multipurpose,563637,320,1
astonishment,4188561,364,1
azerbaijanis,31330,51,1
wildernesses,95660,98,1
battlefields,280892,179,1
inaugurations,17195,26,1
discomfiture,406146,115,1
predominance,513032,164,1
tuberosities,21316,41,1
disconnection,321068,136,1
warehouseman,219828,124,1
treasurership,12985,25,1
chemisorption,95269,77,1
nonspherical,33072,40,1
unprosperous,34491,58,1
degenerative,664178,165,1
atmospherics,42020,67,1
consolidation,5203379,579,1
repercussions,773136,168,1
conjunctival,280307,103,1
commissioners,10372976,933,1
prepubescent,44289,56,1
relentlessly,719756,452,1
adhesiveness,77597,64,1
interceptors,121466,125,1
inhospitable,527628,276,1
arquebusiers,26280,43,1
trolleybuses,30048,32,1
unanalyzable,24357,48,1
normalization,663769,259,1
inexpediency,26370,16,1
superscripts,97810,52,1
lonesomeness,24588,44,1
konstantinos,11180,16,1
unceremonious,98322,107,1
interference,9482797,760,1
unfashionable,182152,197,1
noncombatant,61783,76,1
vindictively,44112,73,1
polymorphism,294086,171,1
switchboards,191668,128,1
laboratories,5870243,930,1
privatization,1443242,356,1
appoggiaturas,16370,33,1
stenographer,853024,326,1
churchwarden,116452,97,1
invertebrata,12358,20,1
ineradicable,174739,137,1
burgomasters,35833,56,1
schizophrenia,2975659,346,1
conservatism,1283240,319,1
hippopotamus,180200,213,1
demonstrated,20377064,1192,1
incomparably,843166,205,1
onomatopoetic,22741,46,1
unprofitable,1599962,497,1
disagreeables,18111,30,1
indiscretions,172383,103,1
disenchanted,185694,176,1
civilisations,222932,149,1
contemptible,1110317,429,1
coincidently,70822,77,1
versification,377478,141,1
expressionism,148772,111,1
chambermaids,73839,93,1
perfectionist,86437,138,1
indiscipline,110954,70,1
interviewees,760453,243,1
capitalistic,312860,235,1
jollification,17625,40,1
anaphylactic,112192,70,1
backwardness,451785,125,1
violoncellist,7678,25,1
unforgivable,199941,116,1
astronomical,2478053,451,1
carelessness,1449031,258,1
compurgators,20388,33,1
divestitures,115083,49,1
prevarication,95749,63,1
unhesitatingly,525143,304,1
chronologies,95404,104,1
democratized,67088,86,1
electroshock,54088,65,1
desegregated,80830,89,1
virtuousness,13326,24,1
signalization,19676,25,1
improvements,22548537,871,1
smallholders,201207,151,1
cooperatives,3158592,491,1
philodendron,22878,26,1
pronunciations,135447,96,1
climatically,81780,74,1
dissemination,4162054,324,1
transformers,1459084,389,1
diminishment,34014,43,1
chesterfield,619219,380,1
inconsequent,68265,102,1
unpopularity,348291,113,1
unpersuasive,107404,53,1
reformulation,222453,92,1
remorsefully,18181,45,1
middleweight,24784,43,1
implicational,17816,40,1
recirculation,778758,205,1
augmentative,47272,43,1
indoctrinate,59334,50,1
chamaecyparis,19427,23,1
masterpieces,793371,241,1
consultations,1953835,321,1
recognizable,1817640,636,1
authoritative,3824236,607,1
contaminated,4420587,767,1
straitjacket,30649,74,1
perplexities,473944,131,1
hemerocallis,13701,22,1
mantelpieces,23913,33,1
metamorphosing,52697,62,1
auscultatory,19569,36,1
irrationality,308953,129,1
subservience,233255,99,1
microclimate,101734,89,1
amplification,1090529,307,1
pneumococcal,142247,62,1
despondently,51185,73,1
telephonists,17912,29,1
hammarskjold,292209,102,1
heterozygote,40220,75,1
premeditation,291762,91,1
dependencies,2518540,317,1
relativistic,1354976,238,1
imperfective,93007,67,1
orthogonality,97077,74,1
completeness,3199654,261,1
misdemeanours,229374,81,1
incoherently,85281,118,1
harmlessness,68352,45,1
colorimetric,226686,83,1
visibilities,38923,48,1
incompetence,992082,219,1
conservators,218838,126,1
supercharger,43108,81,1
indefensible,432236,189,1
overlordship,67292,65,1
isomerization,225197,107,1
fasciculation,18262,22,1
scheherazade,43953,95,1
communicated,6408396,525,1
unwieldiness,20929,23,1
submersibles,65174,77,1
microscopist,38821,59,1
overestimating,71808,61,1
dictatorship,1037582,359,1
decongestants,50964,45,1
silviculture,168024,109,1
inelasticity,39844,46,1
wastebaskets,16392,44,1
gravitational,1540895,263,1
victimisation,92643,81,1
stepchildren,198994,118,1
screwdrivers,91870,103,1
complacently,237484,272,1
deliberately,9498803,1294,1
stratosphere,234536,156,1
redefinitions,25853,42,1
irreverently,87618,119,1
checkerboard,93960,153,1
meteorologist,87737,134,1
bespectacled,136337,132,1
indistinctly,341311,168,1
disinterment,27658,31,1
enteroptosis,12602,16,1
metalworkers,65544,73,1
subcommittee,7224518,483,1
masturbatory,31824,59,1
colloquialism,28749,59,1
inhomogeneous,494158,212,1
embarrassingly,154766,184,1
whimsicality,30932,45,1
encirclement,68224,96,1
reminiscence,329064,203,1
hypochondriac,63423,97,1
expropriations,49565,56,1
phenomenally,199423,145,1
superimposes,39180,46,1
treacherously,397057,209,1
uncompounded,50833,53,1
thoracentesis,21849,33,1
countrysides,24847,31,1
granulocytes,187716,106,1
specialization,1984848,381,1
disambiguate,18012,36,1
fiddlesticks,6314,18,1
nonfunctional,131805,128,1
refrigerator,2429235,583,1
psychosexual,83518,70,1
jurisdictions,2619104,410,1
inadequacies,544928,139,1
demographics,544410,247,1
multiplicity,1054980,233,1
spinsterhood,25889,33,1
customhouses,23473,39,1
facilitatory,25395,31,1
archaeologist,303857,291,1
recognisably,41896,77,1
magnetization,519853,224,1
electroplate,14783,43,1
litterateurs,32206,44,1
rachmaninoff,77276,102,1
deformational,36331,44,1
czechoslovak,443652,269,1
provisionally,673990,288,1
tranquillity,1815174,277,1
agglomeration,296223,190,1
transposable,34613,40,1
nitrification,314906,130,1
brinkmanship,21052,40,1
hardscrabble,44960,78,1
particulates,615325,186,1
hospitalized,1497501,235,1
deficiencies,3414235,452,1
superstitious,2028434,483,1
ambassadorial,106932,82,1
elasmobranch,33304,40,1
inflammations,191255,115,1
transvestism,46129,46,1
feebleminded,201399,117,1
disagreement,3896198,333,1
decortication,27525,41,1
retrogression,219073,109,1
unextinguished,40002,61,1
honeymooners,41353,58,1
reestablishing,181006,123,1
bureaucratism,28181,35,1
proprietorial,26276,68,1
miscellaneous,14202457,1090,1
regenerations,12679,31,1
insurgencies,81499,83,1
aristocratic,2299883,772,1
structurally,1610390,284,1
vocalisations,11384,30,1
judicatories,45298,46,1
receivership,392459,197,1
immunologist,11304,23,1
exaggerations,301535,128,1
reverberated,278805,158,1
unobstructed,936988,330,1
interrelated,2306512,290,1
conversations,4776380,647,1
improvidence,181932,82,1
inheritances,373431,134,1
recognizance,636743,128,1
reticulocyte,65853,49,1
extrajudicial,132498,64,1
