development,683783563,1,ᛞᛖᚢᛖᛚᚩᛈᛗᛖᚾᛏ,575
construction,315588043,1,ᚳᚩᚾᛋᛏᚱᚢᚳᛏᛡᚾ,383
established,279921203,1,ᛖᛋᛏᚪᛒᛚᛁᛋᚻᛖᛞ,673
temperature,261696741,1,ᛏᛖᛗᛈᛖᚱᚪᛏᚢᚱᛖ,555
organization,254504737,1,ᚩᚱᚷᚪᚾᛁᛋᚪᛏᛡᚾ,537
distribution,251240773,1,ᛞᛁᛋᛏᚱᛁᛒᚢᛏᛡᚾ,533
performance,244197441,1,ᛈᛖᚱᚠᚩᚱᛗᚪᚾᚳᛖ,418
significant,212071791,1,ᛋᛁᚷᚾᛁᚠᛁᚳᚪᚾᛏ,392
relationship,194961578,1,ᚱᛖᛚᚪᛏᛡᚾᛋᚻᛁᛈ,593
understanding,172361656,1,ᚢᚾᛞᛖᚱᛋᛏᚪᚾᛞᛝ,605
opportunity,170600712,1,ᚩᛈᛈᚩᚱᛏᚢᚾᛁᛏᚣ,395
individuals,169639543,1,ᛁᚾᛞᛁᚢᛁᛞᚢᚪᛚᛋ,529
independent,167238458,1,ᛁᚾᛞᛖᛈᛖᚾᛞᛖᚾᛏ,599
environment,165664491,1,ᛖᚾᚢᛁᚱᚩᚾᛗᛖᚾᛏ,403
institutions,158672160,1,ᛁᚾᛋᛏᛁᛏᚢᛏᛡᚾᛋ,513
professional,152324799,1,ᛈᚱᚩᚠᛖᛋᛋᛡᚾᚪᛚ,542
differences,151164029,1,ᛞᛁᚠᚠᛖᚱᛖᚾᚳᛖᛋ,431
introduction,150807317,1,ᛁᚾᛏᚱᚩᛞᚢᚳᛏᛡᚾ,437
agriculture,145506960,1,ᚪᚷᚱᛁᚳᚢᛚᛏᚢᚱᛖ,385
applications,142168286,1,ᚪᛈᛈᛚᛁᚳᚪᛏᛡᚾᛋ,645
maintenance,141580971,1,ᛗᚪᛁᚾᛏᛖᚾᚪᚾᚳᛖ,589
constitution,138964773,1,ᚳᚩᚾᛋᛏᛁᛏᚢᛏᛡᚾ,449
responsible,134459657,1,ᚱᛖᛋᛈᚩᚾᛋᛁᛒᛚᛖ,495
improvement,133469560,1,ᛁᛗᛈᚱᚩᚢᛖᛗᛖᚾᛏ,459
compensation,129145009,1,ᚳᚩᛗᛈᛖᚾᛋᚪᛏᛡᚾ,575
represented,128886535,1,ᚱᛖᛈᚱᛖᛋᛖᚾᛏᛖᛞ,563
jurisdiction,117920545,1,ᛂᚢᚱᛁᛋᛞᛁᚳᛏᛡᚾ,463
experiments,115272697,1,ᛖᛉᛈᛖᚱᛁᛗᛖᚾᛏᛋ,545
alternative,109437230,1,ᚪᛚᛏᛖᚱᚾᚪᛏᛁᚢᛖ,593
commissioner,108459611,1,ᚳᚩᛗᛗᛁᛋᛋᛡᚾᛖᚱ,513
manufacturing,108448518,1,ᛗᚪᚾᚢᚠᚪᚳᛏᚢᚱᛝ,464
corresponding,103141957,1,ᚳᚩᚱᚱᛖᛋᛈᚩᚾᛞᛝ,409
possibility,99111639,1,ᛈᚩᛋᛋᛁᛒᛁᛚᛁᛏᚣ,545
observations,98482301,1,ᚩᛒᛋᛖᚱᚢᚪᛏᛡᚾᛋ,547
recommended,96414933,1,ᚱᛖᚳᚩᛗᛗᛖᚾᛞᛖᛞ,581
communities,92584301,1,ᚳᚩᛗᛗᚢᚾᛁᛏᛁᛖᛋ,435
pennsylvania,92520422,1,ᛈᛖᚾᚾᛋᚣᛚᚢᚪᚾᛡ,633
philadelphia,91429985,1,ᛈᚻᛁᛚᚪᛞᛖᛚᛈᚻᛡ,669
nevertheless,88648566,1,ᚾᛖᚢᛖᚱᚦᛖᛚᛖᛋᛋ,495
legislative,87882841,1,ᛚᛖᚷᛁᛋᛚᚪᛏᛁᚢᛖ,571
publications,86189732,1,ᛈᚢᛒᛚᛁᚳᚪᛏᛡᚾᛋ,569
certificate,86172110,1,ᚳᛖᚱᛏᛁᚠᛁᚳᚪᛏᛖ,450
necessarily,86126282,1,ᚾᛖᚳᛖᛋᛋᚪᚱᛁᛚᚣ,597
fundamental,85404219,1,ᚠᚢᚾᛞᚪᛗᛖᚾᛏᚪᛚ,616
governments,84984510,1,ᚷᚩᚢᛖᚱᚾᛗᛖᚾᛏᛋ,413
contribution,84676112,1,ᚳᚩᚾᛏᚱᛁᛒᚢᛏᛡᚾ,409
measurements,79905989,1,ᛗᛠᛋᚢᚱᛖᛗᛖᚾᛏᛋ,593
instructions,79218684,1,ᛁᚾᛋᛏᚱᚢᚳᛏᛡᚾᛋ,447
expenditure,79029941,1,ᛖᛉᛈᛖᚾᛞᛁᛏᚢᚱᛖ,513
instruments,78885909,1,ᛁᚾᛋᛏᚱᚢᛗᛖᚾᛏᛋ,465
consequence,78259894,1,ᚳᚩᚾᛋᛖᚳᚹᛖᚾᚳᛖ,377
legislature,77632533,1,ᛚᛖᚷᛁᛋᛚᚪᛏᚢᚱᛖ,551
experienced,76959864,1,ᛖᛉᛈᛖᚱᛁᛖᚾᚳᛖᛞ,531
appointment,76265650,1,ᚪᛈᛈᚩᛁᚾᛏᛗᛖᚾᛏ,535
distributed,76144563,1,ᛞᛁᛋᛏᚱᛁᛒᚢᛏᛖᛞ,553
conservation,75227911,1,ᚳᚩᚾᛋᛖᚱᚢᚪᛏᛡᚾ,475
statistical,75210523,1,ᛋᛏᚪᛏᛁᛋᛏᛁᚳᚪᛚ,625
requirement,75069199,1,ᚱᛖᚳᚹᛁᚱᛖᛗᛖᚾᛏ,445
constructed,74982718,1,ᚳᚩᚾᛋᛏᚱᚢᚳᛏᛖᛞ,403
illustrated,74882841,1,ᛁᛚᛚᚢᛋᛏᚱᚪᛏᛖᛞ,615
distinguished,74544470,1,ᛞᛁᛋᛏᛝᚢᛁᛋᚻᛖᛞ,577
departments,73991086,1,ᛞᛖᛈᚪᚱᛏᛗᛖᚾᛏᛋ,645
experiences,71274531,1,ᛖᛉᛈᛖᚱᛁᛖᚾᚳᛖᛋ,495
preliminary,70051293,1,ᛈᚱᛖᛚᛁᛗᛁᚾᚪᚱᚣ,567
transferred,69644223,1,ᛏᚱᚪᚾᛋᚠᛖᚱᚱᛖᛞ,496
accompanied,69591903,1,ᚪᚳᚳᚩᛗᛈᚪᚾᛁᛖᛞ,557
practically,69538315,1,ᛈᚱᚪᚳᛏᛁᚳᚪᛚᛚᚣ,613
manufacture,69052056,1,ᛗᚪᚾᚢᚠᚪᚳᛏᚢᚱᛖ,452
enforcement,68693727,1,ᛖᚾᚠᚩᚱᚳᛖᛗᛖᚾᛏ,422
transmission,68512389,1,ᛏᚱᚪᚾᛋᛗᛁᛋᛋᛡᚾ,593
conversation,68503588,1,ᚳᚩᚾᚢᛖᚱᛋᚪᛏᛡᚾ,475
arrangements,68499568,1,ᚪᚱᚱᚪᛝᛖᛗᛖᚾᛏᛋ,641
perspective,67117809,1,ᛈᛖᚱᛋᛈᛖᚳᛏᛁᚢᛖ,457
corporations,67099053,1,ᚳᚩᚱᛈᚩᚱᚪᛏᛡᚾᛋ,437
probability,66104907,1,ᛈᚱᚩᛒᚪᛒᛁᛚᛁᛏᚣ,577
registration,65486563,1,ᚱᛖᚷᛁᛋᛏᚱᚪᛏᛡᚾ,541
transactions,64797196,1,ᛏᚱᚪᚾᛋᚪᚳᛏᛡᚾᛋ,607
satisfaction,63413032,1,ᛋᚪᛏᛁᛋᚠᚪᚳᛏᛡᚾ,600
appropriation,60536776,1,ᚪᛈᛈᚱᚩᛈᚱᛡᛏᛡᚾ,557
occasionally,58970002,1,ᚩᚳᚳᚪᛋᛡᚾᚪᛚᛚᚣ,665
presentation,56687307,1,ᛈᚱᛖᛋᛖᚾᛏᚪᛏᛡᚾ,621
partnership,56557010,1,ᛈᚪᚱᛏᚾᛖᚱᛋᚻᛁᛈ,467
conventional,56007048,1,ᚳᚩᚾᚢᛖᚾᛏᛡᚾᚪᛚ,513
effectively,55393260,1,ᛖᚠᚠᛖᚳᛏᛁᚢᛖᛚᚣ,487
comparative,55164397,1,ᚳᚩᛗᛈᚪᚱᚪᛏᛁᚢᛖ,499
personality,54897940,1,ᛈᛖᚱᛋᚩᚾᚪᛚᛁᛏᚣ,573
competitive,54572217,1,ᚳᚩᛗᛈᛖᛏᛁᛏᛁᚢᛖ,451
inhabitants,54027772,1,ᛁᚾᚻᚪᛒᛁᛏᚪᚾᛏᛋ,569
intermediate,53793213,1,ᛁᚾᛏᛖᚱᛗᛖᛞᛡᛏᛖ,657
electricity,52527458,1,ᛖᛚᛖᚳᛏᚱᛁᚳᛁᛏᚣ,527
restrictions,51109179,1,ᚱᛖᛋᛏᚱᛁᚳᛏᛡᚾᛋ,493
cooperative,50938253,1,ᚳᚩᚩᛈᛖᚱᚪᛏᛁᚢᛖ,405
implications,50617272,1,ᛁᛗᛈᛚᛁᚳᚪᛏᛡᚾᛋ,607
contributed,50320272,1,ᚳᚩᚾᛏᚱᛁᛒᚢᛏᛖᛞ,429
mississippi,48990434,1,ᛗᛁᛋᛋᛁᛋᛋᛁᛈᛈᛁ,493
intervention,48952828,1,ᛁᚾᛏᛖᚱᚢᛖᚾᛏᛡᚾ,491
headquarters,46901508,1,ᚻᛠᛞᚳᚹᚪᚱᛏᛖᚱᛋ,551
differential,46322596,1,ᛞᛁᚠᚠᛖᚱᛖᚾᛏᛡᛚ,537
equilibrium,46027753,1,ᛖᚳᚹᛁᛚᛁᛒᚱᛁᚢᛗ,411
investments,45796904,1,ᛁᚾᚢᛖᛋᛏᛗᛖᚾᛏᛋ,521
participate,45378004,1,ᛈᚪᚱᛏᛁᚳᛁᛈᚪᛏᛖ,551
enterprises,45366190,1,ᛖᚾᛏᛖᚱᛈᚱᛁᛋᛖᛋ,491
demonstrate,45179536,1,ᛞᛖᛗᚩᚾᛋᛏᚱᚪᛏᛖ,609
installation,43999382,1,ᛁᚾᛋᛏᚪᛚᛚᚪᛏᛡᚾ,707
involvement,43528939,1,ᛁᚾᚢᚩᛚᚢᛖᛗᛖᚾᛏ,439
mathematical,42782253,1,ᛗᚪᚦᛖᛗᚪᛏᛁᚳᚪᛚ,681
achievement,42243128,1,ᚪᚳᚻᛁᛖᚢᛖᛗᛖᚾᛏ,527
complicated,41718654,1,ᚳᚩᛗᛈᛚᛁᚳᚪᛏᛖᛞ,563
interactions,41717821,1,ᛁᚾᛏᛖᚱᚪᚳᛏᛡᚾᛋ,555
progressive,41308692,1,ᛈᚱᚩᚷᚱᛖᛋᛋᛁᚢᛖ,363
undoubtedly,40822360,1,ᚢᚾᛞᚩᚢᛒᛏᛖᛞᛚᚣ,583
modification,40490979,1,ᛗᚩᛞᛁᚠᛁᚳᚪᛏᛡᚾ,536
organisation,40164085,1,ᚩᚱᚷᚪᚾᛁᛋᚪᛏᛡᚾ,537
bibliography,40146337,1,ᛒᛁᛒᛚᛡᚷᚱᚪᛈᚻᚣ,627
exclusively,39941475,1,ᛖᛉᚳᛚᚢᛋᛁᚢᛖᛚᚣ,533
commodities,39781949,1,ᚳᚩᛗᛗᚩᛞᛁᛏᛁᛖᛋ,499
preservation,39591603,1,ᛈᚱᛖᛋᛖᚱᚢᚪᛏᛡᚾ,547
continental,39046111,1,ᚳᚩᚾᛏᛁᚾᛖᚾᛏᚪᛚ,493
christianity,38970866,1,ᚳᚻᚱᛁᛋᛏᛡᚾᛁᛏᚣ,519
calculations,38871565,1,ᚳᚪᛚᚳᚢᛚᚪᛏᛡᚾᛋ,617
connecticut,38638207,1,ᚳᚩᚾᚾᛖᚳᛏᛁᚳᚢᛏ,323
respondents,38412875,1,ᚱᛖᛋᛈᚩᚾᛞᛖᚾᛏᛋ,507
replacement,38367741,1,ᚱᛖᛈᛚᚪᚳᛖᛗᛖᚾᛏ,597
photographs,38090906,1,ᛈᚻᚩᛏᚩᚷᚱᚪᛈᚻᛋ,383
congressional,37971749,1,ᚳᚩᛝᚱᛖᛋᛋᛡᚾᚪᛚ,589
unnecessary,37569283,1,ᚢᚾᚾᛖᚳᛖᛋᛋᚪᚱᚣ,525
expectations,37348157,1,ᛖᛉᛈᛖᚳᛏᚪᛏᛡᚾᛋ,641
occupational,37241276,1,ᚩᚳᚳᚢᛈᚪᛏᛡᚾᚪᛚ,541
transmitted,37002786,1,ᛏᚱᚪᚾᛋᛗᛁᛏᛏᛖᛞ,625
sensitivity,36452918,1,ᛋᛖᚾᛋᛁᛏᛁᚢᛁᛏᚣ,519
interpreted,36147924,1,ᛁᚾᛏᛖᚱᛈᚱᛖᛏᛖᛞ,533
illustration,36134130,1,ᛁᛚᛚᚢᛋᛏᚱᚪᛏᛡᚾ,595
controversy,36041774,1,ᚳᚩᚾᛏᚱᚩᚢᛖᚱᛋᚣ,363
territories,35656468,1,ᛏᛖᚱᚱᛁᛏᚩᚱᛁᛖᛋ,407
comfortable,35423113,1,ᚳᚩᛗᚠᚩᚱᛏᚪᛒᛚᛖ,468
encountered,35206511,1,ᛖᚾᚳᚩᚢᚾᛏᛖᚱᛖᛞ,441
constituted,35204659,1,ᚳᚩᚾᛋᛏᛁᛏᚢᛏᛖᛞ,469
civilization,35061013,1,ᚳᛁᚢᛁᛚᛁᛋᚪᛏᛡᚾ,527
anticipated,34954508,1,ᚪᚾᛏᛁᚳᛁᛈᚪᛏᛖᛞ,615
intelligent,34754742,1,ᛁᚾᛏᛖᛚᛚᛁᚷᛖᚾᛏ,535
uncertainty,34641187,1,ᚢᚾᚳᛖᚱᛏᚪᛁᚾᛏᚣ,501
descriptions,34579886,1,ᛞᛖᛋᚳᚱᛁᛈᛏᛡᚾᛋ,555
investigate,33999478,1,ᛁᚾᚢᛖᛋᛏᛁᚷᚪᛏᛖ,513
constitutes,33376249,1,ᚳᚩᚾᛋᛏᛁᛏᚢᛏᛖᛋ,433
examinations,33247983,1,ᛖᛉᚪᛗᛁᚾᚪᛏᛡᚾᛋ,687
contractors,32900150,1,ᚳᚩᚾᛏᚱᚪᚳᛏᚩᚱᛋ,359
coordination,32575151,1,ᚳᚩᚩᚱᛞᛁᚾᚪᛏᛡᚾ,479
preparations,31973881,1,ᛈᚱᛖᛈᚪᚱᚪᛏᛡᚾᛋ,617
merchandise,31930353,1,ᛗᛖᚱᚳᚻᚪᚾᛞᛁᛋᛖ,551
implemented,31783526,1,ᛁᛗᛈᛚᛖᛗᛖᚾᛏᛖᛞ,667
appropriated,31715873,1,ᚪᛈᛈᚱᚩᛈᚱᛡᛏᛖᛞ,577
subscription,31353014,1,ᛋᚢᛒᛋᚳᚱᛁᛈᛏᛡᚾ,463
geographical,31286823,1,ᚷᛇᚷᚱᚪᛈᚻᛁᚳᚪᛚ,463
switzerland,31009787,1,ᛋᚹᛁᛏᛋᛖᚱᛚᚪᚾᛞ,581
underground,30795514,1,ᚢᚾᛞᛖᚱᚷᚱᚩᚢᚾᛞ,355
constraints,30495467,1,ᚳᚩᚾᛋᛏᚱᚪᛁᚾᛏᛋ,441
convenience,30404358,1,ᚳᚩᚾᚢᛖᚾᛁᛖᚾᚳᛖ,355
consultation,30028623,1,ᚳᚩᚾᛋᚢᛚᛏᚪᛏᛡᚾ,529
substituted,30025174,1,ᛋᚢᛒᛋᛏᛁᛏᚢᛏᛖᛞ,537
reproduction,29694219,1,ᚱᛖᛈᚱᚩᛞᚢᚳᛏᛡᚾ,439
presidential,29465120,1,ᛈᚱᛖᛋᛁᛞᛖᚾᛏᛡᛚ,629
scholarship,29183032,1,ᛋᚳᚻᚩᛚᚪᚱᛋᚻᛁᛈ,427
coefficients,29078488,1,ᚳᛟᚠᚠᛁᚳᛁᛖᚾᛏᛋ,383
atmospheric,28962596,1,ᚪᛏᛗᚩᛋᛈᚻᛖᚱᛁᚳ,475
particulars,28945342,1,ᛈᚪᚱᛏᛁᚳᚢᛚᚪᚱᛋ,491
flexibility,28649293,1,ᚠᛚᛖᛉᛁᛒᛁᛚᛁᛏᚣ,578
accumulation,28609543,1,ᚪᚳᚳᚢᛗᚢᛚᚪᛏᛡᚾ,565
approximate,28528218,1,ᚪᛈᛈᚱᚩᛉᛁᛗᚪᛏᛖ,573
assessments,28359831,1,ᚪᛋᛋᛖᛋᛋᛗᛖᚾᛏᛋ,655
combinations,27990578,1,ᚳᚩᛗᛒᛁᚾᚪᛏᛡᚾᛋ,557
communicate,27903703,1,ᚳᚩᛗᛗᚢᚾᛁᚳᚪᛏᛖ,461
authorization,27731006,1,ᚪᚢᚦᚩᚱᛁᛋᚪᛏᛡᚾ,499
longitudinal,27610151,1,ᛚᚩᛝᛁᛏᚢᛞᛁᚾᚪᛚ,571
conferences,27564909,1,ᚳᚩᚾᚠᛖᚱᛖᚾᚳᛖᛋ,358
participating,27536127,1,ᛈᚪᚱᛏᛁᚳᛁᛈᚪᛏᛝ,563
affirmative,27462931,1,ᚪᚠᚠᛁᚱᛗᚪᛏᛁᚢᛖ,471
respiratory,27315898,1,ᚱᛖᛋᛈᛁᚱᚪᛏᚩᚱᚣ,493
adjustments,27269200,1,ᚪᛞᛂᚢᛋᛏᛗᛖᚾᛏᛋ,617
acknowledge,27060520,1,ᚪᚳᚳᚾᚩᚹᛚᛖᛞᚷᛖ,491
continually,26825371,1,ᚳᚩᚾᛏᛁᚾᚢᚪᛚᛚᚣ,517
frequencies,26659302,1,ᚠᚱᛖᚳᚹᛖᚾᚳᛁᛖᛋ,372
principally,26450562,1,ᛈᚱᛁᚾᚳᛁᛈᚪᛚᛚᚣ,547
transformed,26061658,1,ᛏᚱᚪᚾᛋᚠᚩᚱᛗᛖᛞ,496
philippines,25930919,1,ᛈᚻᛁᛚᛁᛈᛈᛁᚾᛖᛋ,467
unfortunate,25670642,1,ᚢᚾᚠᚩᚱᛏᚢᚾᚪᛏᛖ,366
corresponds,25598346,1,ᚳᚩᚱᚱᛖᛋᛈᚩᚾᛞᛋ,383
continuation,25460221,1,ᚳᚩᚾᛏᛁᚾᚢᚪᛏᛡᚾ,463
prospective,25440345,1,ᛈᚱᚩᛋᛈᛖᚳᛏᛁᚢᛖ,397
electronics,25366769,1,ᛖᛚᛖᚳᛏᚱᚩᚾᛁᚳᛋ,423
proportional,25351453,1,ᛈᚱᚩᛈᚩᚱᛏᛡᚾᚪᛚ,487
comparisons,25322363,1,ᚳᚩᛗᛈᚪᚱᛁᛋᚩᚾᛋ,415
accumulated,25038771,1,ᚪᚳᚳᚢᛗᚢᛚᚪᛏᛖᛞ,585
supervisors,25003585,1,ᛋᚢᛈᛖᚱᚢᛁᛋᚩᚱᛋ,335
procurement,24849323,1,ᛈᚱᚩᚳᚢᚱᛖᛗᛖᚾᛏ,381
settlements,24738031,1,ᛋᛖᛏᛏᛚᛖᛗᛖᚾᛏᛋ,657
distinctive,24301892,1,ᛞᛁᛋᛏᛁᚾᚳᛏᛁᚢᛖ,465
illustrates,24153962,1,ᛁᛚᛚᚢᛋᛏᚱᚪᛏᛖᛋ,579
citizenship,24110811,1,ᚳᛁᛏᛁᛋᛖᚾᛋᚻᛁᛈ,433
concentrate,24083997,1,ᚳᚩᚾᚳᛖᚾᛏᚱᚪᛏᛖ,451
descriptive,23302944,1,ᛞᛖᛋᚳᚱᛁᛈᛏᛁᚢᛖ,467
inheritance,23139128,1,ᛁᚾᚻᛖᚱᛁᛏᚪᚾᚳᛖ,457
disturbance,22850800,1,ᛞᛁᛋᛏᚢᚱᛒᚪᚾᚳᛖ,513
substitution,22764525,1,ᛋᚢᛒᛋᛏᛁᛏᚢᛏᛡᚾ,517
differently,22499730,1,ᛞᛁᚠᚠᛖᚱᛖᚾᛏᛚᚣ,533
sovereignty,22291315,1,ᛋᚩᚢᛖᚱᛖᛁᚷᚾᛏᚣ,447
practicable,22258372,1,ᛈᚱᚪᚳᛏᛁᚳᚪᛒᛚᛖ,565
magnificent,22233015,1,ᛗᚪᚷᚾᛁᚠᛁᚳᛖᚾᛏ,446
advancement,22170598,1,ᚪᛞᚢᚪᚾᚳᛖᛗᛖᚾᛏ,621
extensively,22159304,1,ᛖᛉᛏᛖᚾᛋᛁᚢᛖᛚᚣ,599
interrupted,22158088,1,ᛁᚾᛏᛖᚱᚱᚢᛈᛏᛖᛞ,469
temporarily,22147490,1,ᛏᛖᛗᛈᚩᚱᚪᚱᛁᛚᚣ,573
permanently,21817485,1,ᛈᛖᚱᛗᚪᚾᛖᚾᛏᛚᚣ,649
confirmation,21593937,1,ᚳᚩᚾᚠᛁᚱᛗᚪᛏᛡᚾ,456
explanations,21128663,1,ᛖᛉᛈᛚᚪᚾᚪᛏᛡᚾᛋ,701
christopher,20954520,1,ᚳᚻᚱᛁᛋᛏᚩᛈᚻᛖᚱ,341
consistency,20790461,1,ᚳᚩᚾᛋᛁᛋᛏᛖᚾᚳᚣ,457
unreasonable,20721512,1,ᚢᚾᚱᛠᛋᚩᚾᚪᛒᛚᛖ,539
destructive,20649743,1,ᛞᛖᛋᛏᚱᚢᚳᛏᛁᚢᛖ,455
subordinate,20629500,1,ᛋᚢᛒᚩᚱᛞᛁᚾᚪᛏᛖ,507
manuscripts,20501433,1,ᛗᚪᚾᚢᛋᚳᚱᛁᛈᛏᛋ,463
notification,20406206,1,ᚾᚩᛏᛁᚠᛁᚳᚪᛏᛡᚾ,464
qualitative,20366861,1,ᚳᚹᚪᛚᛁᛏᚪᛏᛁᚢᛖ,549
accommodate,20320753,1,ᚪᚳᚳᚩᛗᛗᚩᛞᚪᛏᛖ,591
ascertained,20264879,1,ᚪᛋᚳᛖᚱᛏᚪᛁᚾᛖᛞ,613
unpublished,20223485,1,ᚢᚾᛈᚢᛒᛚᛁᛋᚻᛖᛞ,475
conspicuous,20185824,1,ᚳᚩᚾᛋᛈᛁᚳᚢᚩᚢᛋ,255
incorporate,20184984,1,ᛁᚾᚳᚩᚱᛈᚩᚱᚪᛏᛖ,375
complainant,20171560,1,ᚳᚩᛗᛈᛚᚪᛁᚾᚪᚾᛏ,549
derivatives,20167743,1,ᛞᛖᚱᛁᚢᚪᛏᛁᚢᛖᛋ,511
eligibility,20134412,1,ᛖᛚᛁᚷᛁᛒᛁᛚᛁᛏᚣ,577
handicapped,20091986,1,ᚻᚪᚾᛞᛁᚳᚪᛈᛈᛖᛞ,621
westminster,19923810,1,ᚹᛖᛋᛏᛗᛁᚾᛋᛏᛖᚱ,519
fluctuations,19917373,1,ᚠᛚᚢᚳᛏᚢᚪᛏᛡᚾᛋ,498
anniversary,19909858,1,ᚪᚾᚾᛁᚢᛖᚱᛋᚪᚱᚣ,531
preferences,19615299,1,ᛈᚱᛖᚠᛖᚱᛖᚾᚳᛖᛋ,430
susceptible,19610996,1,ᛋᚢᛋᚳᛖᛈᛏᛁᛒᛚᛖ,523
photography,19579712,1,ᛈᚻᚩᛏᚩᚷᚱᚪᛈᚻᚣ,433
fortunately,19570073,1,ᚠᚩᚱᛏᚢᚾᚪᛏᛖᛚᚣ,510
assignments,19495355,1,ᚪᛋᛋᛁᚷᚾᛗᛖᚾᛏᛋ,559
exploitation,19385793,1,ᛖᛉᛈᛚᚩᛁᛏᚪᛏᛡᚾ,619
sustainable,19345034,1,ᛋᚢᛋᛏᚪᛁᚾᚪᛒᛚᛖ,623
renaissance,18641041,1,ᚱᛖᚾᚪᛁᛋᛋᚪᚾᚳᛖ,547
intercourse,18587379,1,ᛁᚾᛏᛖᚱᚳᚩᚢᚱᛋᛖ,351
generalized,18492092,1,ᚷᛖᚾᛖᚱᚪᛚᛁᛋᛖᛞ,601
participant,18405089,1,ᛈᚪᚱᛏᛁᚳᛁᛈᚪᚾᛏ,513
transported,18332746,1,ᛏᚱᚪᚾᛋᛈᚩᚱᛏᛖᛞ,525
simultaneous,18085684,1,ᛋᛁᛗᚢᛚᛏᚪᚾᛇᚢᛋ,513
philosopher,17995692,1,ᛈᚻᛁᛚᚩᛋᚩᛈᚻᛖᚱ,381
acceleration,17981020,1,ᚪᚳᚳᛖᛚᛖᚱᚪᛏᛡᚾ,633
confidential,17887998,1,ᚳᚩᚾᚠᛁᛞᛖᚾᛏᛡᛚ,506
transparent,17826925,1,ᛏᚱᚪᚾᛋᛈᚪᚱᛖᚾᛏ,555
intersection,17729042,1,ᛁᚾᛏᛖᚱᛋᛖᚳᛏᛡᚾ,525
northwestern,17678541,1,ᚾᚩᚱᚦᚹᛖᛋᛏᛖᚱᚾ,357
proclamation,17674162,1,ᛈᚱᚩᚳᛚᚪᛗᚪᛏᛡᚾ,607
commitments,17530145,1,ᚳᚩᛗᛗᛁᛏᛗᛖᚾᛏᛋ,531
inflammation,17490820,1,ᛁᚾᚠᛚᚪᛗᛗᚪᛏᛡᚾ,666
comptroller,17488152,1,ᚳᚩᛗᛈᛏᚱᚩᛚᛚᛖᚱ,435
politically,17438152,1,ᛈᚩᛚᛁᛏᛁᚳᚪᛚᛚᚣ,603
commissioned,17398634,1,ᚳᚩᛗᛗᛁᛋᛋᛡᚾᛖᛞ,591
consecutive,17273506,1,ᚳᚩᚾᛋᛖᚳᚢᛏᛁᚢᛖ,345
anthropology,17124115,1,ᚪᚾᚦᚱᚩᛈᚩᛚᚩᚷᚣ,399
missionaries,17108672,1,ᛗᛁᛋᛋᛡᚾᚪᚱᛁᛖᛋ,603
competitors,17098659,1,ᚳᚩᛗᛈᛖᛏᛁᛏᚩᚱᛋ,421
percentages,17096264,1,ᛈᛖᚱᚳᛖᚾᛏᚪᚷᛖᛋ,523
hereinafter,16912438,1,ᚻᛖᚱᛖᛁᚾᚪᚠᛏᛖᚱ,464
accelerated,16802827,1,ᚪᚳᚳᛖᛚᛖᚱᚪᛏᛖᛞ,653
additionally,16729809,1,ᚪᛞᛞᛁᛏᛡᚾᚪᛚᛚᚣ,847
reservations,16621366,1,ᚱᛖᛋᛖᚱᚢᚪᛏᛡᚾᛋ,557
indianapolis,16534725,1,ᛁᚾᛞᛡᚾᚪᛈᚩᛚᛁᛋ,589
constituent,16529275,1,ᚳᚩᚾᛋᛏᛁᛏᚢᛖᚾᛏ,409
cylindrical,16391580,1,ᚳᚣᛚᛁᚾᛞᚱᛁᚳᚪᛚ,563
efficiently,16365675,1,ᛖᚠᚠᛁᚳᛁᛖᚾᛏᛚᚣ,477
verification,16245642,1,ᚢᛖᚱᛁᚠᛁᚳᚪᛏᛡᚾ,450
crystalline,16216936,1,ᚳᚱᚣᛋᛏᚪᛚᛚᛁᚾᛖ,609
prescription,16189027,1,ᛈᚱᛖᛋᚳᚱᛁᛈᛏᛡᚾ,467
discoveries,16170792,1,ᛞᛁᛋᚳᚩᚢᛖᚱᛁᛖᛋ,425
subscribers,16146169,1,ᛋᚢᛒᛋᚳᚱᛁᛒᛖᚱᛋ,417
substantive,16135350,1,ᛋᚢᛒᛋᛏᚪᚾᛏᛁᚢᛖ,515
compositions,16135127,1,ᚳᚩᛗᛈᚩᛋᛁᛏᛡᚾᛋ,473
coordinates,16090427,1,ᚳᚩᚩᚱᛞᛁᚾᚪᛏᛖᛋ,463
investigating,16029431,1,ᛁᚾᚢᛖᛋᛏᛁᚷᚪᛏᛝ,525
instability,16010602,1,ᛁᚾᛋᛏᚪᛒᛁᛚᛁᛏᚣ,627
consultants,15999168,1,ᚳᚩᚾᛋᚢᛚᛏᚪᚾᛏᛋ,475
descendants,15725619,1,ᛞᛖᛋᚳᛖᚾᛞᚪᚾᛏᛋ,645
dissertation,15606279,1,ᛞᛁᛋᛋᛖᚱᛏᚪᛏᛡᚾ,655
recruitment,15570857,1,ᚱᛖᚳᚱᚢᛁᛏᛗᛖᚾᛏ,421
voluntarily,15570483,1,ᚢᚩᛚᚢᚾᛏᚪᚱᛁᛚᚣ,489
entertained,15504724,1,ᛖᚾᛏᛖᚱᛏᚪᛁᚾᛖᛞ,605
evolutionary,15392844,1,ᛖᚢᚩᛚᚢᛏᛡᚾᚪᚱᚣ,559
propositions,15315453,1,ᛈᚱᚩᛈᚩᛋᛁᛏᛡᚾᛋ,443
continuance,15233556,1,ᚳᚩᚾᛏᛁᚾᚢᚪᚾᚳᛖ,377
subsistence,15186282,1,ᛋᚢᛒᛋᛁᛋᛏᛖᚾᚳᛖ,489
establishes,15141602,1,ᛖᛋᛏᚪᛒᛚᛁᛋᚻᛖᛋ,637
southwestern,15063681,1,ᛋᚩᚢᚦᚹᛖᛋᛏᛖᚱᚾ,373
practitioner,15034267,1,ᛈᚱᚪᚳᛏᛁᛏᛡᚾᛖᚱ,527
restaurants,15022814,1,ᚱᛖᛋᛏᚪᚢᚱᚪᚾᛏᛋ,539
coordinated,15006813,1,ᚳᚩᚩᚱᛞᛁᚾᚪᛏᛖᛞ,499
resemblance,14990009,1,ᚱᛖᛋᛖᛗᛒᛚᚪᚾᚳᛖ,609
descriptors,14824783,1,ᛞᛖᛋᚳᚱᛁᛈᛏᚩᚱᛋ,437
translations,14812919,1,ᛏᚱᚪᚾᛋᛚᚪᛏᛡᚾᛋ,667
accessories,14767016,1,ᚪᚳᚳᛖᛋᛋᚩᚱᛁᛖᛋ,465
respectable,14728752,1,ᚱᛖᛋᛈᛖᚳᛏᚪᛒᛚᛖ,611
optimization,14607919,1,ᚩᛈᛏᛁᛗᛁᛋᚪᛏᛡᚾ,587
condemnation,14579588,1,ᚳᚩᚾᛞᛖᛗᚾᚪᛏᛡᚾ,597
manipulation,14522866,1,ᛗᚪᚾᛁᛈᚢᛚᚪᛏᛡᚾ,639
universally,14399047,1,ᚢᚾᛁᚢᛖᚱᛋᚪᛚᛚᚣ,543
contributes,14341680,1,ᚳᚩᚾᛏᚱᛁᛒᚢᛏᛖᛋ,393
magistrates,14325990,1,ᛗᚪᚷᛁᛋᛏᚱᚪᛏᛖᛋ,615
automobiles,14290748,1,ᚪᚢᛏᚩᛗᚩᛒᛁᛚᛖᛋ,529
deterioration,14265317,1,ᛞᛖᛏᛖᚱᛡᚱᚪᛏᛡᚾ,703
demographic,14259437,1,ᛞᛖᛗᚩᚷᚱᚪᛈᚻᛁᚳ,469
enhancement,14118109,1,ᛖᚾᚻᚪᚾᚳᛖᛗᛖᚾᛏ,551
convergence,14058802,1,ᚳᚩᚾᚢᛖᚱᚷᛖᚾᚳᛖ,323
presbyterian,13940988,1,ᛈᚱᛖᛋᛒᚣᛏᛖᚱᛡᚾ,611
sociological,13926095,1,ᛋᚩᚳᛡᛚᚩᚷᛁᚳᚪᛚ,491
distinctions,13904039,1,ᛞᛁᛋᛏᛁᚾᚳᛏᛡᚾᛋ,553
contractual,13830889,1,ᚳᚩᚾᛏᚱᚪᚳᛏᚢᚪᛚ,461
indifferent,13821974,1,ᛁᚾᛞᛁᚠᚠᛖᚱᛖᚾᛏ,417
republicans,13779147,1,ᚱᛖᛈᚢᛒᛚᛁᚳᚪᚾᛋ,481
precipitate,13762723,1,ᛈᚱᛖᚳᛁᛈᛁᛏᚪᛏᛖ,521
preparatory,13757022,1,ᛈᚱᛖᛈᚪᚱᚪᛏᚩᚱᚣ,549
terminology,13754122,1,ᛏᛖᚱᛗᛁᚾᚩᛚᚩᚷᚣ,475
resurrection,13753693,1,ᚱᛖᛋᚢᚱᚱᛖᚳᛏᛡᚾ,431
secretaries,13741998,1,ᛋᛖᚳᚱᛖᛏᚪᚱᛁᛖᛋ,529
supervisory,13740590,1,ᛋᚢᛈᛖᚱᚢᛁᛋᚩᚱᚣ,385
interactive,13728547,1,ᛁᚾᛏᛖᚱᚪᚳᛏᛁᚢᛖ,467
countenance,13695204,1,ᚳᚩᚢᚾᛏᛖᚾᚪᚾᚳᛖ,413
confederate,13621537,1,ᚳᚩᚾᚠᛖᛞᛖᚱᚪᛏᛖ,508
importantly,13549489,1,ᛁᛗᛈᚩᚱᛏᚪᚾᛏᛚᚣ,583
disciplines,13404203,1,ᛞᛁᛋᚳᛁᛈᛚᛁᚾᛖᛋ,513
abandonment,13378474,1,ᚪᛒᚪᚾᛞᚩᚾᛗᛖᚾᛏ,635
purification,13337384,1,ᛈᚢᚱᛁᚠᛁᚳᚪᛏᛡᚾ,426
hypertension,13334758,1,ᚻᚣᛈᛖᚱᛏᛖᚾᛋᛡᚾ,591
restrictive,13329850,1,ᚱᛖᛋᛏᚱᛁᚳᛏᛁᚢᛖ,405
polarization,13325623,1,ᛈᚩᛚᚪᚱᛁᛋᚪᛏᛡᚾ,607
enlargement,13319006,1,ᛖᚾᛚᚪᚱᚷᛖᛗᛖᚾᛏ,587
permissible,13305574,1,ᛈᛖᚱᛗᛁᛋᛋᛁᛒᛚᛖ,561
afghanistan,13278113,1,ᚪᚠᚷᚻᚪᚾᛁᛋᛏᚪᚾ,534
illumination,13256672,1,ᛁᛚᛚᚢᛗᛁᚾᚪᛏᛡᚾ,603
correlations,13220055,1,ᚳᚩᚱᚱᛖᛚᚪᛏᛡᚾᛋ,527
interviewed,13155912,1,ᛁᚾᛏᛖᚱᚢᛁᛖᚹᛖᛞ,473
communicating,13152348,1,ᚳᚩᛗᛗᚢᚾᛁᚳᚪᛏᛝ,473
unanimously,13127858,1,ᚢᚾᚪᚾᛁᛗᚩᚢᛋᛚᚣ,499
advantageous,13010914,1,ᚪᛞᚢᚪᚾᛏᚪᚷᛇᚢᛋ,585
microscopic,12993293,1,ᛗᛁᚳᚱᚩᛋᚳᚩᛈᛁᚳ,293
adolescents,12887145,1,ᚪᛞᚩᛚᛖᛋᚳᛖᚾᛏᛋ,607
explanatory,12870951,1,ᛖᛉᛈᛚᚪᚾᚪᛏᚩᚱᚣ,633
confinement,12804499,1,ᚳᚩᚾᚠᛁᚾᛖᛗᛖᚾᛏ,404
anticipation,12684891,1,ᚪᚾᛏᛁᚳᛁᛈᚪᛏᛡᚾ,595
concurrence,12653309,1,ᚳᚩᚾᚳᚢᚱᚱᛖᚾᚳᛖ,263
proprietors,12619883,1,ᛈᚱᚩᛈᚱᛁᛖᛏᚩᚱᛋ,343
undesirable,12587542,1,ᚢᚾᛞᛖᛋᛁᚱᚪᛒᛚᛖ,581
credibility,12552900,1,ᚳᚱᛖᛞᛁᛒᛁᛚᛁᛏᚣ,569
cholesterol,12532409,1,ᚳᚻᚩᛚᛖᛋᛏᛖᚱᚩᛚ,453
regeneration,12525932,1,ᚱᛖᚷᛖᚾᛖᚱᚪᛏᛡᚾ,561
documentary,12508626,1,ᛞᚩᚳᚢᛗᛖᚾᛏᚪᚱᚣ,549
countryside,12409519,1,ᚳᚩᚢᚾᛏᚱᚣᛋᛁᛞᛖ,465
exaggerated,12402669,1,ᛖᛉᚪᚷᚷᛖᚱᚪᛏᛖᛞ,635
shareholder,12398108,1,ᛋᚻᚪᚱᛖᚻᚩᛚᛞᛖᚱ,521
fertilizers,12346264,1,ᚠᛖᚱᛏᛁᛚᛁᛋᛖᚱᛋ,458
permeability,12343665,1,ᛈᛖᚱᛗᛠᛒᛁᛚᛁᛏᚣ,659
theoretically,12319714,1,ᚦᛇᚱᛖᛏᛁᚳᚪᛚᛚᚣ,573
apprehension,12300870,1,ᚪᛈᛈᚱᛖᚻᛖᚾᛋᛡᚾ,569
administering,12294309,1,ᚪᛞᛗᛁᚾᛁᛋᛏᛖᚱᛝ,617
groundwater,12288144,1,ᚷᚱᚩᚢᚾᛞᚹᚪᛏᛖᚱ,409
journalists,12271503,1,ᛂᚩᚢᚱᚾᚪᛚᛁᛋᛏᛋ,453
technically,12191427,1,ᛏᛖᚳᚻᚾᛁᚳᚪᛚᛚᚣ,581
predecessor,12141004,1,ᛈᚱᛖᛞᛖᚳᛖᛋᛋᚩᚱ,481
speculative,12052857,1,ᛋᛈᛖᚳᚢᛚᚪᛏᛁᚢᛖ,509
commercially,12022022,1,ᚳᚩᛗᛗᛖᚱᚳᛡᛚᛚᚣ,609
cancellation,11999092,1,ᚳᚪᚾᚳᛖᛚᛚᚪᛏᛡᚾ,657
incorporating,11962266,1,ᛁᚾᚳᚩᚱᛈᚩᚱᚪᛏᛝ,387
constrained,11937348,1,ᚳᚩᚾᛋᛏᚱᚪᛁᚾᛖᛞ,485
demonstrating,11909993,1,ᛞᛖᛗᚩᚾᛋᛏᚱᚪᛏᛝ,621
chamberlain,11886232,1,ᚳᚻᚪᛗᛒᛖᚱᛚᚪᛁᚾ,573
distributor,11838982,1,ᛞᛁᛋᛏᚱᛁᛒᚢᛏᚩᚱ,415
periodically,11813849,1,ᛈᛖᚱᛡᛞᛁᚳᚪᛚᛚᚣ,707
compartment,11780238,1,ᚳᚩᛗᛈᚪᚱᛏᛗᛖᚾᛏ,527
enlightened,11774397,1,ᛖᚾᛚᛁᚷᚻᛏᛖᚾᛖᛞ,551
observatory,11771184,1,ᚩᛒᛋᛖᚱᚢᚪᛏᚩᚱᚣ,479
inventories,11669991,1,ᛁᚾᚢᛖᚾᛏᚩᚱᛁᛖᛋ,387
coordinator,11653869,1,ᚳᚩᚩᚱᛞᛁᚾᚪᛏᚩᚱ,361
instructors,11588852,1,ᛁᚾᛋᛏᚱᚢᚳᛏᚩᚱᛋ,329
pathological,11575844,1,ᛈᚪᚦᚩᛚᚩᚷᛁᚳᚪᛚ,463
biographical,11569381,1,ᛒᛡᚷᚱᚪᛈᚻᛁᚳᚪᛚ,573
recollection,11567277,1,ᚱᛖᚳᚩᛚᛚᛖᚳᛏᛡᚾ,519
hospitality,11549831,1,ᚻᚩᛋᛈᛁᛏᚪᛚᛁᛏᚣ,579
ratification,11537759,1,ᚱᚪᛏᛁᚠᛁᚳᚪᛏᛡᚾ,536
understands,11409378,1,ᚢᚾᛞᛖᚱᛋᛏᚪᚾᛞᛋ,579
proprietary,11359865,1,ᛈᚱᚩᛈᚱᛁᛖᛏᚪᚱᚣ,483
sufficiency,11322309,1,ᛋᚢᚠᚠᛁᚳᛁᛖᚾᚳᚣ,347
ventricular,11282590,1,ᚢᛖᚾᛏᚱᛁᚳᚢᛚᚪᚱ,397
hypothetical,11208331,1,ᚻᚣᛈᚩᚦᛖᛏᛁᚳᚪᛚ,521
surrendered,11178474,1,ᛋᚢᚱᚱᛖᚾᛞᛖᚱᛖᛞ,497
subdivisions,11143756,1,ᛋᚢᛒᛞᛁᚢᛁᛋᛡᚾᛋ,513
transitional,11064358,1,ᛏᚱᚪᚾᛋᛁᛏᛡᚾᚪᛚ,645
interruption,10902742,1,ᛁᚾᛏᛖᚱᚱᚢᛈᛏᛡᚾ,449
ineffective,10894339,1,ᛁᚾᛖᚠᚠᛖᚳᛏᛁᚢᛖ,371
restructuring,10863599,1,ᚱᛖᛋᛏᚱᚢᚳᛏᚢᚱᛝ,369
questionable,10834223,1,ᚳᚹᛖᛋᛏᛡᚾᚪᛒᛚᛖ,645
acquisitions,10826776,1,ᚪᚳᚳᚹᛁᛋᛁᛏᛡᚾᛋ,505
problematic,10808683,1,ᛈᚱᚩᛒᛚᛖᛗᚪᛏᛁᚳ,533
specificity,10774994,1,ᛋᛈᛖᚳᛁᚠᛁᚳᛁᛏᚣ,446
declarations,10754068,1,ᛞᛖᚳᛚᚪᚱᚪᛏᛡᚾᛋ,695
persistence,10751183,1,ᛈᛖᚱᛋᛁᛋᛏᛖᚾᚳᛖ,493
supplements,10728585,1,ᛋᚢᛈᛈᛚᛖᛗᛖᚾᛏᛋ,561
compensated,10698484,1,ᚳᚩᛗᛈᛖᚾᛋᚪᛏᛖᛞ,595
delinquency,10641368,1,ᛞᛖᛚᛁᚾᚳᚹᛖᚾᚳᚣ,533
subsidiaries,10618473,1,ᛋᚢᛒᛋᛁᛞᛡᚱᛁᛖᛋ,559
innumerable,10592605,1,ᛁᚾᚾᚢᛗᛖᚱᚪᛒᛚᛖ,539
unauthorized,10561718,1,ᚢᚾᚪᚢᚦᚩᚱᛁᛋᛖᛞ,395
remuneration,10560883,1,ᚱᛖᛗᚢᚾᛖᚱᚪᛏᛡᚾ,551
protestants,10529929,1,ᛈᚱᚩᛏᛖᛋᛏᚪᚾᛏᛋ,537
mobilization,10478556,1,ᛗᚩᛒᛁᛚᛁᛋᚪᛏᛡᚾ,619
picturesque,10448206,1,ᛈᛁᚳᛏᚢᚱᛖᛋᚳᚹᛖ,379
predominant,10421177,1,ᛈᚱᛖᛞᚩᛗᛁᚾᚪᚾᛏ,533
inscriptions,10338310,1,ᛁᚾᛋᚳᚱᛁᛈᛏᛡᚾᛋ,459
promulgated,10320362,1,ᛈᚱᚩᛗᚢᛚᚷᚪᛏᛖᛞ,537
spectacular,10258359,1,ᛋᛈᛖᚳᛏᚪᚳᚢᛚᚪᚱ,529
transmitter,10231788,1,ᛏᚱᚪᚾᛋᛗᛁᛏᛏᛖᚱ,547
condensation,10229895,1,ᚳᚩᚾᛞᛖᚾᛋᚪᛏᛡᚾ,579
forgiveness,10219751,1,ᚠᚩᚱᚷᛁᚢᛖᚾᛖᛋᛋ,340
occurrences,10216771,1,ᚩᚳᚳᚢᚱᚱᛖᚾᚳᛖᛋ,287
coincidence,10184046,1,ᚳᚩᛁᚾᚳᛁᛞᛖᚾᚳᛖ,389
humanitarian,10152852,1,ᚻᚢᛗᚪᚾᛁᛏᚪᚱᛡᚾ,557
locomotives,10074037,1,ᛚᚩᚳᚩᛗᚩᛏᛁᚢᛖᛋ,391
imaginative,10021895,1,ᛁᛗᚪᚷᛁᚾᚪᛏᛁᚢᛖ,533
counterpart,9885857,1,ᚳᚩᚢᚾᛏᛖᚱᛈᚪᚱᛏ,399
accountants,9841477,1,ᚪᚳᚳᚩᚢᚾᛏᚪᚾᛏᛋ,459
centralized,9787346,1,ᚳᛖᚾᛏᚱᚪᛚᛁᛋᛖᛞ,589
necessities,9780255,1,ᚾᛖᚳᛖᛋᛋᛁᛏᛁᛖᛋ,523
transformer,9718344,1,ᛏᚱᚪᚾᛋᚠᚩᚱᛗᛖᚱ,418
embarrassed,9692822,1,ᛖᛗᛒᚪᚱᚱᚪᛋᛋᛖᛞ,677
unfavorable,9642894,1,ᚢᚾᚠᚪᚢᚩᚱᚪᛒᛚᛖ,450
desperately,9605210,1,ᛞᛖᛋᛈᛖᚱᚪᛏᛖᛚᚣ,729
chromosomes,9567774,1,ᚳᚻᚱᚩᛗᚩᛋᚩᛗᛖᛋ,383
fulfillment,9564868,1,ᚠᚢᛚᚠᛁᛚᛚᛗᛖᚾᛏ,483
substitutes,9551301,1,ᛋᚢᛒᛋᛏᛁᛏᚢᛏᛖᛋ,501
endorsement,9531617,1,ᛖᚾᛞᚩᚱᛋᛖᛗᛖᚾᛏ,549
instructive,9521748,1,ᛁᚾᛋᛏᚱᚢᚳᛏᛁᚢᛖ,359
fermentation,9484318,1,ᚠᛖᚱᛗᛖᚾᛏᚪᛏᛡᚾ,598
interpreter,9479227,1,ᛁᚾᛏᛖᚱᛈᚱᛖᛏᛖᚱ,455
facilitated,9472587,1,ᚠᚪᚳᛁᛚᛁᛏᚪᛏᛖᛞ,618
distillation,9384186,1,ᛞᛁᛋᛏᛁᛚᛚᚪᛏᛡᚾ,701
emancipation,9344030,1,ᛖᛗᚪᚾᚳᛁᛈᚪᛏᛡᚾ,643
illuminated,9338971,1,ᛁᛚᛚᚢᛗᛁᚾᚪᛏᛖᛞ,623
biochemistry,9283860,1,ᛒᛡᚳᚻᛖᛗᛁᛋᛏᚱᚣ,599
involuntary,9283331,1,ᛁᚾᚢᚩᛚᚢᚾᛏᚪᚱᚣ,445
disarmament,9253855,1,ᛞᛁᛋᚪᚱᛗᚪᛗᛖᚾᛏ,675
troublesome,9220317,1,ᛏᚱᚩᚢᛒᛚᛖᛋᚩᛗᛖ,479
foreclosure,9197723,1,ᚠᚩᚱᛖᚳᛚᚩᛋᚢᚱᛖ,314
adjournment,9181716,1,ᚪᛞᛂᚩᚢᚱᚾᛗᛖᚾᛏ,499
discrepancy,9181162,1,ᛞᛁᛋᚳᚱᛖᛈᚪᚾᚳᚣ,549
intravenous,9159976,1,ᛁᚾᛏᚱᚪᚢᛖᚾᚩᚢᛋ,389
temperament,9136804,1,ᛏᛖᛗᛈᛖᚱᚪᛗᛖᚾᛏ,641
marketplace,9115061,1,ᛗᚪᚱᚳᛖᛏᛈᛚᚪᚳᛖ,611
discouraged,9063731,1,ᛞᛁᛋᚳᚩᚢᚱᚪᚷᛖᛞ,477
encyclopedia,9057287,1,ᛖᚾᚳᚣᚳᛚᚩᛈᛖᛞᛡ,611
assimilation,9013674,1,ᚪᛋᛋᛁᛗᛁᛚᚪᛏᛡᚾ,701
correctness,9010516,1,ᚳᚩᚱᚱᛖᚳᛏᚾᛖᛋᛋ,383
incompetent,8970555,1,ᛁᚾᚳᚩᛗᛈᛖᛏᛖᚾᛏ,475
highlighted,8955077,1,ᚻᛁᚷᚻᛚᛁᚷᚻᛏᛖᛞ,453
extremities,8923403,1,ᛖᛉᛏᚱᛖᛗᛁᛏᛁᛖᛋ,563
chemotherapy,8889447,1,ᚳᚻᛖᛗᚩᚦᛖᚱᚪᛈᚣ,507
sedimentary,8882847,1,ᛋᛖᛞᛁᛗᛖᚾᛏᚪᚱᚣ,677
backgrounds,8880183,1,ᛒᚪᚳᚳᚷᚱᚩᚢᚾᛞᛋ,393
detrimental,8842609,1,ᛞᛖᛏᚱᛁᛗᛖᚾᛏᚪᛚ,653
legislators,8840040,1,ᛚᛖᚷᛁᛋᛚᚪᛏᚩᚱᛋ,541
businessmen,8826670,1,ᛒᚢᛋᛁᚾᛖᛋᛋᛗᛖᚾ,517
adjudication,8816920,1,ᚪᛞᛂᚢᛞᛁᚳᚪᛏᛡᚾ,651
hostilities,8769036,1,ᚻᚩᛋᛏᛁᛚᛁᛏᛁᛖᛋ,487
hydrocarbon,8683954,1,ᚻᚣᛞᚱᚩᚳᚪᚱᛒᚩᚾ,451
interestingly,8678969,1,ᛁᚾᛏᛖᚱᛖᛋᛏᛝᛚᚣ,631
inexpensive,8676152,1,ᛁᚾᛖᛉᛈᛖᚾᛋᛁᚢᛖ,467
infiltration,8673817,1,ᛁᚾᚠᛁᛚᛏᚱᚪᛏᛡᚾ,528
grammatical,8625073,1,ᚷᚱᚪᛗᛗᚪᛏᛁᚳᚪᛚ,637
oscillations,8611840,1,ᚩᛋᚳᛁᛚᛚᚪᛏᛡᚾᛋ,595
bureaucratic,8589381,1,ᛒᚢᚱᛠᚢᚳᚱᚪᛏᛁᚳ,411
articulated,8576293,1,ᚪᚱᛏᛁᚳᚢᛚᚪᛏᛖᛞ,599
installment,8571028,1,ᛁᚾᛋᛏᚪᛚᛚᛗᛖᚾᛏ,641
preferential,8538914,1,ᛈᚱᛖᚠᛖᚱᛖᚾᛏᛡᛚ,536
contemplate,8536475,1,ᚳᚩᚾᛏᛖᛗᛈᛚᚪᛏᛖ,585
degeneration,8504558,1,ᛞᛖᚷᛖᚾᛖᚱᚪᛏᛡᚾ,639
symmetrical,8451625,1,ᛋᚣᛗᛗᛖᛏᚱᛁᚳᚪᛚ,649
intensified,8405096,1,ᛁᚾᛏᛖᚾᛋᛁᚠᛁᛖᛞ,488
overwhelmed,8359601,1,ᚩᚢᛖᚱᚹᚻᛖᛚᛗᛖᛞ,497
localization,8329349,1,ᛚᚩᚳᚪᛚᛁᛋᚪᛏᛡᚾ,639
concentrating,8327882,1,ᚳᚩᚾᚳᛖᚾᛏᚱᚪᛏᛝ,463
abbreviations,8308067,1,ᚪᛒᛒᚱᛖᚢᛡᛏᛡᚾᛋ,655
electrolyte,8306536,1,ᛖᛚᛖᚳᛏᚱᚩᛚᚣᛏᛖ,599
directorate,8264407,1,ᛞᛁᚱᛖᚳᛏᚩᚱᚪᛏᛖ,511
computations,8213417,1,ᚳᚩᛗᛈᚢᛏᚪᛏᛡᚾᛋ,541
remembrance,8148832,1,ᚱᛖᛗᛖᛗᛒᚱᚪᚾᚳᛖ,565
colonization,8104637,1,ᚳᚩᛚᚩᚾᛁᛋᚪᛏᛡᚾ,505
accountable,8013083,1,ᚪᚳᚳᚩᚢᚾᛏᚪᛒᛚᛖ,519
adolescence,7967768,1,ᚪᛞᚩᛚᛖᛋᚳᛖᚾᚳᛖ,575
distinguishes,7965884,1,ᛞᛁᛋᛏᛝᚢᛁᛋᚻᛖᛋ,541
advertisers,7953173,1,ᚪᛞᚢᛖᚱᛏᛁᛋᛖᚱᛋ,541
lymphocytes,7922665,1,ᛚᚣᛗᛈᚻᚩᚳᚣᛏᛖᛋ,615
centrifugal,7887240,1,ᚳᛖᚾᛏᚱᛁᚠᚢᚷᚪᛚ,402
conceivable,7881611,1,ᚳᚩᚾᚳᛖᛁᚢᚪᛒᛚᛖ,461
diversified,7875975,1,ᛞᛁᚢᛖᚱᛋᛁᚠᛁᛖᛞ,474
proficiency,7870499,1,ᛈᚱᚩᚠᛁᚳᛁᛖᚾᚳᚣ,350
disregarded,7804945,1,ᛞᛁᛋᚱᛖᚷᚪᚱᛞᛖᛞ,621
alternately,7785346,1,ᚪᛚᛏᛖᚱᚾᚪᛏᛖᛚᚣ,735
equivalents,7782987,1,ᛖᚳᚹᛁᚢᚪᛚᛖᚾᛏᛋ,511
unavoidable,7772388,1,ᚢᚾᚪᚢᚩᛁᛞᚪᛒᛚᛖ,557
affectionate,7727992,1,ᚪᚠᚠᛖᚳᛏᛡᚾᚪᛏᛖ,599
aristocracy,7695418,1,ᚪᚱᛁᛋᛏᚩᚳᚱᚪᚳᚣ,495
articulation,7689287,1,ᚪᚱᛏᛁᚳᚢᛚᚪᛏᛡᚾ,579
immortality,7687953,1,ᛁᛗᛗᚩᚱᛏᚪᛚᛁᛏᚣ,613
emergencies,7679757,1,ᛖᛗᛖᚱᚷᛖᚾᚳᛁᛖᛋ,493
attachments,7678487,1,ᚪᛏᛏᚪᚳᚻᛗᛖᚾᛏᛋ,627
predictable,7662294,1,ᛈᚱᛖᛞᛁᚳᛏᚪᛒᛚᛖ,611
incremental,7656882,1,ᛁᚾᚳᚱᛖᛗᛖᚾᛏᚪᛚ,547
complication,7643418,1,ᚳᚩᛗᛈᛚᛁᚳᚪᛏᛡᚾ,543
inefficient,7631921,1,ᛁᚾᛖᚠᚠᛁᚳᛁᛖᚾᛏ,361
metaphysics,7611056,1,ᛗᛖᛏᚪᛈᚻᚣᛋᛁᚳᛋ,613
unimportant,7576656,1,ᚢᚾᛁᛗᛈᚩᚱᛏᚪᚾᛏ,439
correctional,7567941,1,ᚳᚩᚱᚱᛖᚳᛏᛡᚾᚪᛚ,487
commonplace,7537785,1,ᚳᚩᛗᛗᚩᚾᛈᛚᚪᚳᛖ,491
tablespoons,7524324,1,ᛏᚪᛒᛚᛖᛋᛈᚩᚩᚾᛋ,549
superstition,7523039,1,ᛋᚢᛈᛖᚱᛋᛏᛁᛏᛡᚾ,515
exemplified,7505982,1,ᛖᛉᛖᛗᛈᛚᛁᚠᛁᛖᛞ,588
prehistoric,7482514,1,ᛈᚱᛖᚻᛁᛋᛏᚩᚱᛁᚳ,349
extravagant,7468508,1,ᛖᛉᛏᚱᚪᚢᚪᚷᚪᚾᛏ,583
arbitrarily,7466371,1,ᚪᚱᛒᛁᛏᚱᚪᚱᛁᛚᚣ,585
entitlement,7457299,1,ᛖᚾᛏᛁᛏᛚᛖᛗᛖᚾᛏ,611
catastrophe,7442456,1,ᚳᚪᛏᚪᛋᛏᚱᚩᛈᚻᛖ,529
fluorescent,7417835,1,ᚠᛚᚢᚩᚱᛖᛋᚳᛖᚾᛏ,384
intensities,7416242,1,ᛁᚾᛏᛖᚾᛋᛁᛏᛁᛖᛋ,509
solicitation,7407864,1,ᛋᚩᛚᛁᚳᛁᛏᚪᛏᛡᚾ,559
sensibility,7406752,1,ᛋᛖᚾᛋᛁᛒᛁᛚᛁᛏᚣ,591
epidemiology,7403865,1,ᛖᛈᛁᛞᛖᛗᛡᛚᚩᚷᚣ,675
contingencies,7394578,1,ᚳᚩᚾᛏᛝᛖᚾᚳᛁᛖᛋ,447
tributaries,7354831,1,ᛏᚱᛁᛒᚢᛏᚪᚱᛁᛖᛋ,483
authenticity,7341526,1,ᚪᚢᚦᛖᚾᛏᛁᚳᛁᛏᚣ,497
rockefeller,7336462,1,ᚱᚩᚳᚳᛖᚠᛖᛚᛚᛖᚱ,404
denomination,7305676,1,ᛞᛖᚾᚩᛗᛁᚾᚪᛏᛡᚾ,615
identifiers,7266980,1,ᛁᛞᛖᚾᛏᛁᚠᛁᛖᚱᛋ,470
scandinavian,7255806,1,ᛋᚳᚪᚾᛞᛁᚾᚪᚢᛡᚾ,577
antiquities,7241781,1,ᚪᚾᛏᛁᚳᚹᛁᛏᛁᛖᛋ,489
acknowledging,7219548,1,ᚪᚳᚳᚾᚩᚹᛚᛖᛞᚷᛝ,503
excessively,7189779,1,ᛖᛉᚳᛖᛋᛋᛁᚢᛖᛚᚣ,577
reciprocity,7181476,1,ᚱᛖᚳᛁᛈᚱᚩᚳᛁᛏᚣ,389
sentimental,7121215,1,ᛋᛖᚾᛏᛁᛗᛖᚾᛏᚪᛚ,635
comfortably,7063927,1,ᚳᚩᛗᚠᚩᚱᛏᚪᛒᛚᚣ,504
undersigned,7043224,1,ᚢᚾᛞᛖᚱᛋᛁᚷᚾᛖᛞ,485
exploratory,7025414,1,ᛖᛉᛈᛚᚩᚱᚪᛏᚩᚱᚣ,525
containment,7003944,1,ᚳᚩᚾᛏᚪᛁᚾᛗᛖᚾᛏ,491
reluctantly,6996661,1,ᚱᛖᛚᚢᚳᛏᚪᚾᛏᛚᚣ,587
informative,6983386,1,ᛁᚾᚠᚩᚱᛗᚪᛏᛁᚢᛖ,408
dispositions,6943420,1,ᛞᛁᛋᛈᚩᛋᛁᛏᛡᚾᛋ,555
consolidate,6931015,1,ᚳᚩᚾᛋᚩᛚᛁᛞᚪᛏᛖ,525
battlefield,6920614,1,ᛒᚪᛏᛏᛚᛖᚠᛁᛖᛚᛞ,678
intolerable,6903615,1,ᛁᚾᛏᚩᛚᛖᚱᚪᛒᛚᛖ,575
inaugurated,6868344,1,ᛁᚾᚪᚢᚷᚢᚱᚪᛏᛖᛞ,503
suitability,6793077,1,ᛋᚢᛁᛏᚪᛒᛁᛚᛁᛏᚣ,601
equivalence,6792787,1,ᛖᚳᚹᛁᚢᚪᛚᛖᚾᚳᛖ,479
artificially,6775058,1,ᚪᚱᛏᛁᚠᛁᚳᛡᛚᛚᚣ,600
effectually,6770840,1,ᛖᚠᚠᛖᚳᛏᚢᚪᛚᛚᚣ,559
interstitial,6745486,1,ᛁᚾᛏᛖᚱᛋᛏᛁᛏᛡᛚ,579
insurrection,6724933,1,ᛁᚾᛋᚢᚱᚱᛖᚳᛏᛡᚾ,413
stockholder,6720419,1,ᛋᛏᚩᚳᚳᚻᚩᛚᛞᛖᚱ,415
penitentiary,6712481,1,ᛈᛖᚾᛁᛏᛖᚾᛏᛡᚱᚣ,605
contributor,6710218,1,ᚳᚩᚾᛏᚱᛁᛒᚢᛏᚩᚱ,291
identifiable,6698527,1,ᛁᛞᛖᚾᛏᛁᚠᛡᛒᛚᛖ,616
convertible,6693256,1,ᚳᚩᚾᚢᛖᚱᛏᛁᛒᛚᛖ,421
undisturbed,6692341,1,ᚢᚾᛞᛁᛋᛏᚢᚱᛒᛖᛞ,495
fellowships,6672760,1,ᚠᛖᛚᛚᚩᚹᛋᚻᛁᛈᛋ,444
confidently,6649690,1,ᚳᚩᚾᚠᛁᛞᛖᚾᛏᛚᚣ,502
prostitution,6646059,1,ᛈᚱᚩᛋᛏᛁᛏᚢᛏᛡᚾ,461
civilisation,6643428,1,ᚳᛁᚢᛁᛚᛁᛋᚪᛏᛡᚾ,527
disapproval,6607131,1,ᛞᛁᛋᚪᛈᛈᚱᚩᚢᚪᛚ,547
originality,6604283,1,ᚩᚱᛁᚷᛁᚾᚪᛚᛁᛏᚣ,489
equalization,6599580,1,ᛖᚳᚹᚪᛚᛁᛋᚪᛏᛡᚾ,645
apprentices,6583417,1,ᚪᛈᛈᚱᛖᚾᛏᛁᚳᛖᛋ,513
constantine,6577437,1,ᚳᚩᚾᛋᛏᚪᚾᛏᛁᚾᛖ,473
consecrated,6561036,1,ᚳᚩᚾᛋᛖᚳᚱᚪᛏᛖᛞ,505
deliberation,6555224,1,ᛞᛖᛚᛁᛒᛖᚱᚪᛏᛡᚾ,691
albuquerque,6539770,1,ᚪᛚᛒᚢᚳᚹᛖᚱᚳᚹᛖ,443
pronunciation,6492831,1,ᛈᚱᚩᚾᚢᚾᚳᛡᛏᛡᚾ,437
congregations,6487833,1,ᚳᚩᛝᚱᛖᚷᚪᛏᛡᚾᛋ,539
particulate,6470731,1,ᛈᚪᚱᛏᛁᚳᚢᛚᚪᛏᛖ,553
formulations,6468791,1,ᚠᚩᚱᛗᚢᛚᚪᛏᛡᚾᛋ,512
disagreeable,6445894,1,ᛞᛁᛋᚪᚷᚱᛖᛠᛒᛚᛖ,675
superfluous,6440458,1,ᛋᚢᛈᛖᚱᚠᛚᚢᚩᚢᛋ,318
disciplined,6397488,1,ᛞᛁᛋᚳᛁᛈᛚᛁᚾᛖᛞ,549
apprehended,6393525,1,ᚪᛈᛈᚱᛖᚻᛖᚾᛞᛖᛞ,625
ambassadors,6324811,1,ᚪᛗᛒᚪᛋᛋᚪᛞᚩᚱᛋ,689
conglomerate,6311012,1,ᚳᚩᛝᛚᚩᛗᛖᚱᚪᛏᛖ,551
facilitates,6283678,1,ᚠᚪᚳᛁᛚᛁᛏᚪᛏᛖᛋ,582
polytechnic,6264504,1,ᛈᚩᛚᚣᛏᛖᚳᚻᚾᛁᚳ,461
intoxication,6254919,1,ᛁᚾᛏᚩᛉᛁᚳᚪᛏᛡᚾ,509
controllers,6236801,1,ᚳᚩᚾᛏᚱᚩᛚᛚᛖᚱᛋ,403
compromised,6225606,1,ᚳᚩᛗᛈᚱᚩᛗᛁᛋᛖᛞ,463
prosecutions,6217757,1,ᛈᚱᚩᛋᛖᚳᚢᛏᛡᚾᛋ,445
wonderfully,6214224,1,ᚹᚩᚾᛞᛖᚱᚠᚢᛚᛚᚣ,476
destinations,6200584,1,ᛞᛖᛋᛏᛁᚾᚪᛏᛡᚾᛋ,673
prerogative,6191805,1,ᛈᚱᛖᚱᚩᚷᚪᛏᛁᚢᛖ,413
reinsurance,6187903,1,ᚱᛖᛁᚾᛋᚢᚱᚪᚾᚳᛖ,411
unavailable,6162134,1,ᚢᚾᚪᚢᚪᛁᛚᚪᛒᛚᛖ,631
mountainous,6120448,1,ᛗᚩᚢᚾᛏᚪᛁᚾᚩᚢᛋ,389
socialization,6102921,1,ᛋᚩᚳᛡᛚᛁᛋᚪᛏᛡᚾ,629
pleistocene,6090514,1,ᛈᛚᛖᛁᛋᛏᚩᚳᛖᚾᛖ,509
topographic,6081619,1,ᛏᚩᛈᚩᚷᚱᚪᛈᚻᛁᚳ,351
capitalists,6066378,1,ᚳᚪᛈᛁᛏᚪᛚᛁᛋᛏᛋ,609
irregularly,6050327,1,ᛁᚱᚱᛖᚷᚢᛚᚪᚱᛚᚣ,497
aeronautical,6045134,1,ᚫᚱᚩᚾᚪᚢᛏᛁᚳᚪᛚ,521
perturbation,6030988,1,ᛈᛖᚱᛏᚢᚱᛒᚪᛏᛡᚾ,547
championship,6026634,1,ᚳᚻᚪᛗᛈᛡᚾᛋᚻᛁᛈ,533
resistivity,6020066,1,ᚱᛖᛋᛁᛋᛏᛁᚢᛁᛏᚣ,501
concomitant,6004286,1,ᚳᚩᚾᚳᚩᛗᛁᛏᚪᚾᛏ,415
benevolence,5993544,1,ᛒᛖᚾᛖᚢᚩᛚᛖᚾᚳᛖ,483
intermediary,5987204,1,ᛁᚾᛏᛖᚱᛗᛖᛞᛡᚱᚣ,645
congratulate,5971280,1,ᚳᚩᛝᚱᚪᛏᚢᛚᚪᛏᛖ,565
workmanship,5970933,1,ᚹᚩᚱᚳᛗᚪᚾᛋᚻᛁᛈ,397
synchronous,5957466,1,ᛋᚣᚾᚳᚻᚱᚩᚾᚩᚢᛋ,331
punishments,5952454,1,ᛈᚢᚾᛁᛋᚻᛗᛖᚾᛏᛋ,461
psychiatrist,5898019,1,ᛈᛋᚣᚳᚻᛡᛏᚱᛁᛋᛏ,555
amortization,5892893,1,ᚪᛗᚩᚱᛏᛁᛋᚪᛏᛡᚾ,621
reminiscent,5860800,1,ᚱᛖᛗᛁᚾᛁᛋᚳᛖᚾᛏ,461
prominently,5850918,1,ᛈᚱᚩᛗᛁᚾᛖᚾᛏᛚᚣ,523
microbiology,5840309,1,ᛗᛁᚳᚱᚩᛒᛡᛚᚩᚷᚣ,501
accelerator,5839986,1,ᚪᚳᚳᛖᛚᛖᚱᚪᛏᚩᚱ,515
authoritarian,5834618,1,ᚪᚢᚦᚩᚱᛁᛏᚪᚱᛡᚾ,457
objectivity,5707128,1,ᚩᛒᛂᛖᚳᛏᛁᚢᛁᛏᚣ,471
confederacy,5703469,1,ᚳᚩᚾᚠᛖᛞᛖᚱᚪᚳᚣ,498
polyethylene,5680624,1,ᛈᚩᛚᚣᛖᚦᚣᛚᛖᚾᛖ,637
recoverable,5657591,1,ᚱᛖᚳᚩᚢᛖᚱᚪᛒᛚᛖ,477
arbitrators,5647411,1,ᚪᚱᛒᛁᛏᚱᚪᛏᚩᚱᛋ,497
deliverance,5638204,1,ᛞᛖᛚᛁᚢᛖᚱᚪᚾᚳᛖ,547
exaggeration,5627696,1,ᛖᛉᚪᚷᚷᛖᚱᚪᛏᛡᚾ,615
genetically,5626072,1,ᚷᛖᚾᛖᛏᛁᚳᚪᛚᛚᚣ,629
speculations,5612555,1,ᛋᛈᛖᚳᚢᛚᚪᛏᛡᚾᛋ,597
inseparable,5611060,1,ᛁᚾᛋᛖᛈᚪᚱᚪᛒᛚᛖ,629
nonresident,5608355,1,ᚾᚩᚾᚱᛖᛋᛁᛞᛖᚾᛏ,471
drastically,5605456,1,ᛞᚱᚪᛋᛏᛁᚳᚪᛚᛚᚣ,699
businessman,5599723,1,ᛒᚢᛋᛁᚾᛖᛋᛋᛗᚪᚾ,547
determinant,5591186,1,ᛞᛖᛏᛖᚱᛗᛁᚾᚪᚾᛏ,609
contemplating,5584434,1,ᚳᚩᚾᛏᛖᛗᛈᛚᚪᛏᛝ,597
capacitance,5579803,1,ᚳᚪᛈᚪᚳᛁᛏᚪᚾᚳᛖ,559
accomplishing,5579188,1,ᚪᚳᚳᚩᛗᛈᛚᛁᛋᚻᛝ,503
compressive,5538119,1,ᚳᚩᛗᛈᚱᛖᛋᛋᛁᚢᛖ,419
orientations,5533250,1,ᚩᚱᛁᛖᚾᛏᚪᛏᛡᚾᛋ,549
accompanies,5524762,1,ᚪᚳᚳᚩᛗᛈᚪᚾᛁᛖᛋ,521
numerically,5506154,1,ᚾᚢᛗᛖᚱᛁᚳᚪᛚᛚᚣ,571
transcripts,5506049,1,ᛏᚱᚪᚾᛋᚳᚱᛁᛈᛏᛋ,459
subcutaneous,5462632,1,ᛋᚢᛒᚳᚢᛏᚪᚾᛇᚢᛋ,415
malpractice,5460057,1,ᛗᚪᛚᛈᚱᚪᚳᛏᛁᚳᛖ,575
perceptible,5391797,1,ᛈᛖᚱᚳᛖᛈᛏᛁᛒᛚᛖ,535
symptomatic,5391124,1,ᛋᚣᛗᛈᛏᚩᛗᚪᛏᛁᚳ,607
explorations,5389920,1,ᛖᛉᛈᛚᚩᚱᚪᛏᛡᚾᛋ,593
manipulated,5389755,1,ᛗᚪᚾᛁᛈᚢᛚᚪᛏᛖᛞ,659
denominator,5386538,1,ᛞᛖᚾᚩᛗᛁᚾᚪᛏᚩᚱ,497
selectively,5333172,1,ᛋᛖᛚᛖᚳᛏᛁᚢᛖᛚᚣ,609
contractions,5331460,1,ᚳᚩᚾᛏᚱᚪᚳᛏᛡᚾᛋ,477
inflationary,5318053,1,ᛁᚾᚠᛚᚪᛏᛡᚾᚪᚱᚣ,638
disappointing,5308868,1,ᛞᛁᛋᚪᛈᛈᚩᛁᚾᛏᛝ,561
selectivity,5308047,1,ᛋᛖᛚᛖᚳᛏᛁᚢᛁᛏᚣ,559
segmentation,5291293,1,ᛋᛖᚷᛗᛖᚾᛏᚪᛏᛡᚾ,655
directories,5289189,1,ᛞᛁᚱᛖᚳᛏᚩᚱᛁᛖᛋ,439
empowerment,5262624,1,ᛖᛗᛈᚩᚹᛖᚱᛗᛖᚾᛏ,511
immunization,5252232,1,ᛁᛗᛗᚢᚾᛁᛋᚪᛏᛡᚾ,581
prohibitions,5248406,1,ᛈᚱᚩᚻᛁᛒᛁᛏᛡᚾᛋ,455
lightweight,5248092,1,ᛚᛁᚷᚻᛏᚹᛖᛁᚷᚻᛏ,419
friendships,5232162,1,ᚠᚱᛁᛖᚾᛞᛋᚻᛁᛈᛋ,432
volunteered,5227595,1,ᚢᚩᛚᚢᚾᛏᛖᛖᚱᛖᛞ,475
discontinue,5199494,1,ᛞᛁᛋᚳᚩᚾᛏᛁᚾᚢᛖ,411
centimeters,5180801,1,ᚳᛖᚾᛏᛁᛗᛖᛏᛖᚱᛋ,527
wholesalers,5179784,1,ᚹᚻᚩᛚᛖᛋᚪᛚᛖᚱᛋ,543
graphically,5156538,1,ᚷᚱᚪᛈᚻᛁᚳᚪᛚᛚᚣ,581
urbanization,5137499,1,ᚢᚱᛒᚪᚾᛁᛋᚪᛏᛡᚾ,577
interviewer,5132532,1,ᛁᚾᛏᛖᚱᚢᛁᛖᚹᛖᚱ,395
disclosures,5128072,1,ᛞᛁᛋᚳᛚᚩᛋᚢᚱᛖᛋ,453
unspecified,5127726,1,ᚢᚾᛋᛈᛖᚳᛁᚠᛁᛖᛞ,428
preoccupation,5113974,1,ᛈᚱᛇᚳᚳᚢᛈᚪᛏᛡᚾ,459
bombardment,5077645,1,ᛒᚩᛗᛒᚪᚱᛞᛗᛖᚾᛏ,623
categorical,5071671,1,ᚳᚪᛏᛖᚷᚩᚱᛁᚳᚪᛚ,485
nourishment,5065896,1,ᚾᚩᚢᚱᛁᛋᚻᛗᛖᚾᛏ,383
transcribed,5062791,1,ᛏᚱᚪᚾᛋᚳᚱᛁᛒᛖᛞ,521
monasteries,5062289,1,ᛗᚩᚾᚪᛋᛏᛖᚱᛁᛖᛋ,545
tentatively,5057898,1,ᛏᛖᚾᛏᚪᛏᛁᚢᛖᛚᚣ,647
celebrations,5055270,1,ᚳᛖᛚᛖᛒᚱᚪᛏᛡᚾᛋ,637
genealogical,5051057,1,ᚷᛖᚾᛠᛚᚩᚷᛁᚳᚪᛚ,533
objectively,5031541,1,ᚩᛒᛂᛖᚳᛏᛁᚢᛖᛚᚣ,521
unqualified,5015211,1,ᚢᚾᚳᚹᚪᛚᛁᚠᛁᛖᛞ,454
obstructions,5005029,1,ᚩᛒᛋᛏᚱᚢᚳᛏᛡᚾᛋ,455
archipelago,5000548,1,ᚪᚱᚳᚻᛁᛈᛖᛚᚪᚷᚩ,479
slaughtered,4981222,1,ᛋᛚᚪᚢᚷᚻᛏᛖᚱᛖᛞ,559
biodiversity,4960814,1,ᛒᛡᛞᛁᚢᛖᚱᛋᛁᛏᚣ,615
encompasses,4953131,1,ᛖᚾᚳᚩᛗᛈᚪᛋᛋᛖᛋ,553
mitochondria,4944307,1,ᛗᛁᛏᚩᚳᚻᚩᚾᛞᚱᛡ,447
dislocations,4936482,1,ᛞᛁᛋᛚᚩᚳᚪᛏᛡᚾᛋ,611
philosophic,4932433,1,ᛈᚻᛁᛚᚩᛋᚩᛈᚻᛁᚳ,347
metabolites,4930891,1,ᛗᛖᛏᚪᛒᚩᛚᛁᛏᛖᛋ,645
tuberculous,4919918,1,ᛏᚢᛒᛖᚱᚳᚢᛚᚩᚢᛋ,353
democracies,4910532,1,ᛞᛖᛗᚩᚳᚱᚪᚳᛁᛖᛋ,519
reconstruct,4892531,1,ᚱᛖᚳᚩᚾᛋᛏᚱᚢᚳᛏ,325
sponsorship,4879330,1,ᛋᛈᚩᚾᛋᚩᚱᛋᚻᛁᛈ,353
necessitate,4877006,1,ᚾᛖᚳᛖᛋᛋᛁᛏᚪᛏᛖ,595
bicarbonate,4865143,1,ᛒᛁᚳᚪᚱᛒᚩᚾᚪᛏᛖ,533
embroidered,4848213,1,ᛖᛗᛒᚱᚩᛁᛞᛖᚱᛖᛞ,571
pathogenesis,4826550,1,ᛈᚪᚦᚩᚷᛖᚾᛖᛋᛁᛋ,469
chattanooga,4809506,1,ᚳᚻᚪᛏᛏᚪᚾᚩᚩᚷᚪ,505
empirically,4793735,1,ᛖᛗᛈᛁᚱᛁᚳᚪᛚᛚᚣ,613
merchandising,4790708,1,ᛗᛖᚱᚳᚻᚪᚾᛞᛁᛋᛝ,563
selfishness,4787816,1,ᛋᛖᛚᚠᛁᛋᚻᚾᛖᛋᛋ,504
retroactive,4780559,1,ᚱᛖᛏᚱᚩᚪᚳᛏᛁᚢᛖ,425
momentarily,4763308,1,ᛗᚩᛗᛖᚾᛏᚪᚱᛁᛚᚣ,619
stipulations,4750560,1,ᛋᛏᛁᛈᚢᛚᚪᛏᛡᚾᛋ,607
malnutrition,4745138,1,ᛗᚪᛚᚾᚢᛏᚱᛁᛏᛡᚾ,569
radiological,4742585,1,ᚱᚪᛞᛡᛚᚩᚷᛁᚳᚪᛚ,615
marlborough,4690494,1,ᛗᚪᚱᛚᛒᚩᚱᚩᚢᚷᚻ,381
amalgamated,4683592,1,ᚪᛗᚪᛚᚷᚪᛗᚪᛏᛖᛞ,835
butterflies,4682056,1,ᛒᚢᛏᛏᛖᚱᚠᛚᛁᛖᛋ,486
drunkenness,4678920,1,ᛞᚱᚢᚾᚳᛖᚾᚾᛖᛋᛋ,443
macrophages,4676368,1,ᛗᚪᚳᚱᚩᛈᚻᚪᚷᛖᛋ,499
paradoxical,4663624,1,ᛈᚪᚱᚪᛞᚩᛉᛁᚳᚪᛚ,605
deteriorated,4663514,1,ᛞᛖᛏᛖᚱᛡᚱᚪᛏᛖᛞ,723
implantation,4661420,1,ᛁᛗᛈᛚᚪᚾᛏᚪᛏᛡᚾ,695
adversaries,4659098,1,ᚪᛞᚢᛖᚱᛋᚪᚱᛁᛖᛋ,579
declaratory,4659048,1,ᛞᛖᚳᛚᚪᚱᚪᛏᚩᚱᚣ,627
masterpiece,4651154,1,ᛗᚪᛋᛏᛖᚱᛈᛁᛖᚳᛖ,579
constipation,4643357,1,ᚳᚩᚾᛋᛏᛁᛈᚪᛏᛡᚾ,527
instinctive,4632570,1,ᛁᚾᛋᛏᛁᚾᚳᛏᛁᚢᛖ,405
unsaturated,4618369,1,ᚢᚾᛋᚪᛏᚢᚱᚪᛏᛖᛞ,567
rudimentary,4585307,1,ᚱᚢᛞᛁᛗᛖᚾᛏᚪᚱᚣ,571
pedagogical,4583265,1,ᛈᛖᛞᚪᚷᚩᚷᛁᚳᚪᛚ,551
compliments,4583131,1,ᚳᚩᛗᛈᛚᛁᛗᛖᚾᛏᛋ,517
intolerance,4581611,1,ᛁᚾᛏᚩᛚᛖᚱᚪᚾᚳᛖ,483
incorrectly,4577695,1,ᛁᚾᚳᚩᚱᚱᛖᚳᛏᛚᚣ,417
discernible,4575512,1,ᛞᛁᛋᚳᛖᚱᚾᛁᛒᛚᛖ,525
annihilation,4567080,1,ᚪᚾᚾᛁᚻᛁᛚᚪᛏᛡᚾ,605
fragmentary,4552718,1,ᚠᚱᚪᚷᛗᛖᚾᛏᚪᚱᚣ,564
undeveloped,4551210,1,ᚢᚾᛞᛖᚢᛖᛚᚩᛈᛖᛞ,537
masculinity,4536923,1,ᛗᚪᛋᚳᚢᛚᛁᚾᛁᛏᚣ,563
helicopters,4529076,1,ᚻᛖᛚᛁᚳᚩᛈᛏᛖᚱᛋ,447
dictionaries,4514178,1,ᛞᛁᚳᛏᛡᚾᚪᚱᛁᛖᛋ,587
nationalists,4512930,1,ᚾᚪᛏᛡᚾᚪᛚᛁᛋᛏᛋ,687
unwarranted,4506826,1,ᚢᚾᚹᚪᚱᚱᚪᚾᛏᛖᛞ,511
conveyances,4499660,1,ᚳᚩᚾᚢᛖᚣᚪᚾᚳᛖᛋ,481
ethnographic,4496561,1,ᛖᚦᚾᚩᚷᚱᚪᛈᚻᛁᚳ,343
commandment,4492456,1,ᚳᚩᛗᛗᚪᚾᛞᛗᛖᚾᛏ,603
inauguration,4486299,1,ᛁᚾᚪᚢᚷᚢᚱᚪᛏᛡᚾ,483
misfortunes,4475510,1,ᛗᛁᛋᚠᚩᚱᛏᚢᚾᛖᛋ,386
perpetually,4472827,1,ᛈᛖᚱᛈᛖᛏᚢᚪᛚᛚᚣ,639
disapproved,4460417,1,ᛞᛁᛋᚪᛈᛈᚱᚩᚢᛖᛞ,533
cytoplasmic,4456953,1,ᚳᚣᛏᚩᛈᛚᚪᛋᛗᛁᚳ,563
provocative,4442620,1,ᛈᚱᚩᚢᚩᚳᚪᛏᛁᚢᛖ,341
designations,4426938,1,ᛞᛖᛋᛁᚷᚾᚪᛏᛡᚾᛋ,631
christendom,4426823,1,ᚳᚻᚱᛁᛋᛏᛖᚾᛞᚩᛗ,453
chlorophyll,4417595,1,ᚳᚻᛚᚩᚱᚩᛈᚻᚣᛚᛚ,449
caterpillar,4411010,1,ᚳᚪᛏᛖᚱᛈᛁᛚᛚᚪᚱ,575
spiritually,4391021,1,ᛋᛈᛁᚱᛁᛏᚢᚪᛚᛚᚣ,577
imperfectly,4382185,1,ᛁᛗᛈᛖᚱᚠᛖᚳᛏᛚᚣ,540
impractical,4379344,1,ᛁᛗᛈᚱᚪᚳᛏᛁᚳᚪᛚ,539
conformation,4378286,1,ᚳᚩᚾᚠᚩᚱᛗᚪᛏᛡᚾ,432
homogeneity,4367148,1,ᚻᚩᛗᚩᚷᛖᚾᛖᛁᛏᚣ,481
capillaries,4365961,1,ᚳᚪᛈᛁᛚᛚᚪᚱᛁᛖᛋ,589
deregulation,4357950,1,ᛞᛖᚱᛖᚷᚢᛚᚪᛏᛡᚾ,619
readjustment,4349417,1,ᚱᛠᛞᛂᚢᛋᛏᛗᛖᚾᛏ,587
assimilated,4347175,1,ᚪᛋᛋᛁᛗᛁᛚᚪᛏᛖᛞ,721
instalments,4347070,1,ᛁᚾᛋᛏᚪᛚᛗᛖᚾᛏᛋ,621
councillors,4340046,1,ᚳᚩᚢᚾᚳᛁᛚᛚᚩᚱᛋ,313
ontological,4337574,1,ᚩᚾᛏᚩᛚᚩᚷᛁᚳᚪᛚ,413
housekeeper,4332950,1,ᚻᚩᚢᛋᛖᚳᛖᛖᛈᛖᚱ,421
metamorphic,4320655,1,ᛗᛖᛏᚪᛗᚩᚱᛈᚻᛁᚳ,493
telegraphic,4317084,1,ᛏᛖᛚᛖᚷᚱᚪᛈᚻᛁᚳ,501
indorsement,4316999,1,ᛁᚾᛞᚩᚱᛋᛖᛗᛖᚾᛏ,513
conductance,4316523,1,ᚳᚩᚾᛞᚢᚳᛏᚪᚾᚳᛖ,419
multivariate,4289482,1,ᛗᚢᛚᛏᛁᚢᚪᚱᛡᛏᛖ,581
impregnated,4261918,1,ᛁᛗᛈᚱᛖᚷᚾᚪᛏᛖᛞ,581
augmentation,4252458,1,ᚪᚢᚷᛗᛖᚾᛏᚪᛏᛡᚾ,635
amalgamation,4250616,1,ᚪᛗᚪᛚᚷᚪᛗᚪᛏᛡᚾ,815
mischievous,4233308,1,ᛗᛁᛋᚳᚻᛁᛖᚢᚩᚢᛋ,355
competitions,4218462,1,ᚳᚩᛗᛈᛖᛏᛁᛏᛡᚾᛋ,539
insecticide,4206441,1,ᛁᚾᛋᛖᚳᛏᛁᚳᛁᛞᛖ,483
hypertrophy,4202300,1,ᚻᚣᛈᛖᚱᛏᚱᚩᛈᚻᚣ,493
functionally,4201489,1,ᚠᚢᚾᚳᛏᛡᚾᚪᛚᛚᚣ,588
protagonist,4181058,1,ᛈᚱᚩᛏᚪᚷᚩᚾᛁᛋᛏ,413
oceanography,4180117,1,ᚩᚳᛠᚾᚩᚷᚱᚪᛈᚻᚣ,459
intoxicated,4179945,1,ᛁᚾᛏᚩᛉᛁᚳᚪᛏᛖᛞ,529
recombinant,4176804,1,ᚱᛖᚳᚩᛗᛒᛁᚾᚪᚾᛏ,475
psychosocial,4175306,1,ᛈᛋᚣᚳᚻᚩᛋᚩᚳᛡᛚ,495
atmospheres,4168427,1,ᚪᛏᛗᚩᛋᛈᚻᛖᚱᛖᛋ,551
chairperson,4157790,1,ᚳᚻᚪᛁᚱᛈᛖᚱᛋᚩᚾ,385
booksellers,4153591,1,ᛒᚩᚩᚳᛋᛖᛚᛚᛖᚱᛋ,485
guardianship,4153580,1,ᚷᚢᚪᚱᛞᛡᚾᛋᚻᛁᛈ,503
experimenting,4152023,1,ᛖᛉᛈᛖᚱᛁᛗᛖᚾᛏᛝ,571
abnormality,4134461,1,ᚪᛒᚾᚩᚱᛗᚪᛚᛁᛏᚣ,639
dispensation,4122900,1,ᛞᛁᛋᛈᛖᚾᛋᚪᛏᛡᚾ,657
capitalized,4121405,1,ᚳᚪᛈᛁᛏᚪᛚᛁᛋᛖᛞ,653
householder,4119012,1,ᚻᚩᚢᛋᛖᚻᚩᛚᛞᛖᚱ,423
consummation,4099371,1,ᚳᚩᚾᛋᚢᛗᛗᚪᛏᛡᚾ,539
remittances,4096018,1,ᚱᛖᛗᛁᛏᛏᚪᚾᚳᛖᛋ,557
combustible,4087228,1,ᚳᚩᛗᛒᚢᛋᛏᛁᛒᛚᛖ,499
yellowstone,4052207,1,ᚣᛖᛚᛚᚩᚹᛋᛏᚩᚾᛖ,557
presupposes,4051209,1,ᛈᚱᛖᛋᚢᛈᛈᚩᛋᛖᛋ,443
confiscated,4042273,1,ᚳᚩᚾᚠᛁᛋᚳᚪᛏᛖᛞ,460
rearrangement,4039852,1,ᚱᛠᚱᚱᚪᛝᛖᛗᛖᚾᛏ,611
transistors,4036858,1,ᛏᚱᚪᚾᛋᛁᛋᛏᚩᚱᛋ,463
antagonists,4013085,1,ᚪᚾᛏᚪᚷᚩᚾᛁᛋᛏᛋ,531
belligerent,3995716,1,ᛒᛖᛚᛚᛁᚷᛖᚱᛖᚾᛏ,555
thoughtfully,3985455,1,ᚦᚩᚢᚷᚻᛏᚠᚢᛚᛚᚣ,368
sociologists,3980988,1,ᛋᚩᚳᛡᛚᚩᚷᛁᛋᛏᛋ,473
insensitive,3977403,1,ᛁᚾᛋᛖᚾᛋᛁᛏᛁᚢᛖ,453
disparities,3973383,1,ᛞᛁᛋᛈᚪᚱᛁᛏᛁᛖᛋ,565
maharashtra,3972672,1,ᛗᚪᚻᚪᚱᚪᛋᚻᛏᚱᚪ,639
circulatory,3970067,1,ᚳᛁᚱᚳᚢᛚᚪᛏᚩᚱᚣ,421
pornography,3962214,1,ᛈᚩᚱᚾᚩᚷᚱᚪᛈᚻᚣ,391
copyrighted,3958730,1,ᚳᚩᛈᚣᚱᛁᚷᚻᛏᛖᛞ,463
lieutenants,3953318,1,ᛚᛁᛖᚢᛏᛖᚾᚪᚾᛏᛋ,567
prostitutes,3947691,1,ᛈᚱᚩᛋᛏᛁᛏᚢᛏᛖᛋ,445
categorized,3942480,1,ᚳᚪᛏᛖᚷᚩᚱᛁᛋᛖᛞ,511
intimidation,3941142,1,ᛁᚾᛏᛁᛗᛁᛞᚪᛏᛡᚾ,633
compressors,3934736,1,ᚳᚩᛗᛈᚱᛖᛋᛋᚩᚱᛋ,389
westchester,3923468,1,ᚹᛖᛋᛏᚳᚻᛖᛋᛏᛖᚱ,491
necessaries,3922824,1,ᚾᛖᚳᛖᛋᛋᚪᚱᛁᛖᛋ,541
restatement,3909307,1,ᚱᛖᛋᛏᚪᛏᛖᛗᛖᚾᛏ,639
accommodating,3897606,1,ᚪᚳᚳᚩᛗᛗᚩᛞᚪᛏᛝ,603
supermarket,3891389,1,ᛋᚢᛈᛖᚱᛗᚪᚱᚳᛖᛏ,495
prosecutors,3883279,1,ᛈᚱᚩᛋᛖᚳᚢᛏᚩᚱᛋ,327
assemblages,3878289,1,ᚪᛋᛋᛖᛗᛒᛚᚪᚷᛖᛋ,709
palestinians,3869084,1,ᛈᚪᛚᛖᛋᛏᛁᚾᛡᚾᛋ,641
biologically,3853738,1,ᛒᛡᛚᚩᚷᛁᚳᚪᛚᛚᚣ,655
predicament,3835759,1,ᛈᚱᛖᛞᛁᚳᚪᛗᛖᚾᛏ,577
parallelism,3827987,1,ᛈᚪᚱᚪᛚᛚᛖᛚᛁᛋᛗ,689
unprotected,3827690,1,ᚢᚾᛈᚱᚩᛏᛖᚳᛏᛖᛞ,447
passionately,3827314,1,ᛈᚪᛋᛋᛡᚾᚪᛏᛖᛚᚣ,781
intracranial,3818701,1,ᛁᚾᛏᚱᚪᚳᚱᚪᚾᛡᛚ,557
impatiently,3814672,1,ᛁᛗᛈᚪᛏᛁᛖᚾᛏᛚᚣ,663
obliterated,3799735,1,ᚩᛒᛚᛁᛏᛖᚱᚪᛏᛖᛞ,621
aquaculture,3796982,1,ᚪᚳᚹᚪᚳᚢᛚᛏᚢᚱᛖ,455
unexplained,3793527,1,ᚢᚾᛖᛉᛈᛚᚪᛁᚾᛖᛞ,575
predominate,3792854,1,ᛈᚱᛖᛞᚩᛗᛁᚾᚪᛏᛖ,571
denominated,3792751,1,ᛞᛖᚾᚩᛗᛁᚾᚪᛏᛖᛞ,635
unwillingness,3778596,1,ᚢᚾᚹᛁᛚᛚᛝᚾᛖᛋᛋ,509
subterranean,3759409,1,ᛋᚢᛒᛏᛖᚱᚱᚪᚾᛠᚾ,529
vertebrates,3757015,1,ᚢᛖᚱᛏᛖᛒᚱᚪᛏᛖᛋ,555
topological,3754830,1,ᛏᚩᛈᚩᛚᚩᚷᛁᚳᚪᛚ,427
therapeutics,3751201,1,ᚦᛖᚱᚪᛈᛖᚢᛏᛁᚳᛋ,449
translators,3747204,1,ᛏᚱᚪᚾᛋᛚᚪᛏᚩᚱᛋ,549
adventurous,3746618,1,ᚪᛞᚢᛖᚾᛏᚢᚱᚩᚢᛋ,421
reciprocating,3742624,1,ᚱᛖᚳᛁᛈᚱᚩᚳᚪᛏᛝ,431
commentator,3739040,1,ᚳᚩᛗᛗᛖᚾᛏᚪᛏᚩᚱ,491
cultivators,3716793,1,ᚳᚢᛚᛏᛁᚢᚪᛏᚩᚱᛋ,409
phosphatase,3715677,1,ᛈᚻᚩᛋᛈᚻᚪᛏᚪᛋᛖ,565
motivational,3713149,1,ᛗᚩᛏᛁᚢᚪᛏᛡᚾᚪᛚ,633
contentment,3710415,1,ᚳᚩᚾᛏᛖᚾᛏᛗᛖᚾᛏ,489
hydrostatic,3709866,1,ᚻᚣᛞᚱᚩᛋᛏᚪᛏᛁᚳ,545
translucent,3704534,1,ᛏᚱᚪᚾᛋᛚᚢᚳᛖᚾᛏ,493
unreasonably,3704460,1,ᚢᚾᚱᛠᛋᚩᚾᚪᛒᛚᚣ,575
counterfeit,3697451,1,ᚳᚩᚢᚾᛏᛖᚱᚠᛖᛁᛏ,348
inclinations,3681717,1,ᛁᚾᚳᛚᛁᚾᚪᛏᛡᚾᛋ,551
macroscopic,3675016,1,ᛗᚪᚳᚱᚩᛋᚳᚩᛈᛁᚳ,359
prophylaxis,3674361,1,ᛈᚱᚩᛈᚻᚣᛚᚪᛉᛁᛋ,531
pessimistic,3672764,1,ᛈᛖᛋᛋᛁᛗᛁᛋᛏᛁᚳ,505
conceivably,3668000,1,ᚳᚩᚾᚳᛖᛁᚢᚪᛒᛚᚣ,497
bacteriology,3659976,1,ᛒᚪᚳᛏᛖᚱᛡᛚᚩᚷᚣ,615
unambiguous,3646577,1,ᚢᚾᚪᛗᛒᛁᚷᚢᚩᚢᛋ,375
perpetrated,3645849,1,ᛈᛖᚱᛈᛖᛏᚱᚪᛏᛖᛞ,613
prematurely,3642366,1,ᛈᚱᛖᛗᚪᛏᚢᚱᛖᛚᚣ,605
mathematician,3641542,1,ᛗᚪᚦᛖᛗᚪᛏᛁᚳᛡᚾ,647
schenectady,3632410,1,ᛋᚳᚻᛖᚾᛖᚳᛏᚪᛞᚣ,613
pretreatment,3610290,1,ᛈᚱᛖᛏᚱᛠᛏᛗᛖᚾᛏ,585
confiscation,3604482,1,ᚳᚩᚾᚠᛁᛋᚳᚪᛏᛡᚾ,440
commendation,3601219,1,ᚳᚩᛗᛗᛖᚾᛞᚪᛏᛡᚾ,639
consecration,3592020,1,ᚳᚩᚾᛋᛖᚳᚱᚪᛏᛡᚾ,485
romanticism,3585081,1,ᚱᚩᛗᚪᚾᛏᛁᚳᛁᛋᛗ,473
consolidating,3568333,1,ᚳᚩᚾᛋᚩᛚᛁᛞᚪᛏᛝ,537
antecedents,3567659,1,ᚪᚾᛏᛖᚳᛖᛞᛖᚾᛏᛋ,629
philanthropy,3556294,1,ᛈᚻᛁᛚᚪᚾᚦᚱᚩᛈᚣ,465
obstructive,3548128,1,ᚩᛒᛋᛏᚱᚢᚳᛏᛁᚢᛖ,367
customarily,3531706,1,ᚳᚢᛋᛏᚩᛗᚪᚱᛁᛚᚣ,521
unequivocal,3530427,1,ᚢᚾᛖᚳᚹᛁᚢᚩᚳᚪᛚ,355
compromises,3527961,1,ᚳᚩᛗᛈᚱᚩᛗᛁᛋᛖᛋ,427
resistances,3522442,1,ᚱᛖᛋᛁᛋᛏᚪᚾᚳᛖᛋ,533
commendable,3521225,1,ᚳᚩᛗᛗᛖᚾᛞᚪᛒᛚᛖ,645
hypothesized,3518042,1,ᚻᚣᛈᚩᚦᛖᛋᛁᛋᛖᛞ,541
veterinarian,3515254,1,ᚢᛖᛏᛖᚱᛁᚾᚪᚱᛡᚾ,511
hellenistic,3513741,1,ᚻᛖᛚᛚᛖᚾᛁᛋᛏᛁᚳ,519
chromosomal,3508640,1,ᚳᚻᚱᚩᛗᚩᛋᚩᛗᚪᛚ,433
christensen,3500133,1,ᚳᚻᚱᛁᛋᛏᛖᚾᛋᛖᚾ,435
disseminate,3494797,1,ᛞᛁᛋᛋᛖᛗᛁᚾᚪᛏᛖ,647
adventurers,3483778,1,ᚪᛞᚢᛖᚾᛏᚢᚱᛖᚱᛋ,489
experiential,3475957,1,ᛖᛉᛈᛖᚱᛁᛖᚾᛏᛡᛚ,601
pharmacists,3473457,1,ᛈᚻᚪᚱᛗᚪᚳᛁᛋᛏᛋ,551
reformatory,3471480,1,ᚱᛖᚠᚩᚱᛗᚪᛏᚩᚱᚣ,446
substantiate,3452307,1,ᛋᚢᛒᛋᛏᚪᚾᛏᛡᛏᛖ,647
formalities,3437286,1,ᚠᚩᚱᛗᚪᛚᛁᛏᛁᛖᛋ,502
hierarchies,3424110,1,ᚻᛁᛖᚱᚪᚱᚳᚻᛁᛖᛋ,427
intercepted,3421713,1,ᛁᚾᛏᛖᚱᚳᛖᛈᛏᛖᛞ,535
impartiality,3421011,1,ᛁᛗᛈᚪᚱᛏᛡᛚᛁᛏᚣ,685
ambivalence,3414617,1,ᚪᛗᛒᛁᚢᚪᛚᛖᚾᚳᛖ,609
fitzpatrick,3398249,1,ᚠᛁᛏᛋᛈᚪᛏᚱᛁᚳᚳ,412
totalitarian,3395832,1,ᛏᚩᛏᚪᛚᛁᛏᚪᚱᛡᚾ,629
eigenvalues,3388257,1,ᛖᛁᚷᛖᚾᚢᚪᛚᚢᛖᛋ,507
inactivation,3368962,1,ᛁᚾᚪᚳᛏᛁᚢᚪᛏᛡᚾ,555
refreshment,3366888,1,ᚱᛖᚠᚱᛖᛋᚻᛗᛖᚾᛏ,460
millimeters,3365234,1,ᛗᛁᛚᛚᛁᛗᛖᛏᛖᚱᛋ,607
appreciative,3354544,1,ᚪᛈᛈᚱᛖᚳᛡᛏᛁᚢᛖ,541
astronomers,3353357,1,ᚪᛋᛏᚱᚩᚾᚩᛗᛖᚱᛋ,465
criminology,3351848,1,ᚳᚱᛁᛗᛁᚾᚩᛚᚩᚷᚣ,393
proportioned,3340233,1,ᛈᚱᚩᛈᚩᚱᛏᛡᚾᛖᛞ,473
ineffectual,3340180,1,ᛁᚾᛖᚠᚠᛖᚳᛏᚢᚪᛚ,443
attainments,3336425,1,ᚪᛏᛏᚪᛁᚾᛗᛖᚾᛏᛋ,651
distributes,3328226,1,ᛞᛁᛋᛏᚱᛁᛒᚢᛏᛖᛋ,517
memberships,3325051,1,ᛗᛖᛗᛒᛖᚱᛋᚻᛁᛈᛋ,551
disinfection,3322459,1,ᛞᛁᛋᛁᚾᚠᛖᚳᛏᛡᚾ,510
faithfulness,3319543,1,ᚠᚪᛁᚦᚠᚢᛚᚾᛖᛋᛋ,415
irrevocable,3315702,1,ᛁᚱᚱᛖᚢᚩᚳᚪᛒᛚᛖ,441
encompassed,3312295,1,ᛖᚾᚳᚩᛗᛈᚪᛋᛋᛖᛞ,589
perspiration,3310068,1,ᛈᛖᚱᛋᛈᛁᚱᚪᛏᛡᚾ,551
naturalized,3309900,1,ᚾᚪᛏᚢᚱᚪᛚᛁᛋᛖᛞ,609
promulgation,3303407,1,ᛈᚱᚩᛗᚢᛚᚷᚪᛏᛡᚾ,517
fractionation,3300027,1,ᚠᚱᚪᚳᛏᛡᚾᚪᛏᛡᚾ,610
stewardship,3295757,1,ᛋᛏᛖᚹᚪᚱᛞᛋᚻᛁᛈ,545
anisotropic,3285556,1,ᚪᚾᛁᛋᚩᛏᚱᚩᛈᛁᚳ,381
irreparable,3273972,1,ᛁᚱᚱᛖᛈᚪᚱᚪᛒᛚᛖ,569
pregnancies,3271644,1,ᛈᚱᛖᚷᚾᚪᚾᚳᛁᛖᛋ,457
consignment,3268935,1,ᚳᚩᚾᛋᛁᚷᚾᛗᛖᚾᛏ,405
circumcision,3263040,1,ᚳᛁᚱᚳᚢᛗᚳᛁᛋᛡᚾ,375
reflectance,3258539,1,ᚱᛖᚠᛚᛖᚳᛏᚪᚾᚳᛖ,498
erythrocytes,3257880,1,ᛖᚱᚣᚦᚱᚩᚳᚣᛏᛖᛋ,499
williamsburg,3234541,1,ᚹᛁᛚᛚᛡᛗᛋᛒᚢᚱᚷ,519
irreducible,3234108,1,ᛁᚱᚱᛖᛞᚢᚳᛁᛒᛚᛖ,457
radiographic,3217531,1,ᚱᚪᛞᛡᚷᚱᚪᛈᚻᛁᚳ,539
versatility,3217246,1,ᚢᛖᚱᛋᚪᛏᛁᛚᛁᛏᚣ,587
preoperative,3210837,1,ᛈᚱᛇᛈᛖᚱᚪᛏᛁᚢᛖ,473
accentuated,3205443,1,ᚪᚳᚳᛖᚾᛏᚢᚪᛏᛖᛞ,593
subconscious,3202653,1,ᛋᚢᛒᚳᚩᚾᛋᚳᛡᚢᛋ,395
unsupported,3194359,1,ᚢᚾᛋᚢᛈᛈᚩᚱᛏᛖᛞ,407
programmers,3184017,1,ᛈᚱᚩᚷᚱᚪᛗᛗᛖᚱᛋ,459
gainesville,3180922,1,ᚷᚪᛁᚾᛖᛋᚢᛁᛚᛚᛖ,541
delinquents,3169830,1,ᛞᛖᛚᛁᚾᚳᚹᛖᚾᛏᛋ,529
hydrophobic,3169691,1,ᚻᚣᛞᚱᚩᛈᚻᚩᛒᛁᚳ,411
exacerbated,3167079,1,ᛖᛉᚪᚳᛖᚱᛒᚪᛏᛖᛞ,675
constriction,3160812,1,ᚳᚩᚾᛋᛏᚱᛁᚳᛏᛡᚾ,411
collaborate,3160555,1,ᚳᚩᛚᛚᚪᛒᚩᚱᚪᛏᛖ,565
administers,3157006,1,ᚪᛞᛗᛁᚾᛁᛋᛏᛖᚱᛋ,591
intuitively,3147594,1,ᛁᚾᛏᚢᛁᛏᛁᚢᛖᛚᚣ,489
susquehanna,3142254,1,ᛋᚢᛋᚳᚹᛖᚻᚪᚾᚾᚪ,483
supplementing,3141586,1,ᛋᚢᛈᛈᛚᛖᛗᛖᚾᛏᛝ,587
impediments,3139240,1,ᛁᛗᛈᛖᛞᛁᛗᛖᚾᛏᛋ,611
naturalists,3128421,1,ᚾᚪᛏᚢᚱᚪᛚᛁᛋᛏᛋ,565
impairments,3126995,1,ᛁᛗᛈᚪᛁᚱᛗᛖᚾᛏᛋ,563
allegorical,3121808,1,ᚪᛚᛚᛖᚷᚩᚱᛁᚳᚪᛚ,559
encyclopaedia,3117797,1,ᛖᚾᚳᚣᚳᛚᚩᛈᚫᛞᛡ,645
receivables,3115576,1,ᚱᛖᚳᛖᛁᚢᚪᛒᛚᛖᛋ,543
bondholders,3107962,1,ᛒᚩᚾᛞᚻᚩᛚᛞᛖᚱᛋ,509
underwriter,3107421,1,ᚢᚾᛞᛖᚱᚹᚱᛁᛏᛖᚱ,397
integrative,3104421,1,ᛁᚾᛏᛖᚷᚱᚪᛏᛁᚢᛖ,471
gasification,3096286,1,ᚷᚪᛋᛁᚠᛁᚳᚪᛏᛡᚾ,536
nonexistent,3096087,1,ᚾᚩᚾᛖᛉᛁᛋᛏᛖᚾᛏ,477
charlemagne,3076108,1,ᚳᚻᚪᚱᛚᛖᛗᚪᚷᚾᛖ,565
aristotelian,3067483,1,ᚪᚱᛁᛋᛏᚩᛏᛖᛚᛡᚾ,593
testimonies,3067364,1,ᛏᛖᛋᛏᛁᛗᚩᚾᛁᛖᛋ,527
commemorate,3062578,1,ᚳᚩᛗᛗᛖᛗᚩᚱᚪᛏᛖ,541
employments,3060869,1,ᛖᛗᛈᛚᚩᚣᛗᛖᚾᛏᛋ,643
cornerstone,3059763,1,ᚳᚩᚱᚾᛖᚱᛋᛏᚩᚾᛖ,353
anticipates,3052481,1,ᚪᚾᛏᛁᚳᛁᛈᚪᛏᛖᛋ,579
intensively,3051698,1,ᛁᚾᛏᛖᚾᛋᛁᚢᛖᛚᚣ,545
mythological,3051656,1,ᛗᚣᚦᚩᛚᚩᚷᛁᚳᚪᛚ,497
nonspecific,3048601,1,ᚾᚩᚾᛋᛈᛖᚳᛁᚠᛁᚳ,318
charismatic,3047795,1,ᚳᚻᚪᚱᛁᛋᛗᚪᛏᛁᚳ,499
refinements,3039490,1,ᚱᛖᚠᛁᚾᛖᛗᛖᚾᛏᛋ,486
switchboard,3034585,1,ᛋᚹᛁᛏᚳᚻᛒᚩᚪᚱᛞ,463
determinate,3031760,1,ᛞᛖᛏᛖᚱᛗᛁᚾᚪᛏᛖ,647
speculators,3029941,1,ᛋᛈᛖᚳᚢᛚᚪᛏᚩᚱᛋ,479
approximating,3025202,1,ᚪᛈᛈᚱᚩᛉᛁᛗᚪᛏᛝ,585
disgraceful,3021006,1,ᛞᛁᛋᚷᚱᚪᚳᛖᚠᚢᛚ,456
intertwined,3018512,1,ᛁᚾᛏᛖᚱᛏᚹᛁᚾᛖᛞ,491
codification,3009236,1,ᚳᚩᛞᛁᚠᛁᚳᚪᛏᛡᚾ,478
prohibitive,3008709,1,ᛈᚱᚩᚻᛁᛒᛁᛏᛁᚢᛖ,367
thermometers,3008105,1,ᚦᛖᚱᛗᚩᛗᛖᛏᛖᚱᛋ,489
hypothalamus,3004322,1,ᚻᚣᛈᚩᚦᚪᛚᚪᛗᚢᛋ,575
stakeholder,3003486,1,ᛋᛏᚪᚳᛖᚻᚩᛚᛞᛖᚱ,559
dynamically,3002339,1,ᛞᚣᚾᚪᛗᛁᚳᚪᛚᛚᚣ,779
consummated,3001637,1,ᚳᚩᚾᛋᚢᛗᛗᚪᛏᛖᛞ,559
conscription,2989989,1,ᚳᚩᚾᛋᚳᚱᛁᛈᛏᛡᚾ,395
peritonitis,2988630,1,ᛈᛖᚱᛁᛏᚩᚾᛁᛏᛁᛋ,421
supernatant,2976678,1,ᛋᚢᛈᛖᚱᚾᚪᛏᚪᚾᛏ,547
clandestine,2972486,1,ᚳᛚᚪᚾᛞᛖᛋᛏᛁᚾᛖ,607
minimization,2971121,1,ᛗᛁᚾᛁᛗᛁᛋᚪᛏᛡᚾ,609
chronically,2965574,1,ᚳᚻᚱᚩᚾᛁᚳᚪᛚᛚᚣ,473
festivities,2965298,1,ᚠᛖᛋᛏᛁᚢᛁᛏᛁᛖᛋ,456
curtailment,2964014,1,ᚳᚢᚱᛏᚪᛁᛚᛗᛖᚾᛏ,513
conservancy,2958626,1,ᚳᚩᚾᛋᛖᚱᚢᚪᚾᚳᚣ,425
chlorinated,2952220,1,ᚳᚻᛚᚩᚱᛁᚾᚪᛏᛖᛞ,499
incessantly,2952093,1,ᛁᚾᚳᛖᛋᛋᚪᚾᛏᛚᚣ,607
complements,2934831,1,ᚳᚩᛗᛈᛚᛖᛗᛖᚾᛏᛋ,553
nervousness,2924738,1,ᚾᛖᚱᚢᚩᚢᛋᚾᛖᛋᛋ,375
apocalyptic,2919249,1,ᚪᛈᚩᚳᚪᛚᚣᛈᛏᛁᚳ,579
nitrogenous,2914086,1,ᚾᛁᛏᚱᚩᚷᛖᚾᚩᚢᛋ,313
facilitation,2914059,1,ᚠᚪᚳᛁᛚᛁᛏᚪᛏᛡᚾ,598
adjudicated,2910251,1,ᚪᛞᛂᚢᛞᛁᚳᚪᛏᛖᛞ,671
contrivance,2902686,1,ᚳᚩᚾᛏᚱᛁᚢᚪᚾᚳᛖ,359
contaminant,2885642,1,ᚳᚩᚾᛏᚪᛗᛁᚾᚪᚾᛏ,521
tallahassee,2880962,1,ᛏᚪᛚᛚᚪᚻᚪᛋᛋᛖᛖ,759
neutralized,2861186,1,ᚾᛖᚢᛏᚱᚪᛚᛁᛋᛖᛞ,579
inoperative,2855791,1,ᛁᚾᚩᛈᛖᚱᚪᛏᛁᚢᛖ,445
fibroblasts,2847302,1,ᚠᛁᛒᚱᚩᛒᛚᚪᛋᛏᛋ,508
epinephrine,2844206,1,ᛖᛈᛁᚾᛖᛈᚻᚱᛁᚾᛖ,441
overcrowded,2837124,1,ᚩᚢᛖᚱᚳᚱᚩᚹᛞᛖᛞ,383
deformations,2834970,1,ᛞᛖᚠᚩᚱᛗᚪᛏᛡᚾᛋ,592
complacency,2834164,1,ᚳᚩᛗᛈᛚᚪᚳᛖᚾᚳᚣ,529
abstractions,2821982,1,ᚪᛒᛋᛏᚱᚪᚳᛏᛡᚾᛋ,639
condominium,2816868,1,ᚳᚩᚾᛞᚩᛗᛁᚾᛁᚢᛗ,381
polypeptide,2809394,1,ᛈᚩᛚᚣᛈᛖᛈᛏᛁᛞᛖ,625
consultancy,2806687,1,ᚳᚩᚾᛋᚢᛚᛏᚪᚾᚳᚣ,479
liquefaction,2806640,1,ᛚᛁᚳᚹᛖᚠᚪᚳᛏᛡᚾ,510
refrigerating,2806103,1,ᚱᛖᚠᚱᛁᚷᛖᚱᚪᛏᛝ,452
parishioners,2805288,1,ᛈᚪᚱᛁᛋᚻᛡᚾᛖᚱᛋ,525
ambiguities,2797760,1,ᚪᛗᛒᛁᚷᚢᛁᛏᛁᛖᛋ,521
deuteronomy,2778514,1,ᛞᛖᚢᛏᛖᚱᚩᚾᚩᛗᚣ,513
menstruation,2776583,1,ᛗᛖᚾᛋᛏᚱᚢᚪᛏᛡᚾ,585
adulteration,2773278,1,ᚪᛞᚢᛚᛏᛖᚱᚪᛏᛡᚾ,691
hemorrhagic,2764645,1,ᚻᛖᛗᚩᚱᚱᚻᚪᚷᛁᚳ,371
schoolhouse,2758335,1,ᛋᚳᚻᚩᚩᛚᚻᚩᚢᛋᛖ,329
presumptive,2751824,1,ᛈᚱᛖᛋᚢᛗᛈᛏᛁᚢᛖ,451
transmittal,2748992,1,ᛏᚱᚪᚾᛋᛗᛁᛏᛏᚪᛚ,639
scarborough,2745791,1,ᛋᚳᚪᚱᛒᚩᚱᚩᚢᚷᚻ,303
osteoporosis,2745162,1,ᚩᛋᛏᛇᛈᚩᚱᚩᛋᛁᛋ,365
worshippers,2738214,1,ᚹᚩᚱᛋᚻᛁᛈᛈᛖᚱᛋ,361
negligently,2737837,1,ᚾᛖᚷᛚᛁᚷᛖᚾᛏᛚᚣ,565
mechanistic,2735631,1,ᛗᛖᚳᚻᚪᚾᛁᛋᛏᛁᚳ,487
forfeitures,2733634,1,ᚠᚩᚱᚠᛖᛁᛏᚢᚱᛖᛋ,313
discredited,2727415,1,ᛞᛁᛋᚳᚱᛖᛞᛁᛏᛖᛞ,599
transducers,2719107,1,ᛏᚱᚪᚾᛋᛞᚢᚳᛖᚱᛋ,485
consciences,2717261,1,ᚳᚩᚾᛋᚳᛁᛖᚾᚳᛖᛋ,375
considerate,2704853,1,ᚳᚩᚾᛋᛁᛞᛖᚱᚪᛏᛖ,523
precipitating,2704692,1,ᛈᚱᛖᚳᛁᛈᛁᛏᚪᛏᛝ,533
contradicts,2703567,1,ᚳᚩᚾᛏᚱᚪᛞᛁᚳᛏᛋ,461
literatures,2698717,1,ᛚᛁᛏᛖᚱᚪᛏᚢᚱᛖᛋ,531
unhappiness,2695092,1,ᚢᚾᚻᚪᛈᛈᛁᚾᛖᛋᛋ,471
elaborately,2692880,1,ᛖᛚᚪᛒᚩᚱᚪᛏᛖᛚᚣ,715
adulterated,2691685,1,ᚪᛞᚢᛚᛏᛖᚱᚪᛏᛖᛞ,711
subservient,2682309,1,ᛋᚢᛒᛋᛖᚱᚢᛁᛖᚾᛏ,437
frantically,2681755,1,ᚠᚱᚪᚾᛏᛁᚳᚪᛚᛚᚣ,588
unobligated,2679529,1,ᚢᚾᚩᛒᛚᛁᚷᚪᛏᛖᛞ,533
thoroughness,2678802,1,ᚦᚩᚱᚩᚢᚷᚻᚾᛖᛋᛋ,275
exasperated,2676363,1,ᛖᛉᚪᛋᛈᛖᚱᚪᛏᛖᛞ,697
perpetuated,2674283,1,ᛈᛖᚱᛈᛖᛏᚢᚪᛏᛖᛞ,605
statistician,2664955,1,ᛋᛏᚪᛏᛁᛋᛏᛁᚳᛡᚾ,591
connotations,2662306,1,ᚳᚩᚾᚾᚩᛏᚪᛏᛡᚾᛋ,489
determinism,2660577,1,ᛞᛖᛏᛖᚱᛗᛁᚾᛁᛋᛗ,579
hemispheres,2658025,1,ᚻᛖᛗᛁᛋᛈᚻᛖᚱᛖᛋ,509
importations,2656934,1,ᛁᛗᛈᚩᚱᛏᚪᛏᛡᚾᛋ,567
geochemistry,2656617,1,ᚷᛇᚳᚻᛖᛗᛁᛋᛏᚱᚣ,489
hydrothermal,2655074,1,ᚻᚣᛞᚱᚩᚦᛖᚱᛗᚪᛚ,557
presumptions,2645038,1,ᛈᚱᛖᛋᚢᛗᛈᛏᛡᚾᛋ,539
exquisitely,2634577,1,ᛖᛉᚳᚹᛁᛋᛁᛏᛖᛚᚣ,563
receptacles,2634228,1,ᚱᛖᚳᛖᛈᛏᚪᚳᛚᛖᛋ,563
regenerated,2631359,1,ᚱᛖᚷᛖᚾᛖᚱᚪᛏᛖᛞ,581
inescapable,2620588,1,ᛁᚾᛖᛋᚳᚪᛈᚪᛒᛚᛖ,631
intractable,2618365,1,ᛁᚾᛏᚱᚪᚳᛏᚪᛒᛚᛖ,597
infertility,2615220,1,ᛁᚾᚠᛖᚱᛏᛁᛚᛁᛏᚣ,496
attentively,2612242,1,ᚪᛏᛏᛖᚾᛏᛁᚢᛖᛚᚣ,647
imaginations,2611822,1,ᛁᛗᚪᚷᛁᚾᚪᛏᛡᚾᛋ,621
kirkpatrick,2609277,1,ᚳᛁᚱᚳᛈᚪᛏᚱᛁᚳᚳ,335
playgrounds,2602914,1,ᛈᛚᚪᚣᚷᚱᚩᚢᚾᛞᛋ,525
dormitories,2600030,1,ᛞᚩᚱᛗᛁᛏᚩᚱᛁᛖᛋ,437
conjectures,2599414,1,ᚳᚩᚾᛂᛖᚳᛏᚢᚱᛖᛋ,359
frustrations,2595402,1,ᚠᚱᚢᛋᛏᚱᚪᛏᛡᚾᛋ,484
accountancy,2591269,1,ᚪᚳᚳᚩᚢᚾᛏᚪᚾᚳᚣ,463
counsellors,2587424,1,ᚳᚩᚢᚾᛋᛖᛚᛚᚩᚱᛋ,389
polystyrene,2578037,1,ᛈᚩᛚᚣᛋᛏᚣᚱᛖᚾᛖ,615
conservator,2577696,1,ᚳᚩᚾᛋᛖᚱᚢᚪᛏᚩᚱ,357
carbonaceous,2577058,1,ᚳᚪᚱᛒᚩᚾᚪᚳᛇᚢᛋ,425
michelangelo,2574581,1,ᛗᛁᚳᚻᛖᛚᚪᛝᛖᛚᚩ,601
navigational,2573753,1,ᚾᚪᚢᛁᚷᚪᛏᛡᚾᚪᛚ,639
presentment,2561037,1,ᛈᚱᛖᛋᛖᚾᛏᛗᛖᚾᛏ,555
indictments,2560274,1,ᛁᚾᛞᛁᚳᛏᛗᛖᚾᛏᛋ,531
accumulates,2551911,1,ᚪᚳᚳᚢᛗᚢᛚᚪᛏᛖᛋ,549
inducements,2551779,1,ᛁᚾᛞᚢᚳᛖᛗᛖᚾᛏᛋ,511
requisitions,2531340,1,ᚱᛖᚳᚹᛁᛋᛁᛏᛡᚾᛋ,473
imperatives,2529910,1,ᛁᛗᛈᛖᚱᚪᛏᛁᚢᛖᛋ,533
spontaneity,2529473,1,ᛋᛈᚩᚾᛏᚪᚾᛖᛁᛏᚣ,577
imperialists,2523394,1,ᛁᛗᛈᛖᚱᛡᛚᛁᛋᛏᛋ,599
imperfection,2517968,1,ᛁᛗᛈᛖᚱᚠᛖᚳᛏᛡᚾ,500
constricted,2516813,1,ᚳᚩᚾᛋᛏᚱᛁᚳᛏᛖᛞ,431
econometric,2515538,1,ᛖᚳᚩᚾᚩᛗᛖᛏᚱᛁᚳ,375
criminality,2512898,1,ᚳᚱᛁᛗᛁᚾᚪᛚᛁᛏᚣ,549
enrollments,2512217,1,ᛖᚾᚱᚩᛚᛚᛗᛖᚾᛏᛋ,539
detachments,2510555,1,ᛞᛖᛏᚪᚳᚻᛗᛖᚾᛏᛋ,627
substandard,2501784,1,ᛋᚢᛒᛋᛏᚪᚾᛞᚪᚱᛞ,641
thermocouple,2496044,1,ᚦᛖᚱᛗᚩᚳᚩᚢᛈᛚᛖ,367
celebrities,2490850,1,ᚳᛖᛚᛖᛒᚱᛁᛏᛁᛖᛋ,533
unconnected,2485799,1,ᚢᚾᚳᚩᚾᚾᛖᚳᛏᛖᛞ,405
unjustified,2480719,1,ᚢᚾᛂᚢᛋᛏᛁᚠᛁᛖᛞ,404
trusteeship,2478731,1,ᛏᚱᚢᛋᛏᛖᛖᛋᚻᛁᛈ,469
kierkegaard,2478260,1,ᚳᛁᛖᚱᚳᛖᚷᚪᚪᚱᛞ,513
mimeographed,2468630,1,ᛗᛁᛗᛇᚷᚱᚪᛈᚻᛖᛞ,561
restorative,2466432,1,ᚱᛖᛋᛏᚩᚱᚪᛏᛁᚢᛖ,465
expropriation,2462441,1,ᛖᛉᛈᚱᚩᛈᚱᛡᛏᛡᚾ,531
probationary,2458927,1,ᛈᚱᚩᛒᚪᛏᛡᚾᚪᚱᚣ,625
fibrillation,2458814,1,ᚠᛁᛒᚱᛁᛚᛚᚪᛏᛡᚾ,574
sequentially,2450304,1,ᛋᛖᚳᚹᛖᚾᛏᛡᛚᛚᚣ,663
necessitating,2449964,1,ᚾᛖᚳᛖᛋᛋᛁᛏᚪᛏᛝ,607
terminations,2448308,1,ᛏᛖᚱᛗᛁᚾᚪᛏᛡᚾᛋ,613
unsolicited,2442732,1,ᚢᚾᛋᚩᛚᛁᚳᛁᛏᛖᛞ,455
precipitous,2435763,1,ᛈᚱᛖᚳᛁᛈᛁᛏᚩᚢᛋ,361
philistines,2432537,1,ᛈᚻᛁᛚᛁᛋᛏᛁᚾᛖᛋ,493
inequitable,2430108,1,ᛁᚾᛖᚳᚹᛁᛏᚪᛒᛚᛖ,547
transplants,2428090,1,ᛏᚱᚪᚾᛋᛈᛚᚪᚾᛏᛋ,603
mendelssohn,2427419,1,ᛗᛖᚾᛞᛖᛚᛋᛋᚩᚻᚾ,561
intimidated,2411127,1,ᛁᚾᛏᛁᛗᛁᛞᚪᛏᛖᛞ,653
recollected,2409053,1,ᚱᛖᚳᚩᛚᛚᛖᚳᛏᛖᛞ,539
immobilized,2402584,1,ᛁᛗᛗᚩᛒᛁᛚᛁᛋᛖᛞ,585
paleontology,2401481,1,ᛈᚪᛚᛇᚾᛏᚩᛚᚩᚷᚣ,549
dilapidated,2398071,1,ᛞᛁᛚᚪᛈᛁᛞᚪᛏᛖᛞ,765
newsletters,2392932,1,ᚾᛖᚹᛋᛚᛖᛏᛏᛖᚱᛋ,557
permanganate,2385222,1,ᛈᛖᚱᛗᚪᛝᚪᚾᚪᛏᛖ,717
straightening,2372044,1,ᛋᛏᚱᚪᛁᚷᚻᛏᛖᚾᛝ,525
garnishment,2362454,1,ᚷᚪᚱᚾᛁᛋᚻᛗᛖᚾᛏ,487
mercenaries,2361120,1,ᛗᛖᚱᚳᛖᚾᚪᚱᛁᛖᛋ,517
subtropical,2360976,1,ᛋᚢᛒᛏᚱᚩᛈᛁᚳᚪᛚ,451
strenuously,2360582,1,ᛋᛏᚱᛖᚾᚢᚩᚢᛋᛚᚣ,461
overpayment,2358672,1,ᚩᚢᛖᚱᛈᚪᚣᛗᛖᚾᛏ,557
typewritten,2354834,1,ᛏᚣᛈᛖᚹᚱᛁᛏᛏᛖᚾ,547
disseminating,2353038,1,ᛞᛁᛋᛋᛖᛗᛁᚾᚪᛏᛝ,659
depredations,2350397,1,ᛞᛖᛈᚱᛖᛞᚪᛏᛡᚾᛋ,711
unsatisfied,2340337,1,ᚢᚾᛋᚪᛏᛁᛋᚠᛁᛖᛞ,514
hypothalamic,2338251,1,ᚻᚣᛈᚩᚦᚪᛚᚪᛗᛁᚳ,563
oscillatory,2331571,1,ᚩᛋᚳᛁᛚᛚᚪᛏᚩᚱᚣ,527
intercession,2326442,1,ᛁᚾᛏᛖᚱᚳᛖᛋᛋᛡᚾ,519
illustrator,2326354,1,ᛁᛚᛚᚢᛋᛏᚱᚪᛏᚩᚱ,477
inflammable,2324424,1,ᛁᚾᚠᛚᚪᛗᛗᚪᛒᛚᛖ,672
perpetrator,2324134,1,ᛈᛖᚱᛈᛖᛏᚱᚪᛏᚩᚱ,475
conciliatory,2315013,1,ᚳᚩᚾᚳᛁᛚᛡᛏᚩᚱᚣ,453
deformities,2312775,1,ᛞᛖᚠᚩᚱᛗᛁᛏᛁᛖᛋ,488
fortnightly,2309332,1,ᚠᚩᚱᛏᚾᛁᚷᚻᛏᛚᚣ,414
freeholders,2304905,1,ᚠᚱᛖᛖᚻᚩᛚᛞᛖᚱᛋ,470
unquestioned,2298337,1,ᚢᚾᚳᚹᛖᛋᛏᛡᚾᛖᛞ,535
perforations,2292379,1,ᛈᛖᚱᚠᚩᚱᚪᛏᛡᚾᛋ,486
lipoprotein,2288321,1,ᛚᛁᛈᚩᛈᚱᚩᛏᛖᛁᚾ,401
intersected,2286152,1,ᛁᚾᛏᛖᚱᛋᛖᚳᛏᛖᛞ,545
degenerated,2272490,1,ᛞᛖᚷᛖᚾᛖᚱᚪᛏᛖᛞ,659
handwritten,2271719,1,ᚻᚪᚾᛞᚹᚱᛁᛏᛏᛖᚾ,513
inestimable,2269832,1,ᛁᚾᛖᛋᛏᛁᛗᚪᛒᛚᛖ,639
calorimeter,2266738,1,ᚳᚪᛚᚩᚱᛁᛗᛖᛏᛖᚱ,507
absenteeism,2260858,1,ᚪᛒᛋᛖᚾᛏᛖᛖᛁᛋᛗ,655
distractions,2253484,1,ᛞᛁᛋᛏᚱᚪᚳᛏᛡᚾᛋ,601
pancreatitis,2252759,1,ᛈᚪᚾᚳᚱᛠᛏᛁᛏᛁᛋ,535
thoroughfare,2251669,1,ᚦᚩᚱᚩᚢᚷᚻᚠᚪᚱᛖ,250
testimonials,2250954,1,ᛏᛖᛋᛏᛁᛗᚩᚾᛡᛚᛋ,609
comprehending,2250577,1,ᚳᚩᛗᛈᚱᛖᚻᛖᚾᛞᛝ,499
genuineness,2248225,1,ᚷᛖᚾᚢᛁᚾᛖᚾᛖᛋᛋ,445
annihilated,2247784,1,ᚪᚾᚾᛁᚻᛁᛚᚪᛏᛖᛞ,625
unorganized,2247142,1,ᚢᚾᚩᚱᚷᚪᚾᛁᛋᛖᛞ,433
transplanting,2242130,1,ᛏᚱᚪᚾᛋᛈᛚᚪᚾᛏᛝ,629
discernment,2240287,1,ᛞᛁᛋᚳᛖᚱᚾᛗᛖᚾᛏ,519
infirmities,2238184,1,ᛁᚾᚠᛁᚱᛗᛁᛏᛁᛖᛋ,416
spermatozoa,2238004,1,ᛋᛈᛖᚱᛗᚪᛏᚩᛋᚩᚪ,565
bicentennial,2237108,1,ᛒᛁᚳᛖᚾᛏᛖᚾᚾᛡᛚ,565
foundational,2235267,1,ᚠᚩᚢᚾᛞᚪᛏᛡᚾᚪᛚ,592
indivisible,2224008,1,ᛁᚾᛞᛁᚢᛁᛋᛁᛒᛚᛖ,499
neoclassical,2219571,1,ᚾᛇᚳᛚᚪᛋᛋᛁᚳᚪᛚ,573
persecutions,2217995,1,ᛈᛖᚱᛋᛖᚳᚢᛏᛡᚾᛋ,505
scrutinized,2214310,1,ᛋᚳᚱᚢᛏᛁᚾᛁᛋᛖᛞ,439
republished,2211690,1,ᚱᛖᛈᚢᛒᛚᛁᛋᚻᛖᛞ,521
unsurpassed,2210862,1,ᚢᚾᛋᚢᚱᛈᚪᛋᛋᛖᛞ,501
subcontract,2205723,1,ᛋᚢᛒᚳᚩᚾᛏᚱᚪᚳᛏ,405
arithmetical,2204907,1,ᚪᚱᛁᚦᛗᛖᛏᛁᚳᚪᛚ,555
facilitator,2204278,1,ᚠᚪᚳᛁᛚᛁᛏᚪᛏᚩᚱ,480
pigmentation,2197591,1,ᛈᛁᚷᛗᛖᚾᛏᚪᛏᛡᚾ,609
identically,2195373,1,ᛁᛞᛖᚾᛏᛁᚳᚪᛚᛚᚣ,665
acceptances,2195162,1,ᚪᚳᚳᛖᛈᛏᚪᚾᚳᛖᛋ,551
hippocampus,2193743,1,ᚻᛁᛈᛈᚩᚳᚪᛗᛈᚢᛋ,427
motorcycles,2187244,1,ᛗᚩᛏᚩᚱᚳᚣᚳᛚᛖᛋ,477
constructor,2185542,1,ᚳᚩᚾᛋᛏᚱᚢᚳᛏᚩᚱ,265
unregulated,2179966,1,ᚢᚾᚱᛖᚷᚢᛚᚪᛏᛖᛞ,515
mysteriously,2179589,1,ᛗᚣᛋᛏᛖᚱᛡᚢᛋᛚᚣ,703
correlative,2175995,1,ᚳᚩᚱᚱᛖᛚᚪᛏᛁᚢᛖ,439
fertilisers,2173775,1,ᚠᛖᚱᛏᛁᛚᛁᛋᛖᚱᛋ,458
outnumbered,2170123,1,ᚩᚢᛏᚾᚢᛗᛒᛖᚱᛖᛞ,467
conformance,2161308,1,ᚳᚩᚾᚠᚩᚱᛗᚪᚾᚳᛖ,346
cauliflower,2158228,1,ᚳᚪᚢᛚᛁᚠᛚᚩᚹᛖᚱ,396
gallbladder,2158193,1,ᚷᚪᛚᛚᛒᛚᚪᛞᛞᛖᚱ,747
distasteful,2154215,1,ᛞᛁᛋᛏᚪᛋᛏᛖᚠᚢᛚ,586
uninteresting,2148139,1,ᚢᚾᛁᚾᛏᛖᚱᛖᛋᛏᛝ,487
depositional,2145413,1,ᛞᛖᛈᚩᛋᛁᛏᛡᚾᚪᛚ,655
iconography,2142058,1,ᛁᚳᚩᚾᚩᚷᚱᚪᛈᚻᚣ,381
sacramental,2140730,1,ᛋᚪᚳᚱᚪᛗᛖᚾᛏᚪᛚ,667
regrettable,2137483,1,ᚱᛖᚷᚱᛖᛏᛏᚪᛒᛚᛖ,589
battleships,2135099,1,ᛒᚪᛏᛏᛚᛖᛋᚻᛁᛈᛋ,619
homosexuals,2134076,1,ᚻᚩᛗᚩᛋᛖᛉᚢᚪᛚᛋ,501
emancipated,2133952,1,ᛖᛗᚪᚾᚳᛁᛈᚪᛏᛖᛞ,663
ferruginous,2131572,1,ᚠᛖᚱᚱᚢᚷᛁᚾᚩᚢᛋ,234
signatories,2131001,1,ᛋᛁᚷᚾᚪᛏᚩᚱᛁᛖᛋ,455
contestants,2125190,1,ᚳᚩᚾᛏᛖᛋᛏᚪᚾᛏᛋ,525
maximization,2124673,1,ᛗᚪᛉᛁᛗᛁᛋᚪᛏᛡᚾ,693
projectiles,2123991,1,ᛈᚱᚩᛂᛖᚳᛏᛁᛚᛖᛋ,461
centimetres,2123323,1,ᚳᛖᚾᛏᛁᛗᛖᛏᚱᛖᛋ,527
reassessment,2117713,1,ᚱᛠᛋᛋᛖᛋᛋᛗᛖᚾᛏ,625
confessional,2105289,1,ᚳᚩᚾᚠᛖᛋᛋᛡᚾᚪᛚ,530
bridgewater,2099781,1,ᛒᚱᛁᛞᚷᛖᚹᚪᛏᛖᚱ,529
foolishness,2099517,1,ᚠᚩᚩᛚᛁᛋᚻᚾᛖᛋᛋ,398
electrified,2099464,1,ᛖᛚᛖᚳᛏᚱᛁᚠᛁᛖᛞ,510
postmasters,2089999,1,ᛈᚩᛋᛏᛗᚪᛋᛏᛖᚱᛋ,573
truthfulness,2079173,1,ᛏᚱᚢᚦᚠᚢᛚᚾᛖᛋᛋ,358
collaborating,2068211,1,ᚳᚩᛚᛚᚪᛒᚩᚱᚪᛏᛝ,577
informatics,2066596,1,ᛁᚾᚠᚩᚱᛗᚪᛏᛁᚳᛋ,404
highlanders,2066499,1,ᚻᛁᚷᚻᛚᚪᚾᛞᛖᚱᛋ,513
lepidoptera,2065697,1,ᛚᛖᛈᛁᛞᚩᛈᛏᛖᚱᚪ,587
herzegovina,2059792,1,ᚻᛖᚱᛋᛖᚷᚩᚢᛁᚾᚪ,405
greenhouses,2058216,1,ᚷᚱᛖᛖᚾᚻᚩᚢᛋᛖᛋ,397
embellished,2057090,1,ᛖᛗᛒᛖᛚᛚᛁᛋᚻᛖᛞ,675
incineration,2055013,1,ᛁᚾᚳᛁᚾᛖᚱᚪᛏᛡᚾ,503
inalienable,2053067,1,ᛁᚾᚪᛚᛁᛖᚾᚪᛒᛚᛖ,655
zooplankton,2051186,1,ᛋᚩᚩᛈᛚᚪᚾᚳᛏᚩᚾ,417
thunderstorm,2049317,1,ᚦᚢᚾᛞᛖᚱᛋᛏᚩᚱᛗ,405
impropriety,2047296,1,ᛁᛗᛈᚱᚩᛈᚱᛁᛖᛏᚣ,477
precondition,2043352,1,ᛈᚱᛖᚳᚩᚾᛞᛁᛏᛡᚾ,485
receptionist,2043069,1,ᚱᛖᚳᛖᛈᛏᛡᚾᛁᛋᛏ,539
dignitaries,2042105,1,ᛞᛁᚷᚾᛁᛏᚪᚱᛁᛖᛋ,515
inquisitive,2041869,1,ᛁᚾᚳᚹᛁᛋᛁᛏᛁᚢᛖ,367
refrigerant,2041392,1,ᚱᛖᚠᚱᛁᚷᛖᚱᚪᚾᛏ,402
anastomosis,2039386,1,ᚪᚾᚪᛋᛏᚩᛗᚩᛋᛁᛋ,557
exemplifies,2037731,1,ᛖᛉᛖᛗᛈᛚᛁᚠᛁᛖᛋ,552
hypoglycemia,2036662,1,ᚻᚣᛈᚩᚷᛚᚣᚳᛖᛗᛡ,627
embankments,2036058,1,ᛖᛗᛒᚪᚾᚳᛗᛖᚾᛏᛋ,617
conjectured,2028427,1,ᚳᚩᚾᛂᛖᚳᛏᚢᚱᛖᛞ,395
capitulation,2026198,1,ᚳᚪᛈᛁᛏᚢᛚᚪᛏᛡᚾ,611
excellently,2025696,1,ᛖᛉᚳᛖᛚᛚᛖᚾᛏᛚᚣ,671
subjunctive,2024827,1,ᛋᚢᛒᛂᚢᚾᚳᛏᛁᚢᛖ,359
concordance,2023849,1,ᚳᚩᚾᚳᚩᚱᛞᚪᚾᚳᛖ,375
exclusionary,2022404,1,ᛖᛉᚳᛚᚢᛋᛡᚾᚪᚱᚣ,603
chlorination,2021467,1,ᚳᚻᛚᚩᚱᛁᚾᚪᛏᛡᚾ,479
percutaneous,2018855,1,ᛈᛖᚱᚳᚢᛏᚪᚾᛇᚢᛋ,419
neutrophils,2014796,1,ᚾᛖᚢᛏᚱᚩᛈᚻᛁᛚᛋ,399
transporter,2010761,1,ᛏᚱᚪᚾᛋᛈᚩᚱᛏᛖᚱ,447
benedictine,2008710,1,ᛒᛖᚾᛖᛞᛁᚳᛏᛁᚾᛖ,543
handicrafts,2007247,1,ᚻᚪᚾᛞᛁᚳᚱᚪᚠᛏᛋ,504
enchantment,2007171,1,ᛖᚾᚳᚻᚪᚾᛏᛗᛖᚾᛏ,543
salesperson,2006221,1,ᛋᚪᛚᛖᛋᛈᛖᚱᛋᚩᚾ,553
typewriters,2003504,1,ᛏᚣᛈᛖᚹᚱᛁᛏᛖᚱᛋ,523
contractile,2002549,1,ᚳᚩᚾᛏᚱᚪᚳᛏᛁᛚᛖ,459
secondarily,1998089,1,ᛋᛖᚳᚩᚾᛞᚪᚱᛁᛚᚣ,573
transduction,1998086,1,ᛏᚱᚪᚾᛋᛞᚢᚳᛏᛡᚾ,549
playwrights,1997132,1,ᛈᛚᚪᚣᚹᚱᛁᚷᚻᛏᛋ,529
infiltrated,1996114,1,ᛁᚾᚠᛁᛚᛏᚱᚪᛏᛖᛞ,548
underscored,1994544,1,ᚢᚾᛞᛖᚱᛋᚳᚩᚱᛖᛞ,439
quantization,1993212,1,ᚳᚹᚪᚾᛏᛁᛋᚪᛏᛡᚾ,593
aristocrats,1989185,1,ᚪᚱᛁᛋᛏᚩᚳᚱᚪᛏᛋ,491
carcinogens,1980026,1,ᚳᚪᚱᚳᛁᚾᚩᚷᛖᚾᛋ,367
interception,1975687,1,ᛁᚾᛏᛖᚱᚳᛖᛈᛏᛡᚾ,515
sanctuaries,1973830,1,ᛋᚪᚾᚳᛏᚢᚪᚱᛁᛖᛋ,513
potentiality,1973664,1,ᛈᚩᛏᛖᚾᛏᛡᛚᛁᛏᚣ,637
corroborate,1970774,1,ᚳᚩᚱᚱᚩᛒᚩᚱᚪᛏᛖ,351
synchrotron,1970297,1,ᛋᚣᚾᚳᚻᚱᚩᛏᚱᚩᚾ,345
deceleration,1970128,1,ᛞᛖᚳᛖᛚᛖᚱᚪᛏᛡᚾ,679
suspiciously,1968854,1,ᛋᚢᛋᛈᛁᚳᛡᚢᛋᛚᚣ,535
oppenheimer,1967484,1,ᚩᛈᛈᛖᚾᚻᛖᛁᛗᛖᚱ,459
acupuncture,1965305,1,ᚪᚳᚢᛈᚢᚾᚳᛏᚢᚱᛖ,341
inadvertent,1963619,1,ᛁᚾᚪᛞᚢᛖᚱᛏᛖᚾᛏ,541
oscillators,1963600,1,ᚩᛋᚳᛁᛚᛚᚪᛏᚩᚱᛋ,477
safeguarded,1959740,1,ᛋᚪᚠᛖᚷᚢᚪᚱᛞᛖᛞ,592
generalised,1955058,1,ᚷᛖᚾᛖᚱᚪᛚᛁᛋᛖᛞ,601
mindfulness,1950998,1,ᛗᛁᚾᛞᚠᚢᛚᚾᛖᛋᛋ,500
generational,1942276,1,ᚷᛖᚾᛖᚱᚪᛏᛡᚾᚪᛚ,653
misdemeanors,1940604,1,ᛗᛁᛋᛞᛖᛗᛠᚾᚩᚱᛋ,591
indignantly,1939782,1,ᛁᚾᛞᛁᚷᚾᚪᚾᛏᛚᚣ,587
perpetuation,1938566,1,ᛈᛖᚱᛈᛖᛏᚢᚪᛏᛡᚾ,585
accumulator,1938080,1,ᚪᚳᚳᚢᛗᚢᛚᚪᛏᚩᚱ,447
cholinergic,1934971,1,ᚳᚻᚩᛚᛁᚾᛖᚱᚷᛁᚳ,315
shopkeepers,1929906,1,ᛋᚻᚩᛈᚳᛖᛖᛈᛖᚱᛋ,447
telegraphed,1926047,1,ᛏᛖᛚᛖᚷᚱᚪᛈᚻᛖᛞ,613
nonmetallic,1926044,1,ᚾᚩᚾᛗᛖᛏᚪᛚᛚᛁᚳ,549
londonderry,1920370,1,ᛚᚩᚾᛞᚩᚾᛞᛖᚱᚱᚣ,515
observances,1919669,1,ᚩᛒᛋᛖᚱᚢᚪᚾᚳᛖᛋ,461
brownsville,1918444,1,ᛒᚱᚩᚹᚾᛋᚢᛁᛚᛚᛖ,427
microscopes,1910131,1,ᛗᛁᚳᚱᚩᛋᚳᚩᛈᛖᛋ,369
unavoidably,1908183,1,ᚢᚾᚪᚢᚩᛁᛞᚪᛒᛚᚣ,593
brandenburg,1907437,1,ᛒᚱᚪᚾᛞᛖᚾᛒᚢᚱᚷ,475
workstations,1901775,1,ᚹᚩᚱᚳᛋᛏᚪᛏᛡᚾᛋ,507
irrevocably,1900722,1,ᛁᚱᚱᛖᚢᚩᚳᚪᛒᛚᚣ,477
electricians,1896312,1,ᛖᛚᛖᚳᛏᚱᛁᚳᛡᚾᛋ,523
raspberries,1894557,1,ᚱᚪᛋᛈᛒᛖᚱᚱᛁᛖᛋ,505
predilection,1889923,1,ᛈᚱᛖᛞᛁᛚᛖᚳᛏᛡᚾ,589
photometric,1884449,1,ᛈᚻᚩᛏᚩᛗᛖᛏᚱᛁᚳ,391
standardize,1883439,1,ᛋᛏᚪᚾᛞᚪᚱᛞᛁᛋᛖ,675
vaporization,1880817,1,ᚢᚪᛈᚩᚱᛁᛋᚪᛏᛡᚾ,537
dermatology,1879522,1,ᛞᛖᚱᛗᚪᛏᚩᛚᚩᚷᚣ,601
superintend,1875915,1,ᛋᚢᛈᛖᚱᛁᚾᛏᛖᚾᛞ,481
synergistic,1875314,1,ᛋᚣᚾᛖᚱᚷᛁᛋᛏᛁᚳ,467
federalists,1874890,1,ᚠᛖᛞᛖᚱᚪᛚᛁᛋᛏᛋ,602
underscores,1870871,1,ᚢᚾᛞᛖᚱᛋᚳᚩᚱᛖᛋ,403
personified,1858797,1,ᛈᛖᚱᛋᚩᚾᛁᚠᛁᛖᛞ,430
uninhabited,1858248,1,ᚢᚾᛁᚾᚻᚪᛒᛁᛏᛖᛞ,519
malformation,1856184,1,ᛗᚪᛚᚠᚩᚱᛗᚪᛏᛡᚾ,624
omnipotence,1854489,1,ᚩᛗᚾᛁᛈᚩᛏᛖᚾᚳᛖ,423
manufactory,1853967,1,ᛗᚪᚾᚢᚠᚪᚳᛏᚩᚱᚣ,492
tournaments,1850311,1,ᛏᚩᚢᚱᚾᚪᛗᛖᚾᛏᛋ,485
photographing,1847217,1,ᛈᚻᚩᛏᚩᚷᚱᚪᛈᚻᛝ,409
overpowered,1844408,1,ᚩᚢᛖᚱᛈᚩᚹᛖᚱᛖᛞ,391
compilations,1839341,1,ᚳᚩᛗᛈᛁᛚᚪᛏᛡᚾᛋ,583
compensable,1839322,1,ᚳᚩᛗᛈᛖᚾᛋᚪᛒᛚᛖ,581
conjunctiva,1838986,1,ᚳᚩᚾᛂᚢᚾᚳᛏᛁᚢᚪ,321
pluralistic,1838396,1,ᛈᛚᚢᚱᚪᛚᛁᛋᛏᛁᚳ,487
serological,1837188,1,ᛋᛖᚱᚩᛚᚩᚷᛁᚳᚪᛚ,449
invalidated,1836114,1,ᛁᚾᚢᚪᛚᛁᛞᚪᛏᛖᛞ,665
intricacies,1831628,1,ᛁᚾᛏᚱᛁᚳᚪᚳᛁᛖᛋ,435
portraiture,1831409,1,ᛈᚩᚱᛏᚱᚪᛁᛏᚢᚱᛖ,399
grasshopper,1827740,1,ᚷᚱᚪᛋᛋᚻᚩᛈᛈᛖᚱ,425
benefactors,1827067,1,ᛒᛖᚾᛖᚠᚪᚳᛏᚩᚱᛋ,466
unchallenged,1825651,1,ᚢᚾᚳᚻᚪᛚᛚᛖᛝᛖᛞ,613
aerodynamics,1820534,1,ᚫᚱᚩᛞᚣᚾᚪᛗᛁᚳᛋ,605
authorisation,1818289,1,ᚪᚢᚦᚩᚱᛁᛋᚪᛏᛡᚾ,499
commemorating,1815835,1,ᚳᚩᛗᛗᛖᛗᚩᚱᚪᛏᛝ,553
predictably,1815365,1,ᛈᚱᛖᛞᛁᚳᛏᚪᛒᛚᚣ,647
preventable,1813644,1,ᛈᚱᛖᚢᛖᚾᛏᚪᛒᛚᛖ,577
praiseworthy,1813541,1,ᛈᚱᚪᛁᛋᛖᚹᚩᚱᚦᚣ,447
storekeeper,1813398,1,ᛋᛏᚩᚱᛖᚳᛖᛖᛈᛖᚱ,465
lithographic,1812937,1,ᛚᛁᚦᚩᚷᚱᚪᛈᚻᛁᚳ,351
centrifuged,1810225,1,ᚳᛖᚾᛏᚱᛁᚠᚢᚷᛖᛞ,388
musculature,1804207,1,ᛗᚢᛋᚳᚢᛚᚪᛏᚢᚱᛖ,453
undertakers,1802558,1,ᚢᚾᛞᛖᚱᛏᚪᚳᛖᚱᛋ,499
consumptive,1799358,1,ᚳᚩᚾᛋᚢᛗᛈᛏᛁᚢᛖ,379
tocqueville,1799188,1,ᛏᚩᚳᚳᚹᛖᚢᛁᛚᛚᛖ,425
geopolitical,1797770,1,ᚷᛇᛈᚩᛚᛁᛏᛁᚳᚪᛚ,485
materialized,1792992,1,ᛗᚪᛏᛖᚱᛡᛚᛁᛋᛖᛞ,725
interleukin,1789776,1,ᛁᚾᛏᛖᚱᛚᛖᚢᚳᛁᚾ,413
hemorrhages,1788308,1,ᚻᛖᛗᚩᚱᚱᚻᚪᚷᛖᛋ,447
insuperable,1787217,1,ᛁᚾᛋᚢᛈᛖᚱᚪᛒᛚᛖ,535
impertinent,1786272,1,ᛁᛗᛈᛖᚱᛏᛁᚾᛖᚾᛏ,497
systematics,1786146,1,ᛋᚣᛋᛏᛖᛗᚪᛏᛁᚳᛋ,659
resourceful,1778915,1,ᚱᛖᛋᚩᚢᚱᚳᛖᚠᚢᛚ,310
singularities,1770980,1,ᛋᛝᚢᛚᚪᚱᛁᛏᛁᛖᛋ,557
frankfurter,1770844,1,ᚠᚱᚪᚾᚳᚠᚢᚱᛏᛖᚱ,305
renegotiation,1769274,1,ᚱᛖᚾᛖᚷᚩᛏᛡᛏᛡᚾ,559
incinerator,1768454,1,ᛁᚾᚳᛁᚾᛖᚱᚪᛏᚩᚱ,385
manipulator,1768377,1,ᛗᚪᚾᛁᛈᚢᛚᚪᛏᚩᚱ,521
quicksilver,1766071,1,ᚳᚹᛁᚳᚳᛋᛁᛚᚢᛖᚱ,327
supplication,1765978,1,ᛋᚢᛈᛈᛚᛁᚳᚪᛏᛡᚾ,551
argillaceous,1764354,1,ᚪᚱᚷᛁᛚᛚᚪᚳᛇᚢᛋ,509
transylvania,1764271,1,ᛏᚱᚪᚾᛋᚣᛚᚢᚪᚾᛡ,661
infestations,1756157,1,ᛁᚾᚠᛖᛋᛏᚪᛏᛡᚾᛋ,586
longshoremen,1754089,1,ᛚᚩᛝᛋᚻᚩᚱᛖᛗᛖᚾ,487
unwholesome,1752351,1,ᚢᚾᚹᚻᚩᛚᛖᛋᚩᛗᛖ,419
pentecostal,1748179,1,ᛈᛖᚾᛏᛖᚳᚩᛋᛏᚪᛚ,567
internships,1745835,1,ᛁᚾᛏᛖᚱᚾᛋᚻᛁᛈᛋ,429
restructure,1737671,1,ᚱᛖᛋᛏᚱᚢᚳᛏᚢᚱᛖ,357
wilberforce,1736860,1,ᚹᛁᛚᛒᛖᚱᚠᚩᚱᚳᛖ,362
australasian,1736018,1,ᚪᚢᛋᛏᚱᚪᛚᚪᛋᛡᚾ,679
immeasurably,1731621,1,ᛁᛗᛗᛠᛋᚢᚱᚪᛒᛚᚣ,683
conformable,1730133,1,ᚳᚩᚾᚠᚩᚱᛗᚪᛒᛚᛖ,438
mineralized,1727731,1,ᛗᛁᚾᛖᚱᚪᛚᛁᛋᛖᛞ,619
amphetamine,1725536,1,ᚪᛗᛈᚻᛖᛏᚪᛗᛁᚾᛖ,655
abolitionist,1722019,1,ᚪᛒᚩᛚᛁᛏᛡᚾᛁᛋᛏ,607
registrants,1721894,1,ᚱᛖᚷᛁᛋᛏᚱᚪᚾᛏᛋ,487
immunologic,1719699,1,ᛁᛗᛗᚢᚾᚩᛚᚩᚷᛁᚳ,353
complicates,1716402,1,ᚳᚩᛗᛈᛚᛁᚳᚪᛏᛖᛋ,527
polyurethane,1711093,1,ᛈᚩᛚᚣᚢᚱᛖᚦᚪᚾᛖ,505
confucianism,1708854,1,ᚳᚩᚾᚠᚢᚳᛡᚾᛁᛋᛗ,358
microphones,1708468,1,ᛗᛁᚳᚱᚩᛈᚻᚩᚾᛖᛋ,355
mobilisation,1698854,1,ᛗᚩᛒᛁᛚᛁᛋᚪᛏᛡᚾ,619
tranquility,1698489,1,ᛏᚱᚪᚾᚳᚹᛁᛚᛁᛏᚣ,525
pathologists,1697574,1,ᛈᚪᚦᚩᛚᚩᚷᛁᛋᛏᛋ,445
commonsense,1697098,1,ᚳᚩᛗᛗᚩᚾᛋᛖᚾᛋᛖ,467
indomitable,1696484,1,ᛁᚾᛞᚩᛗᛁᛏᚪᛒᛚᛖ,615
hemodynamic,1692116,1,ᚻᛖᛗᚩᛞᚣᚾᚪᛗᛁᚳ,601
americanism,1691040,1,ᚪᛗᛖᚱᛁᚳᚪᚾᛁᛋᛗ,571
portability,1689270,1,ᛈᚩᚱᛏᚪᛒᛁᛚᛁᛏᚣ,575
centralised,1688884,1,ᚳᛖᚾᛏᚱᚪᛚᛁᛋᛖᛞ,589
evangelistic,1686734,1,ᛖᚢᚪᛝᛖᛚᛁᛋᛏᛁᚳ,573
prepositions,1685916,1,ᛈᚱᛖᛈᚩᛋᛁᛏᛡᚾᛋ,503
antioxidants,1685043,1,ᚪᚾᛏᛡᛉᛁᛞᚪᚾᛏᛋ,697
cartography,1683777,1,ᚳᚪᚱᛏᚩᚷᚱᚪᛈᚻᚣ,481
multipliers,1681216,1,ᛗᚢᛚᛏᛁᛈᛚᛁᛖᚱᛋ,515
interstices,1680307,1,ᛁᚾᛏᛖᚱᛋᛏᛁᚳᛖᛋ,473
lawlessness,1679089,1,ᛚᚪᚹᛚᛖᛋᛋᚾᛖᛋᛋ,637
shakespearean,1677992,1,ᛋᚻᚪᚳᛖᛋᛈᛠᚱᛠᚾ,607
machinations,1674439,1,ᛗᚪᚳᚻᛁᚾᚪᛏᛡᚾᛋ,609
incredulous,1673307,1,ᛁᚾᚳᚱᛖᛞᚢᛚᚩᚢᛋ,379
accomplices,1672994,1,ᚪᚳᚳᚩᛗᛈᛚᛁᚳᛖᛋ,481
immeasurable,1672788,1,ᛁᛗᛗᛠᛋᚢᚱᚪᛒᛚᛖ,647
surfactants,1670155,1,ᛋᚢᚱᚠᚪᚳᛏᚪᚾᛏᛋ,476
accelerates,1666638,1,ᚪᚳᚳᛖᛚᛖᚱᚪᛏᛖᛋ,617
penultimate,1666406,1,ᛈᛖᚾᚢᛚᛏᛁᛗᚪᛏᛖ,599
permutations,1658643,1,ᛈᛖᚱᛗᚢᛏᚪᛏᛡᚾᛋ,599
straightway,1657577,1,ᛋᛏᚱᚪᛁᚷᚻᛏᚹᚪᚣ,569
commissariat,1655670,1,ᚳᚩᛗᛗᛁᛋᛋᚪᚱᛡᛏ,573
monarchical,1650956,1,ᛗᚩᚾᚪᚱᚳᚻᛁᚳᚪᛚ,465
gerontology,1648523,1,ᚷᛖᚱᚩᚾᛏᚩᛚᚩᚷᚣ,397
cohabitation,1646250,1,ᚳᚩᚻᚪᛒᛁᛏᚪᛏᛡᚾ,583
diffusivity,1644066,1,ᛞᛁᚠᚠᚢᛋᛁᚢᛁᛏᚣ,407
disconcerting,1641645,1,ᛞᛁᛋᚳᚩᚾᚳᛖᚱᛏᛝ,451
delimitation,1637238,1,ᛞᛖᛚᛁᛗᛁᛏᚪᛏᛡᚾ,713
holographic,1636034,1,ᚻᚩᛚᚩᚷᚱᚪᛈᚻᛁᚳ,345
reestablish,1631658,1,ᚱᛖᛖᛋᛏᚪᛒᛚᛁᛋᚻ,595
absurdities,1630438,1,ᚪᛒᛋᚢᚱᛞᛁᛏᛁᛖᛋ,555
unfulfilled,1629362,1,ᚢᚾᚠᚢᛚᚠᛁᛚᛚᛖᛞ,445
insemination,1627022,1,ᛁᚾᛋᛖᛗᛁᚾᚪᛏᛡᚾ,603
pharmacopoeia,1626603,1,ᛈᚻᚪᚱᛗᚪᚳᚩᛈᛟᛡ,595
resurrected,1624735,1,ᚱᛖᛋᚢᚱᚱᛖᚳᛏᛖᛞ,451
hydrophilic,1621838,1,ᚻᚣᛞᚱᚩᛈᚻᛁᛚᛁᚳ,447
lamentations,1615465,1,ᛚᚪᛗᛖᚾᛏᚪᛏᛡᚾᛋ,741
exasperation,1610322,1,ᛖᛉᚪᛋᛈᛖᚱᚪᛏᛡᚾ,677
masturbation,1606713,1,ᛗᚪᛋᛏᚢᚱᛒᚪᛏᛡᚾ,647
superlative,1605740,1,ᛋᚢᛈᛖᚱᛚᚪᛏᛁᚢᛖ,507
impregnable,1602837,1,ᛁᛗᛈᚱᛖᚷᚾᚪᛒᛚᛖ,567
impregnation,1600495,1,ᛁᛗᛈᚱᛖᚷᚾᚪᛏᛡᚾ,561
bakersfield,1600183,1,ᛒᚪᚳᛖᚱᛋᚠᛁᛖᛚᛞ,564
reorientation,1599159,1,ᚱᛇᚱᛁᛖᚾᛏᚪᛏᛡᚾ,541
managements,1595425,1,ᛗᚪᚾᚪᚷᛖᛗᛖᚾᛏᛋ,657